SMILES,label
C[C@@H](c1ccc(Cl)cc1)N(C)C(=O)N[C@H]1CCNC12CCC2,321.160790068
Cc1cc[nH]c1C(=O)N(C)[C@H]1CCCN(CC[C@H](C)F)CC1,309.221640736
CC(=O)N[C@H]1CC[C@@H](CNC(=O)c2cccc(C)c2C)C1,288.183778008
O=C1NCC[C@H]1C(=O)N1CC[C@H](NCC(=O)N2CCC2)C1,294.16919056399996
CCc1nnsc1C(=O)NC[C@@H](O)CNCC(=O)N(C)C,315.13651053200005
Cc1n[nH]cc1C(=O)NCCN(C)C(=O)c1cnns1,294.089894688
Cc1cncc(NC(=O)c2ncc(Br)s2)c1,296.957144976
CC[C@H](C)C(=O)NC[C@]1(C)CCN(C(=O)c2ccc(C(C)C)cn2)C1,345.24162723200004
Cc1ccc(NC(=O)[C@H]2CCCN(C(=O)[C@H](N)CC(N)=O)C2)nc1,333.180089596
CCOc1cc(NC(=O)C[C@H]2CCCOC2)ccc1OC,293.162708216
C[C@H](Oc1cccc(F)c1)C(=O)[C@@H](C#N)C(=O)NC1CC1,290.10667056000005
N#CCN1CCn2ncc(CNC(=O)CNC(N)=O)c2C1,291.144372784
CCn1nc(C)c(C(=O)NCCN(C)Cc2nnnn2C)c1C,320.207307388
CC(C)N1CCOC[C@@H]1c1n[nH]c(CNC(=O)CNC(N)=O)n1,325.18623759600007
C=CCOCCNC(=O)N1CCC(c2ccc(C#N)cc2)CC1,313.179026976
C=CCN1C(=O)C(=O)N(CC(=O)NC[C@@]2(O)CCSC2)C1=O,327.088891644
CNC(=O)C1CN(C(=O)[C@@H]2CCS(=O)(=O)C2)C1,260.083077992
Cc1n[nH]cc1C(=O)N(C)C1CCN(C(=O)CS(C)(=O)=O)CC1,342.1361761839999
CN1CCN(C(=O)CCNC(=O)NCCN2CC[C@H](O)C2)CC1,327.227039788
CC(=O)NCC(=O)N1CC(O)(CNC(=O)[C@@H]2CCN(C(C)=O)C2)C1,340.17466986799997
O=C(c1nc[nH]n1)N1CCC[C@H]2CN(c3ncccn3)C[C@H]21,299.149458164
COC(=O)C1=C(C)O[C@@H](CN2CCN(C(=O)c3ccccn3)CC2)C1,345.16885621600005
C[C@@H](CO)CCCNC(=O)Cn1c(=O)n(C)c2ccccc21,305.173941596
O=C(c1nc[nH]n1)N1CC[C@@H](CNc2cnc3ccc(F)cc3n2)C1,341.140036352
CC[C@@H]1CC[C@@H](C(=O)NC[C@H](CC(C)C)N(C)C)O1,270.2307282
COC[C@H](O)CN(C)CCNC(=O)C[C@@H]1COC(=O)C1,288.16852186799997
CCN(CC)C[C@H](O)CN[C@H]1CCN(Cc2cccc(F)c2)C1,323.2372908
C[C@@H]1CCC[C@]1(C)C(=O)N1C[C@@H]2CC[C@H](C1)N2CC1CC1,290.23581357999996
CC[C@@H]1[C@@H](NC(=O)c2csc(C3CC3)n2)CCN1CC1CCC1,333.187483484
CC(C)CNC(=O)[C@H](C)OC(=O)[C@H](c1ccccc1)N(C)C,306.194342692
Cc1c(C#N)c(NC[C@@H](c2ccco2)N(C)C)nc2ccccc12,320.16371126
Cc1nn(C)c(F)c1C(=O)N1C[C@H](NC(=O)C2CCC2)C[C@@H]1C,322.180504196
CCC(=O)C(C)(C)CN1C[C@@H]2CN(Cc3cccnc3)C[C@H]2C1,315.231062548
CC(C)(C)OC[C@H](N)CC(=O)NCCC(=O)Nc1ccc(F)cc1,339.195819912
NC(=O)[C@@H]1CCCN(C(=O)C[S@@](=O)c2cc(Cl)ccc2F)C1,346.055419272
CN(C(=O)Cn1cccc(C(=O)O)c1=O)[C@@H]1COC[C@H]1O,296.10083623199995
CNC(=O)NCC(=O)N1C[C@@H](NC(=O)c2cnc3n2CCC3)[C@H](C)C1,348.190988628
C[C@H](CNc1nccn2nnnc12)NC(=O)[C@H]1CCCC2(CC2)C1,329.196408356
COc1cc(CC(=O)N2CCCC[C@H]2[C@@H]2CCCN2)ccc1O,318.19434269199996
COCC(=O)N(C)[C@H]1CCCN(C(=O)CCC2(C)CC2)CC1,310.22564282
CCN(C(=O)c1nonc1C)[C@H]1CCN(C(=O)[C@@H](C)c2ccco2)C1,346.16410518399994
CCCc1cc(C(=O)N2C[C@H](O)[C@H](NC(=O)c3cn[nH]c3)C2)no1,333.14370408800005
O=C(CN1CCOCC1)NCCCNC[C@@H](O)CC(F)(F)F,327.176976288
O=C(Cc1ccc2c(c1)CCO2)N1CC[C@@H]2CCCC[C@H]2C1,299.18852904000005
CCN(C[C@@H](C)OC)S(=O)(=O)c1cc(C)cc([N+](=O)[O-])c1C,330.12494280399994
Cc1cc(C(=O)N(C)C2CC(NC(=O)CC3(O)CCC3)C2)cc(C)n1,345.2052417240001
C[C@H](C(N)=O)N(C)[C@@H]1CCCN(C(=O)CN2CCOCC2=O)C1,326.19540531199993
O=C(CN1CCOCC1)NC[C@H]1CC[C@@H](NC(=O)c2cncnc2)C1,347.1957396600001
CN(CC1CCCC1)C(=O)C1(n2cccn2)CCNCC1,290.210661452
CC(=O)NCC(=O)N1CC[C@](C)(NC(=O)c2c(C)nn(C)c2C)C1,335.19573966
Cc1cc(C)n([C@H](C)C(=O)N2CCC[C@H]2CNCc2ocnc2C)n1,345.21647510400004
Cc1ccc(C)c(C(=O)NCC[C@@H]2CCN(CC[C@H]3CCOC3)C2)c1,344.24637826399993
CCO[C@@H](C)C(=O)N[C@H]1C[C@H](NC(=O)[C@H](C)CSC)C1,302.166413692
C[C@H](C(N)=O)N1C[C@H](O)[C@H](NC(=O)C#CC2CC2)C1,265.142641468
O=C(OCc1cncc(F)c1)c1ccc2c(c1)CCO2,273.080121464
CC[C@H](F)C(=O)NCCCNCc1ccc(C#N)cc1F,295.149618668
Cc1nnc([C@H](C)N2CCC3(CN(C(=O)[C@@H]4CC4(F)F)C3)C2)s1,342.13258870000004
C=CCN1CCC(NC(=O)/C=C\c2ccc(S(N)(=O)=O)cc2)CC1,349.146012596
Cc1noc(CN(C)C(=O)N[C@@H](C)c2cccs2)n1,280.099396752
COc1csc(C(=O)N2CC[C@@H]([C@H](C)NCCCF)C2)c1,314.14642719600005
CC[C@@H]1C[C@H]1C(=O)NC[C@H]1CN(CCCc2ccccc2C)CCO1,344.24637826399993
CNC(=O)NCC(=O)NCC[C@@H](C)NCc1cnn(C)n1,297.19132297600004
CC1(C)[C@H]2CC[C@@]1(C(=O)NCc1ccoc1)C(=O)C2,261.136493468
CC(C)n1cc2c(n1)[C@H](NC(=O)NCC[C@H](C)CCO)CCC2,322.2368762
NS(=O)(=O)c1cc(C(=O)NC[C@@H]2CCCN2)co1,273.07832696
CC[C@H](NC(=O)N[C@H]1CC[C@@H](CO)C1)[C@H]1CC1(C)C,268.215078136
O=C(Cc1cccc(F)c1F)NC1CC2(CC(NCCC3CC3)C2)C1,348.20131989199996
CNC(=O)CN1CC[C@H]([C@H]2CCCN(C(=O)C(N)=O)C2)C1,296.18484062799996
Cc1cccc([C@@H]2CCCN2S(=O)(=O)C2CCCC2)c1,293.144949976
O=C(CN[C@@H]1CCCN(C(=O)C[C@H]2COC(=O)C2)C1)NC1CC1,323.18450628000005
COCCCCCN1CCN(C(=O)[C@H]2[C@H]3c4ccccc4C[C@H]32)CC1,342.2307282
COC(=O)[C@@H]1CN(C(=O)C(=O)N2CCN[C@H](C)C2)CCO1,299.148120772
Cc1c(F)cccc1NC(=O)NCCC(=O)NC(C)C,281.15395509999996
CCc1oc(CNC[C@@](C)(CO)c2ccccc2)cc1C(=O)OC,331.17835828
Cc1ncoc1CNC(=O)Nc1cccc(Cl)c1,265.061804304
CN(Cc1nc(O)n[nH]1)C[C@H]1CCN(C(=O)[C@@H]2CC23CC3)C1,305.18517497600004
CC(C)C[C@@H](C)CC(=O)N[C@H]1CCOC(C)(C)C1,255.219829168
COc1cccc(CNC[C@@H](C)NC(=O)c2n[nH]cc2C)c1C,316.189926008
CC(C)=C(C)CC(=O)N1C[C@H](C)[C@H](CNC(=O)C(N)=O)C1,295.18959166
N#CC[C@H](CC(=O)N(C[C@@H]1CCOC1)C1CC1)c1ccccc1,312.183778008
CC(C)c1noc(Cc2ccc(NC(=O)[C@@H]3CCCNC3=O)cc2)n1,342.16919056399996
O=C(NC[C@H](F)C(=O)O)N[C@@H]1CCc2cc(F)c(F)c(F)c21,320.078405124
COCc1cccc(-c2nc(N3CCOCC3)c3ccsc3n2)c1,341.1197978480001
CN1CCN(C(=O)C(=O)N[C@H]2CCNC2)CC1=O,254.137890436
CC(=O)N1CCN(C[C@@]2(C)C[C@@H]2c2ccccc2)[C@H](C)C1,286.20451345199996
COc1ccc(CC(=O)NCCNCC(N)=O)nc1,266.137890436
CC(C)Cc1noc(CN2C[C@H]3C(NC(=O)[C@H](C)C#N)[C@@H]3C2)n1,317.18517497600004
CC(C)(C)OC(=O)N[C@H]1CCN(C(=O)c2ccc(O)cc2F)C1,324.148535372
CCn1ccc(CNC(=O)N2CCOCCN2)n1,253.153874848
C#CCN1CCO[C@@](C)(CNC(=O)c2sccc2COC)C1,322.135113564
CC[C@@H](C)Oc1cc(-c2noc(CCOCCOC)n2)ccn1,321.16885621600005
CCn1c(C)nnc1CNC[C@H]1[C@@H](C)CCCN1C(=O)c1ccco1,345.216475104
Cc1oncc1CN1CC[C@H]2CN(C(=O)c3ccccc3)CC[C@@H]21,325.179026976
C[C@H](NC(=O)c1coc(C(N)=O)c1)C(=O)OC(C)(C)C,282.121571676
C[C@H]1C[C@@H](CN2CC(NC(=O)c3ccc4nnn(C)c4c3)C2)CCO1,343.20082504
C[C@@H]1CCCN(Cc2nnc3n2CCCCC3)[C@H]1CCO,292.22631151599995
COCCN1CCC2(CC1)CN(C(=O)CC(C)(C)O)C[C@@H](C)O2,328.236207504
CO[C@H](CN)C(=O)N[C@H](CCC(C)C)c1ccc(Cl)cc1,312.16045572
CCn1nncc1CNC(=O)c1ccccc1-n1ccc(C2CC2)n1,336.16985926
CCC[C@@H](C)NC(=O)CN1CCCN(C(=O)Cn2nccc2C)CC1,349.24777523200004
CCCC(=O)NC[C@@H]1CN(C(=O)c2nnc(O)nc2O)C[C@H]1C,323.159354152
CCOC(=O)[C@H]1CCCN(CCCN2CCCCC2)C1,282.2307282
Cn1ncc(S(=O)(=O)NCC(=O)O)c1C(F)(F)F,287.018761396
COc1cc(CN2CCc3ccsc3C2)cc(OC)c1OC,319.124214532
CCO[C@H](C)c1noc(CN[C@H]2C[C@H](CNC(=O)c3ccoc3)C2)n1,348.179755248
CN(C)C(=O)CN1C[C@@H]2C[C@H](C1)CN2C(=O)[C@@H]1CN(C)C(=O)N1,323.19573966
CCCCNC(=O)[C@@H](C)N1CCN(C(=O)C2(CC(C)C)CC2)CC1,337.27292736
CCOc1ccc(-c2ccc(Cn3cncn3)cn2)cc1,280.132411132
CCOCC(=O)NC[C@@H](O)CN(C)C(=O)c1cnn[nH]1,285.14370408800005
O=C(Cc1cscn1)N1CCC[C@H]1CNCc1cccc(F)c1,333.13111147999996
N=c1ccc(C(=O)NCC[C@@H]2C[C@H]3C=C[C@H]2C3)c[nH]1,257.152812228
CCC(CC)CC(=O)NC[C@@H](NC(=O)c1conc1C)C1CC1,321.205241724
CC(C)C1CCC(NC(=O)NCCn2c(=O)oc3ccccc32)CC1,345.205241724
Cc1ccc(-c2ccn3cnc(C4CNC4)c3c2)c(C)n1,278.153146576
Cc1c[nH]nc1C(=O)N(Cc1ccccc1)[C@@H](C)C(=O)O,287.126991404
C=C(C)CN[C@H]1CCN(C(=O)CC(N)=O)C[C@@H]1CC,267.19467704
C=C[C@H](CC)CC(=O)NC[C@H]1CCC2(CN(C(=O)/C=C\C3CC3)C2)O1,346.22564281999996
COCCCC(=O)N1CC[C@H](C)[C@@H](CNc2ncc(F)cn2)C1,324.19615426
CCc1nc[nH]c1C(=O)N1CC[C@@H]2CCN(CCOC3CCC3)[C@@H]2C1,346.2368762
Cc1ccc(F)cc1S(=O)(=O)N[C@H]1CCO[C@H](CC(C)C)C1,329.14609284799997
CC(C(=O)N1CC(NC(=O)c2cc[nH]c2C2CC2)C1)=C1CCCC1,327.19467704
CC(C)CCN1C[C@@]2(C)CN(C(=O)C3CCC3)C[C@@]2(C)C1,292.25146364399995
CNS(=O)(=O)CCC(=O)OCc1nc(=O)n(C)[nH]1,278.068490548
CC[C@@H]1CCO[C@@H]1C(=O)NC[C@@H](CO)Nc1ccnc(C2CC2)n1,334.200490692
Cn1ccc(=O)c(C(=O)N2CC[C@@H](NC(=O)C[C@H]3COC(=O)C3)C2)c1,347.14812077199997
NC(=O)[C@@H]1CC[C@H](NCc2ccc(Br)cc2)C1,296.052425264
Cc1ccc(CN(C)C(=O)C(=O)NCCCN2CCCCC2)cc1C,345.241627232
C[C@H]1CN(C(=O)C(=O)N2CCN3CCOC[C@H]3C2)CCN1,296.184840628
CC[C@H]1CN(C)CCN1C(=O)Nc1c(C)ccc([N+](=O)[O-])c1C,320.18484062799996
O=C(CCn1cc(Cl)cn1)NC[C@H]1CCC2(CCC2)CO1,311.14005462399996
Cc1cc(C)cc(CN(C)C[C@H](C)NC(=O)COc2ccsc2)c1,346.171499072
Cc1ccc([C@H](C)NCCS(=O)(=O)N2CCCC2)c(C)n1,311.1667480400001
Cc1conc1C(=O)NCCc1cc(Cl)c2c(c1)OCCO2,322.07203463999997
CCC[C@H](C)C(=O)N[C@H]1CCN(C(=O)c2cc(C(N)=O)c[nH]2)C1,320.184840628
CC(=O)N[C@H](C)C(=O)N1C[C@@H]2CC[C@H](C1)N2C(=O)c1coc(C)c1,333.168856216
C[C@H](CCN[C@@H]1CCc2ccc(F)cc21)NC(=O)c1cnns1,334.12636044800007
Cn1ccc(C(=O)N2C[C@@H](O)[C@@H](CNC(=O)CCn3cnnn3)C2)n1,348.16583650000007
COCc1nn(C)cc1C(=O)N(C)C[C@H](O)CO,257.137556088
O=C(NCC1=CCCCC1)c1cccc(Cn2cccn2)c1,295.168462292
C=CCN1C[C@@]2(CCN(C[C@H]3CCCO3)C2)OCC1=O,280.178692628
O=C(N[C@@H]1CN(C(=O)c2cnsn2)C[C@H]1O)c1cncnc1,320.06915924400005
Cc1coc(C)c1C(=O)NC[C@H]1C[C@@H](NCC(C)C)C1,278.199428072
CC[C@H](C[C@H](C)CO)NCc1cc(C)c(C)cc1O,265.204179104
C[C@@H](O)CN[C@H](C)CCNC(=O)c1ccccc1,250.168127944
CC[C@@H](C)Oc1ccc(C(=O)NCc2ccnc(OC)c2)cc1,314.163042564
COc1cncc(NC(=O)NC2(CO)CCOCC2)n1,282.132805056
CC(=O)N1CC(C)(C)CC[C@@H]1CNC(=O)c1ccnc2c1ncn2C,343.20082504000004
COCCn1cc(NC(=O)CC2CCC(=O)CC2)cn1,279.158291532
Cn1nnc2c(C(=O)N[C@@H]3CC(=O)N(C4CNC4)C3)ccnc21,315.14437278400004
COC(=O)[C@@H]1CN(C)CCN1Cc1cccc(Cl)c1F,300.104083716
CC(C)N1CC2(CCN(Cc3cccc(F)c3)CC2)CC1=O,304.19509164
COC(=O)[C@@H]1C[C@@H](NC2(C#N)CCOCC2)CN1,253.142641468
CC[C@H]1C[C@@H](C(=O)N2CC(NC(=O)c3nnn(C)n3)C2)CC(=O)N1,335.170587532
NCC(=O)N[C@@H]1[C@H]2COC[C@@H]1CN(C(=O)c1cc3ncccn3n1)C2,344.1596885
CC[C@H](C(=O)N1Cc2ccccc2N(C)C[C@@H]1CC)[C@H](C)O,304.21507813599993
CN(C(=O)c1ccn(C)n1)C1CN(C(=O)Cn2nccn2)C1,303.14437278400004
COC(=O)CCCN1CCC(NC2CC3(CCC3)C2)CC1,294.2307282
Cc1nonc1C(=O)NC[C@H]1CN(C(=O)[C@@H]2CNC(=O)N2)CCO1,338.13386767599997
CO[C@@H]1CCCC[C@H]1NC(=O)Cc1ccc([S@](C)=O)cc1,309.139864596
CCc1nocc1CN(C)C[C@@H]1CCCN1C(=O)[C@@H]1C[C@H]1C1CC1,331.225977168
NC(=O)c1cccc(CSCC(=O)NCCCC2CCCCC2)c1,348.187149136
Cn1nncc1CN1C[C@@H](O)[C@@H](CNC(=O)c2nc[nH]n2)C1,306.15527181600004
CC[C@@H](CN1CCC[C@]2(CCN(C(=O)C(N)=O)C2)C1)OC,297.205241724
COC(=O)[C@@H]1C[C@H](O)CN1C[C@H](O)Cn1cccn1,269.137556088
Cc1ccnc(NCCN2C[C@@H](C)OC[C@H]2C)c1Cl,283.145140004
C[C@@H](CN(C)C(=O)c1cnn(C)n1)NCCC1CC1,265.190260356
C=CCCCN[C@@H](C)[C@H](C)NC(=O)c1cc2ccccc2n1C,313.215412484
COc1nc(C)ncc1C(=O)N[C@H]1CCN(C(=O)C(N)=O)[C@H]1C,321.143704088
Nc1nnc(CC(=O)NCCc2cccc(-c3ccccc3)c2)s1,338.12013219600004
CC(C)CC1(C(=O)N2CC[C@](O)(CNC(=O)C(N)=O)C2)CC1,311.18450628000005
Cc1ccc(C)c(C2=NO[C@@H](C(=O)NC3CC4(CO[C@@H](C)C4)C3)C2)c1,342.194342692
Cc1nn(C)cc1CC(=O)N1CC[C@H](NCC(=O)NC(N)=O)[C@@H]1C,336.190988628
CCO[C@@H]1CCCN(C(=O)NC[C@H]2CC[C@H](C)O2)C1,270.194342692
Cc1cc(C)nc(NC(=O)[C@H]2Cc3ccccc3S2)n1,285.09358310000005
CC1(C)COC(=O)[C@@H]1NC(=O)Nc1cc(Cl)c(F)c(Cl)c1,334.028725856
Cc1ccn(C[C@](C)(O)C(=O)N2CC([C@H](C)O)C2)c(=O)c1,294.157957184
COc1ccc([C@H](C)NC(=O)C[C@H](C)OC)cc1,251.152143532
CN1CCC[C@@H]1C(=O)NC[C@H]1C[C@@H](NC(=O)c2nnn(C)n2)C1,321.19132297600004
O=C(C1CC=CC1)N1CCC[C@@H](CNCc2nc(O)n[nH]2)C1,305.18517497600004
CC[C@H](NCCNC(=O)CCCN1C(=O)CNC1=O)C(N)=O,313.175004216
CO[C@H](C)CN1CCO[C@]2(CCN(C(=O)c3cccnn3)C2)C1,320.184840628
CCCN[C@H]1CCN(C(=O)c2ccc(CF)cc2)[C@@H](C)C1,292.19509164
C#C[C@H]1COCCN1C(=O)Nc1cc(C2CC2)ccn1,271.132076784
COCCN1C[C@@H](O)[C@@H](CNC(=O)c2ccc(C(N)=O)cn2)C1,322.164105184
CN(C[C@@H]1CCN1C[C@@H]1CCCCO1)C(=O)C1(C)CCCCC1,322.262028328
CC(=O)N[C@H]1[C@H]2C[C@H]1N(C(=O)CCn1cc[nH]c(=O)c1=O)C2,306.13280505599994
CC(C)CC(=O)N(C)CCN(C)Cc1ccc2c(c1)CCC2,302.23581357999996
Cc1cccc(OCC(=O)N[C@H](C)CNC(=O)CC2CCCC2)c1,332.209992756
CC[C@@H](C)c1nnc(N2CCC[C@@H](C(=O)NC)C2)n1CC(C)(C)O,337.247775232
C=CCC1(C(=O)NC[C@H]2CN(C(=O)[C@H]3CC34CCC4)CCO2)CCC1,346.22564281999996
CCS(=O)(=O)NCC(=O)N[C@H](C)c1cc(F)ccc1OC,318.104956308
CCc1cc(C(=O)N2C[C@@H]3CCN(C(=O)[C@@H]4CNC(=O)N4)[C@@H]3C2)n[nH]1,346.17533856400007
COc1ccc(C(=O)NC[C@H]2CCN(C(=O)CC3CCCC3)C2)cc1,344.209992756
CNC(=O)C1CCN(C(=O)Cc2ccccc2OC(C)C)CC1,318.194342692
CN1C(=O)[C@@]2(CCN(Cc3nccn3C)C2)c2ccccc21,296.16371126
C#CCNCc1cccc(N2CC[C@@H](NC(=O)[C@H](OC)C3CC3)C2)n1,342.205576072
O=C(c1cccc(C(F)F)c1)N(CC(F)F)C1CC1,275.093326916
CCN(C)[C@H]1CCN(C(=O)CCN2CCCC2=O)C1,267.19467704
CCN(C(=O)c1ccc(C(F)(F)F)c(F)c1)C(C)(C)C(=O)O,321.09880622
CCC(C)(C)C(=O)N1C[C@H](C)[C@H](NC(=O)COC)C1,270.194342692
CCCNC(=O)CN1C[C@@H]2CCCN(C(=O)c3cn(C)nc3C)[C@@H]2C1,347.23212516800004
O=C(CNC(=O)[C@@H]1CCCN1)N[C@H]1CCc2cc(Cl)ccc21,321.12440456
Cc1nc(N(C)C)nc(N2CC[C@H](CNC(=O)C[C@H](C)C3CC3)C2)n1,346.24810958
COC(=O)[C@]1(F)CCN(C(=O)[C@@H]2CCC(=O)NC2)C1,272.117235244
Cc1cc(CN)nn1-c1ccc(=O)n(CC(F)(F)F)c1,286.10414569600005
CNC(=O)NCC(=O)NC[C@H](C)NC(=O)COc1ccc(C)cc1,336.179755248
CC(C)NC(=O)CN1CCN(C(=O)COCCN)CC1,286.20049069199996
Cc1c(CC(=O)N2CCN(C(=O)[C@H]3CN(C)C(=O)N3)CC2)cnn1C,348.190988628
CC[C@@](COC)(NC(=O)[C@@H](C)n1nnc(-c2ccccc2)n1)C(=O)O,347.159354152
CCc1nc(C(=O)NC2CN(C(=O)c3nccn4ccnc34)C2)co1,340.128388372
C=CCN(Cc1cccc(C#N)c1)Cc1ncc(CC)o1,281.152812228
Cc1cc(C(=O)NC[C@H]2CC[C@@H](NC(=O)[C@H]3CC3(C)C)C2)on1,319.18959166
CO[C@H](CNC(=O)NC[C@@H]1CC1(C)C)CC(C)C,256.215078136
NC(=O)c1cccc(C(=O)Nc2ccc3c(c2)CCC(=O)N3)c1,309.11134134
C[C@H](NC(=O)C(N)=O)[C@@H]1CCN(C(=O)c2n[nH]c3c2CCC3)C1,319.164439532
CC(C)CC(=O)N1CC(NC(=O)[C@H]2CCc3nnc(O)n3C2)C1,321.180089596
Cc1ccc(C(=O)N[C@H]2CCCN(C(=O)[C@H](C)c3ccsc3)C2)o1,346.135113564
CCN1CC[C@@H](NCCCNC(=O)C2CS(=O)(=O)C2)C1=O,317.140927216
C[C@H]1CCC[C@@H](C)CN1C(=O)N=c1nc(C(C)(C)C)[nH]s1,310.182732452
C#CCCCCCC(=O)N[C@H](C)C[C@H](C)NCc1ccc(CO)cc1,344.24637826399993
CN(CC(=O)N1CCC(NCC(N)=O)CC1)C(=O)C1CC1,296.18484062799996
CNC(=O)[C@@]1(C)CCN(C(=O)[C@@H]2CC(=O)N(CCOC)C2)C1,311.18450628000005
Cc1nc[nH]c1CC(=O)N1CCCN(Cc2ccn(C)n2)CC1,316.201159388
O=C(N[C@@H](CC(F)(F)F)C(=O)O)c1ccnc(O)c1,278.05144142800003
COC[C@@]1(C)CC(=O)N(CN(C)[C@H]2CCN(C)C2=O)C1,283.18959166
O=C(Cn1ncnn1)N1CC[C@@H](Nc2nccc(C(F)(F)F)n2)C1,342.11644169600004
COCCNC(=O)C1(NC(=O)Cn2cnc(-c3nn[nH]n3)n2)CC1,335.14543540400007
CN(C)c1ccnc(Cl)c1CN1CC[C@](O)(C(F)(F)F)C1,323.101224504
N#Cc1ccccc1CN1CCN[C@@]2(CCNC2)C1,256.16879664
CN(Cc1ccccc1O)C(=O)[C@H]1Cc2ccccc2CN1,296.15247788000005
CCN(CCNC(=O)CC(=O)NC)c1nc(O)c2cnn(C)c2n1,335.17058753200007
COc1cccc(C(=O)NCCN[C@@H](c2ccccc2)C(C)C)c1,326.199428072
CCC1(C(=O)OC[C@H]2CCN(C(=O)OC(C)(C)C)C2)CCC1,311.209658408
CC1(CC(=O)N[C@@H]2CN([C@H]3CCCNC3=O)C[C@H]2O)CCCCC1,337.236541852
CCCN(CCNC(=O)/C=C\c1ccco1)c1cncc(C#N)n1,325.15387484800004
Cc1nn(C(C)(C)C)cc1C(=O)N1CC[C@@H]2[C@@H]1[C@@H]2C(F)(F)F,315.15584692
C[C@@H]1[C@H](C(=O)N2CC(CNC(=O)[C@H]3C[C@H]3C(N)=O)C2)CCN1C,322.200490692
CO[C@H](C)C(=O)N1CCO[C@@H]2CN(CCOCCNC(C)=O)C[C@@H]21,343.210721028
COc1cc(CN2C[C@@H]3CCCN3C[C@@H]2C)cc(OC)c1,290.199428072
CCCC(=O)CN1C(=O)C(=O)N(Cc2ccccc2)C1=O,288.111006992
CC(=O)N(C)C[C@H]1CCN1C(=O)[C@H]1CCS(=O)(=O)N1,289.109627088
COC(=O)NCC(=O)N[C@@H]1CCCN(C(=O)[C@H]2CC23CC3)CC1,323.18450628000005
COCC(=O)N[C@H](C(=O)NCCn1cc(C(=O)OC)nn1)C(C)C,341.1699188360001
CCc1nc(CC(=O)NC2C[C@H](C)C[C@@H](C)C2)cs1,280.160934388
CCOC(=O)[C@]12C[C@H]1CCN2C(=O)[C@H]1CC[C@H](C(C)C)CC1,307.214743788
Cc1cc(C(=O)N2CC[C@@H](NC(=O)c3cc[nH]c3)C[C@@H]2C)nc(C)n1,341.18517497600004
CSC1CCN(c2ncnc3sc(C)cc23)CC1,279.086389544
O=C(OC[C@@H]1Cc2cc(F)ccc2O1)c1n[nH]c2c1CCCC2,316.12232062400005
CCOC(CSc1nnc(Cc2ccccc2)n1N)OCC,322.14634694399996
CSCC1(CC(=O)O[C@@H](C)C(=O)NCc2ccc(F)cc2)CC1,339.13044278399997
Cc1nonc1CNCCNC(=O)CO[C@@H](C)c1nccn1C,322.175338564
CS(=O)(=O)N1CCC(CC(=O)Nc2nnnn2C2CC2)CC1,328.1317595
CO[C@@H]1CN(CC(=O)N2CCC2)C[C@H]1NC(=O)[C@]1(C)CCC(=O)N1,338.195405312
CCOCC(=O)NC1(CNC(=O)[C@H]2C[C@H]2C(N)=O)CC1,283.15320615200005
COC(=O)c1ccccc1CCC(=O)N[C@@H](C#N)C(N)=O,289.10625596
CCN1C[C@H](C(=O)N(C)CCNC(=O)c2ccnn2C)CC1=O,321.180089596
Cc1ccn(C)c1C(=O)N1C[C@H](NC(=O)C(C)(C)C(C)(C)C)C[C@@H]1C,347.257277296
CCN(CC)C[C@H]1CCCC[C@@H]1NS(=O)(=O)c1ccc(C)o1,328.182063756
CC(C)CNC(=O)CN[C@@H]1CCCN(C(=O)C(=O)NCC(F)F)C1,348.19729713199996
NC(=O)NC(=O)CCCN[C@@H]1CCC(=O)N[C@H]1C1CC1,282.16919056399996
C[C@@H]1CN(C(=O)[C@@H]2CCCN2C(=O)CN)CCN1,254.174275944
Cc1ccc(C(=O)N2CCC[C@](C)(CNC(=O)C3(C)CCC3)C2)cn1,343.22597716800004
CCN1CCC[C@H](NC(=O)C(=O)NC[C@H](C)COC)C1=O,299.18450628
CN(C)c1ccc(C(=O)N2CCC[C@H](NC(=O)C(N)=O)CC2)nc1,333.180089596
CC(C)C[C@H](NC(=O)[C@]1(C)C[C@H](O)CN1)C(=O)OC(C)C,300.204907376
CCOC(=O)c1cc(C(=O)OCC(=O)N2CCCC2=O)[nH]c1C,322.116486296
CCCCN1CC2(C[C@@H](NC(=O)CC(=O)N(C)C)c3nccn32)C1,333.21647510400004
Cc1cc(CNC(=O)NC[C@@H](O)COCC(C)C)on1,285.16885621600005
COCCC(=O)N1CC[C@H]2[C@H]1CCCN2C(=O)c1cc(C)nn1C,334.2004906920001
CC[C@H](C)NC(=O)CCN[C@@H]1CCCOc2cc(C)c(C)cc21,318.2307282
CCCCCN[C@@H]1CCN(C(=O)CCc2cccs2)C1,294.176584452
Cc1cc(C)cc(OCC(=O)N[C@@H]2CCC[C@H]2CCO)c1,291.18344366
NC(=O)C1(C(=O)N2CC[C@H](NC(=O)[C@H]3CCCCO3)C2)CC1,309.16885621600005
COC(=O)[C@@H](c1ccc(F)cc1)N1CCC[C@](C)(C(=O)O)C1,309.13763634
CC(C)c1cc(C(=O)NCCC[S@@](C)=O)n[nH]1,257.119797848
CC(=O)NCC(=O)N1C[C@H](C)[C@H](NC(=O)CCN(C)C)C1,298.20049069199996
O=C(NC1CCN(CCCO)CC1)c1cnc2[nH]c(O)nc2c1,319.164439532
CC/C=C(\C)C(=O)N1CC(O)(CNC(=O)Cn2cc(Cl)cn2)C1,340.13021821200005
C[C@H]1C[C@@H](Nc2ccc3nnc(C4CC4)n3n2)CCO1,273.158960228
Cc1c[nH]c(C(=O)N2CC[C@@]3(CCN(C(=O)Cn4ncnn4)C3)C2)n1,344.1709218800001
Cc1ccc(S(=O)(=O)NN=C2CS[C@@H](C(C)C)C2)cc1,312.09661988
C=CCCN[C@@H]1CCN(C(=O)c2ccc3c(c2)NC(=O)CO3)C1,315.15829153199996
O=C(c1cccc2[nH]ccc12)N1CCC[C@@H](Nc2ncccn2)C1,321.15896022800007
COC[C@@H](Cc1ccccc1)N(C)C(=O)N[C@@H]1CCN(C)C1=O,319.18959165999996
CCc1ccc(CC)c(NC(=O)[C@@H]2CCCN(C)C2=O)c1,288.183778008
O=C(NC[C@]1(C(=O)O)CCOC1)C1(n2cnnn2)CC1,281.11240396
COCCCC(=O)N(CCO)CCNC(=O)C[C@@H](C)n1cccc1,339.21580640800005
COc1ccccc1OCCS(=O)(=O)CCCC(C)C,300.139530248
CNS(=O)(=O)N1CCC(C(=O)N[C@]23CCC[C@H]2C3)CC1,301.14601259600005
Cc1ccc(NCCN[C@@H]2CCCc3ccc(O)cc32)nc1,297.184112356
COC(=O)[C@H]1CCN1C(=O)CCCS(N)(=O)=O,264.077992612
CCn1nncc1C(=O)N(C)C[C@@H](O)CNC(=O)Cc1cnn(C)c1,349.18623759600007
O=C1CNC(=O)N1CCn1nnnc1N1C[C@H]2C[C@@H]2C1,277.12872272
C[C@H](Nc1cccc2c1CCO2)c1cccc(NS(C)(=O)=O)c1,332.11946349999994
C[C@H](NC(=O)c1n[nH]c2ccccc12)C(=O)OC[C@H]1CCCOC1,331.153206152
NC(=O)c1cccc(C(=O)Nc2ccc(OCC(=O)O)cc2)n1,315.08552051600003
O=C1C[C@@H](C(=O)N2CCN(C(=O)C3CC3)CC2)N1,251.126991404
CCC1(CNC(=O)c2ncoc2-c2ccc(OC)cc2)CCOCC1,344.173607248
NC(=O)NC(=O)CN[C@H]1CCCN(C(=O)CCc2nc[nH]n2)C1,323.17058753200007
CN(C)S(=O)(=O)CCCN1C(=O)N[C@@](C)(C2CCNCC2)C1=O,346.16747631199996
CCCN(CCNC(=O)[C@@H]1CC12CCC2)Cc1cnc(C)cn1,316.226311516
C[C@H](NC[C@H]1CCCN1C(=O)/C=C/C1CC1)c1ccccc1,298.20451345199996
COc1ccc(NC(=O)[C@H](C)N(C)[C@H]2[C@@H]3CNC[C@@H]32)cc1,289.179026976
CO[C@@H](c1ccccc1F)[C@H](C)NC(=O)c1cccs1,293.088577972
CC(C)Cn1ncnc1CS(=O)(=O)CCCC#N,270.115046816
Cn1c(CN2CCC[C@@H](CO)C2)nc2ccc(Br)cc21,337.07897435999996
CC(C)N1CCO[C@@H](C(=O)N2C[C@@H]3CCN(C(=O)C(N)=O)[C@@H]3C2)C1,338.195405312
Cn1ccnc1CCC(=O)NC[C@H]1C[C@H](NCC2CCCC2)C1,318.24196158
CC(C)N1CC[C@@H](NC(=O)c2ncc[nH]c2=O)[C@H](C)C1,278.174275944
O=C(NCC[C@H]1CCCN1c1ncccn1)C(=O)Nc1ccccc1,339.16952491200004
Cc1c(C#N)cccc1C(=O)O[C@@H](C)c1ccnn1C,269.11642672
Cc1c[nH]cc1C(=O)NC[C@H](NC(=O)C1=CCCC1)C1CC1,301.179026976
O=C([C@@H]1CNCCOC1)N1CC2(CCNCC2)[C@@H]2COC[C@H]21,309.205241724
CC[C@H](F)C(=O)NC[C@@H](O)CN=c1cc[nH]c(-c2nn[nH]n2)n1,324.1458500040001
Cn1nnc(Br)c1C(=O)N1CC[C@H](O)[C@@H](CO)C1,318.03275243999997
CSC1(CNCc2c[nH]nc2-c2ccc3c(c2)OCO3)CCC1,331.13544791199996
C[C@@H]1C[C@H](O)CN(C(=O)[C@@H]2CC[C@@H](c3ccccc3)C2)C1,287.18852904000005
O=C(N[C@H]1[C@@H]2CN(Cc3ncccn3)C[C@@H]21)[C@H]1C[C@]12CCOC2,314.174275944
O=C(N[C@H]1CC12CCOCC2)c1c(-n2cccc2)sc2c1CCC2,342.140198944
CCOC[C@H]1CN([C@@H]2CCCN(C3CCCC3)C2)Cc2nnn(C)c21,347.26851067600006
Cc1nc(CN[C@H](CNC(=O)Cn2ccccc2=O)C2CC2)n[nH]1,330.18042394400004
CCC(=O)N1CCCC[C@H]1CNC(=O)[C@H]1Cc2cccnc2C1,315.19467704000004
Cc1nc(CN[C@@H](CNC(=O)c2cccnc2)C(C)C)oc1C,316.189926008
CC1(C)C(C(=O)N[C@H]2[C@@H]3CN(C(=O)C=C4CCC4)C[C@@H]32)C1(C)C,316.215078136
Cc1ccc(C(=O)N2CCC[C@@](C)(CNC(=O)C3CCOCC3)C2)o1,348.20490737599994
NC(=O)C1=NO[C@H](CNC(=O)CCC(=O)N2CCOCC2)C1,312.14336974
Cc1cc(C)c(NS(=O)(=O)C[C@H](C)C(=O)O)c(C(=O)O)c1,315.077658264
Cc1cnc(-c2nc(CCC[S@@](C)=O)no2)c(C)c1,279.104147784
C[C@]1(C(=O)N2CCN(C(=O)c3cncnc3)CC2)CNC(=O)C1,317.148789468
CCN1CCCC[C@@H]1CNC(=O)[C@H]1CCCC2(CC2)C1,278.23581358
CC(C)CO[C@@H]1CCN(C(=O)NC[C@H]2COCCN2)C1,285.205241724
O=C(NC1CC1)[C@H]1CCCN1Cc1cnc2n1CCOC2,290.174275944
C[C@H]1CC[C@@H](CCC(=O)Nc2ccc(N3CCCC3=O)cc2)O1,316.17869262799996
COc1nc(C)cc(C)c1CNC(=O)N1CC[C@@]2(C(=O)O)CCC[C@@H]12,347.18450628
CCOCc1nnc(CN(C)C(=O)OCc2ccccc2)o1,305.137556088
CCCN[C@@H]1CCCCCN(C(=O)[C@H]2CCCN(C(C)=O)C2)C1,323.257277296
CCn1cc(CC(=O)NC[C@@H](CO)NC(=O)C#CC(C)(C)C)cn1,334.200490692
O=C(N[C@@H]1CN(C(=O)c2ccc(C3CC3)cn2)C[C@@H]1O)c1nc[nH]n1,342.1440384360001
CON1CCC(N(C)Cc2ccccc2OCCCCO)CC1,322.22564281999996
CC(C)CCc1ccc(S(=O)(=O)N[C@H](CO)C(C)C)cc1,313.171164724
COC(=O)[C@H](OCc1ncc(C)cc1C)c1cccc(F)c1,303.127071656
N[C@@H](CC(=O)O)C(=O)N1CC[C@@H](Cn2ccnn2)C1,267.133139404
Cc1cn2nc(NCCCOC(C)(C)C)sc2n1,268.13578226
CCC(C)(C)N(C)C(=O)[C@H]1CCCN(C(=O)COc2ccccc2)C1,346.22564282
C[C@@H](C(=O)N[C@H]1C[C@@H](NC(=O)[C@H]2CCC(=O)NC2)C1)C1CC1,307.18959166
CC(=O)N1CCN(C(=O)C(=O)Nc2cnn(C(F)F)c2)CC1,315.11429578
CSc1cccc(NC(=O)C(=O)NCCCCO)c1C,296.1194635
C[C@@H](N)CNC(=O)C(=O)N(C)CC1=CCCOC1,255.158291532
CCc1nnc(N2CCN(C3CC3)[C@@H](C#N)C2)n1CC1(SC)CC1,346.19396583199995
COCCN(Cc1cc(C)n(C)n1)[C@H](C)C(N)=O,254.174275944
C[C@H](C(=O)NCc1ncccc1N(C)C)c1cccs1,289.124883228
C[C@@]1(C(=O)NC[C@@H](O)CN=c2cc[nH]cc2C#N)CNC(=O)C1,317.148789468
C#CCCCC(=O)N1C[C@@H](NC(=O)c2c[nH]c(C#N)c2)[C@H](C)C1,312.15862588
O=C1C[C@@H](C(=O)N2CC[C@H](COC(F)F)C2)CN1,262.112898812
COC(=O)c1ccc(OC(=O)Cc2ccsc2)c(C(C)=O)c1,318.056194548
Cc1ccc(CC(=O)N2CC[C@@H]3OCCN(CCO)[C@H]3C2)cc1,318.194342692
Cc1cc(CC(=O)N[C@@H]2CN(CCCO)C[C@@H]2O)n(C)n1,296.184840628
CC1(F)CC(NC(=O)[C@@H]2CCCN(Cc3cccc(F)c3)C2)C1,322.18566982799996
Cc1cc(=O)c(C(=O)NCC2CN(CCC[C@H](C)O)C2)c[nH]1,307.1895916600001
CCc1nc[nH]c1C(=O)N1CC[C@@](O)(CNC(=O)c2cncn2C)C1,346.175338564
Cc1nc(C(=O)N[C@H]2C[C@H](NC(=O)[C@@H](C)n3cncn3)C2)co1,318.14403843599996
CC(=O)NCC(=O)NC[C@@H](O)CNC(=O)c1cn2nccc2nc1C,348.15460312
C[C@@]1(CNC(=O)c2ccncn2)CCN(C(=O)Cc2cc[nH]n2)C1,328.16477388000004
CCCCC[C@@](C)(CC)C(=O)NCCN[C@H]1CCNC1=O,297.241627232
COC[C@H](C)C(=O)N(C)CCNC(=O)Cn1ncn(C)c1=O,313.175004216
Cc1ccn(CC(=O)N2C[C@H](O)[C@H](NC(=O)Cn3cnnc3O)C2)n1,349.14985208800005
CCn1cnnc1CNc1nccc(C#N)c1Cl,262.073372032
CC(C)(CNC(=O)NC(CO)CO)N1CCOCC1,275.18450628
O=C(NCC1COC1)[C@H]1CC12CN(C(=O)c1cccnc1F)C2,319.133219656
COCCN1CC[C@@H]1CNC(=O)c1cc(C)nn1C,266.174275944
CCC(=O)N1CC[C@](O)(CNC(=O)Cc2cn(C)nc2C)C1,308.18484062799996
Cn1ncc(C(=O)N2[C@H]3CC[C@@H]2C[C@H]3NC(=O)Cn2cncn2)n1,330.1552718160001
CCO[C@@H](CCNC(=O)NCc1ccc(C)n(C)c1=O)C1CCCC1,349.236541852
C[C@@H]1C[C@H](NC(=O)C(=O)N2CCNC(=O)C2)CS1,271.099062404
Cc1nsc(C)c1C(=O)NC[C@H](CC(C)C)N(C)C,283.17183342
CCOC(=O)CCCNC[C@H](O)c1cccc([N+](=O)[O-])c1,296.13722174
CCC1(C(=O)N[C@@H](C)CCNC(=O)c2oc(C)cc2C)CCCC1,334.22564282
CNCCN(C)C(=O)C(=O)NCCOc1ncccc1F,298.144118688
CCCNC(=O)[C@@H]1CCCN(C(=O)[C@H](N)CC(N)=O)C1,284.18484062799996
CC1(C)CCC(NC[C@H]2CCCO[C@@H]2c2cn[nH]c2)CC1,291.231062548
O=C(CN1C(=O)CNC1=O)N1CC[C@H](NCCn2cncn2)C1,321.15493746800007
CN(C)c1ccc([C@H](N)CNC(=O)[C@@H]2CNCCO2)cc1,292.189926008
CCN(Cc1c(F)cccc1F)C(=O)[C@H](CN)C(C)C,284.17001976399996
CO[C@@H](C(=O)N[C@H]1CCCN(O)C1=O)c1cnn(C)c1,282.132805056
N#CCCn1ccc(NS(=O)(=O)CCc2ccccc2)n1,304.099396752
NC(=O)CN1CCC[C@@H](NC(=O)[C@@H](C(=O)O)C2CC2)C1,283.15320615200005
Cc1ccc([C@H](C)C(=O)NC[C@H]2CCCN2C(=O)CC2(O)CCC2)o1,348.20490737599994
CCO[C@@H]1C[C@@H]1NC(=O)C1(S(C)(=O)=O)CCOCC1,291.11404377200006
CC(C)(CC#N)CNC(=O)c1ccc(O)cc1F,250.11175594
Cn1nc(C(=O)N[C@@H]2CC23CCN(CC(N)=O)CC3)ccc1=O,319.164439532
C[C@@H](N[C@@H]1CCCN(C(=O)C(C2CC2)C2CC2)C1)C(=O)NC(C)(C)C,349.27292736000004
CC(C)CCCCC(=O)N[C@@]1(CO)CCCN(C(=O)C2CC2)C1,324.241292884
CC1(C)C(C(=O)N2CCCN(C(=O)CCCC3CC3)CC2)C1(C)C,334.262028328
C[C@@]1(C(=O)N2CCCC[C@H](NC(=O)C(N)=O)C2)CCC(=O)NC1,324.179755248
CCNC(=O)CN[C@@H](C)CNC(=O)c1cc(C(N)=O)c[nH]1,295.164439532
CC(=O)NCc1ccc(NC(=O)N[C@@H](C)CCO)cc1,279.158291532
Cc1cc(NCCCNC(=O)c2cc[nH]n2)ncn1,260.138559132
CCC(=O)NC[C@@H](C)N(C)C(=O)Cn1cnc(C(N)=O)n1,296.1596885
CNS(=O)(=O)CC(=O)N1CC[C@H](C(=O)O)C[C@@H]1C(=O)OC,322.08347191599995
CN(C)c1ncccc1C(=O)NC[C@@]1(C)CN(CCO)CCO1,322.20049069199996
C=CCOC[C@H](O)CN[C@H](C(=O)OC)c1ccccc1Cl,313.10808579999997
C[C@@H]1C[C@@H](NC(=O)C(=O)NCCNS(C)(=O)=O)CN1C1CC1,332.151826248
COc1cccnc1C1(C(=O)NCCC(=O)N2CCOCC2)CC1,333.168856216
Cc1ccc(C(=O)N[C@H]2CCCN(c3nccc(C)n3)CC2)cn1,325.19026035600007
CCS(=O)(=O)N[C@H](C)C(=O)N1CC[C@@H]2[C@@H](CCCN2C)C1,317.17731272400005
COC(=O)N1CCN(C(=O)C(=O)N2CCC[C@H](N)C2)CC1,298.164105184
O=C(NCCOCCF)c1ccnc2ccnn12,252.102253876
Cc1cccc(C(=O)NCCN(C)C(=O)[C@H]2COC(=O)N2)c1,305.13755608800005
CCCC(=O)NCCN(CC)C(=O)c1cc(C)n(CC2CC2)c1C,333.241627232
CCOC(=O)Cc1ncccc1-c1c(F)ccc(C)c1O,289.111421592
Cc1nc(C)n(CCN2CC[C@H](C)[C@@H](NC(=O)Cn3cnnn3)C2)n1,347.2182064200001
COC(=O)C[C@H](NC(=O)c1nc(Cl)cs1)C(=O)O,291.992070068
CCn1cc(COC(=O)c2ccccc2-c2nc(C)no2)cn1,312.122240372
CCOCC(=O)N1CCN(CCNC(=O)COC2CCCC2)CC1,341.23145647200005
Cn1nnc(C(=O)N2CC[C@H](NC(=O)[C@H]3C[C@H]3C(N)=O)C2)n1,307.139287404
NC(=O)CN[C@H]1CCC[C@@H](NC(=O)c2ccc(Br)o2)C1,343.05315353599997
C#Cc1cccc(N(C)C(=O)CNc2cccc(Cl)c2)c1,298.08729078000005
COCCN(CCC#N)S(=O)(=O)N[C@H]1CCO[C@@H]1C,291.125277152
Cc1cc(NC(=O)c2cc(C(C)C)on2)cc(C)c1O,274.131742436
CN1CCN(c2ccc3nc(-c4cccc(N)c4)[nH]c3c2)CC1,307.179695672
CN(CC1CCOCC1)C1CCN(C(=O)CC2CC(C)(C)C2)CC1,336.277678392
Cc1ccc(CN2C[C@@H]3C(NC(=O)Cc4ccc[nH]4)[C@H]3C2)cc1C,323.19976242
CC(C)(O)CCNC(=O)N[C@@H]1C[C@@H]2CCCCN2C1=O,283.18959166
COCCN(C)CCNC(=O)NC[C@@H]1CCCCN1,272.221226136
C=CC(C)(C)C(=O)N1CCCC[C@H]1CNC[C@H]1CCCCO1,308.24637826399993
CC[C@H](C)CC(=O)NC[C@H](C)CNC(=O)c1cc(C)c(C(N)=O)cn1,348.216140756
CCN1CCOC[C@H]1C(=O)NC[C@@H]1CCCN(c2nccc(C)n2)C1,347.23212516800004
COCCOCC(=O)N1CCO[C@H](CNC(=O)CN(C)C(C)=O)C1,345.189985584
CC(C)(C)OC(=O)N1C[C@@H]2C[C@H]3C[C@H]2[C@@H]1[C@H]3NCCN1CCC1,321.241627232
CCC(=O)N1CC[C@H]2CN(C(=O)[C@@H](CC)SC)C[C@H]21,284.155849008
NC(=O)[C@@H](Nc1ncnc2c1CCCC2)c1ccccc1,282.148061196
Cc1cnc2cc(-c3nc(C4CC(F)(F)C4)no3)ccn12,290.097917444
CNC(=O)NCc1cn(C[C@@](C)(O)C(F)F)nn1,263.11938116
C[C@@H](CCNC(=O)Cn1cnnn1)NCC[C@@H]1CCCO1,296.1960740079999
Cc1scc(C(=O)N[C@@H]2CN(C/C=C/Cl)C[C@@H]2O)c1C,314.085576528
O=C(N[C@@H]1CN(c2ncnc3[nH]cnc23)C[C@H]1O)C1CC(F)(F)C1,338.130280192
CO[C@H](C)CC(=O)N1C[C@@H](C)[C@H](CCNCc2ccsc2)C1,324.187149136
Cc1ccn(CC(=O)N[C@@H]2CN(C(=O)[C@H](O)C(C)C)C[C@H]2O)n1,324.179755248
CCCNC(=O)[C@H]1CCCN(C(=O)c2noc(C)n2)C1,280.15354049999996
CCOc1ccc(S(=O)(=O)N(C)[C@@H](C)C[S@@](C)=O)cn1,320.08644912
Cc1ccc2[nH]c(CNCCC3(CO)CC3)cc2c1C,272.188863388
COc1ccc(F)cc1CC(=O)NCC1(NCc2ccon2)CCC1,347.164519784
O=C1C[C@@H](C(=O)N2CCN(C(=O)c3c(F)cccc3F)CC2)N1,323.1081477800001
CCc1cnc(CNC(=O)[C@H](CC(C)C)NC(=O)C(C)(C)C)o1,323.22089178799996
COCCC(=O)N1C[C@@H](NC(=O)COC(C)C)[C@H](OC)C1,302.18417193199997
CN1CCCC[C@H](COC(=O)[C@@H]2CCCN2Cc2ccccc2)C1=O,344.20999275599996
CC(C)OCC(=O)N[C@H]1CCN(Cc2nncn2C)C1,281.18517497600004
CC1=CCCN(C(=O)CCCC(=O)NC(C)C)C1,252.183778008
O=C(N[C@@H]1C[C@@H]1c1cccc(F)c1)[C@H]1[C@H](C(F)(F)F)[C@H]2CC[C@H]1O2,343.119541664
COc1ccc(CCNC(=O)N[C@H]2CN(C3CC3)C[C@H]2C)cc1O,333.20524172399996
C[C@]1(C(=O)N[C@H]2C[C@@H](Nc3nc(C#N)c(Cl)s3)C2)C=CCC1,336.081159844
N#C[C@@H]1CN(C(=O)C(=O)N[C@@H]2CCO[C@]3(CCSC3)C2)CCO1,339.125277152
C[C@H]1OCC[C@@H]1C(=O)NC1CN(CCC2CCCC2)C1,280.215078136
Cc1nccnc1CN[C@@H]1CCO[C@H]1c1ccnn1CC1CC1,313.190260356
CCCNCC[C@@H]1CN(C(=O)c2ccc(CF)cc2)C[C@H]1C,306.210741704
CN1CCCC[C@H](CNC(=O)c2cnn(-c3ccc(F)cc3)c2)C1,330.18558957600004
Cc1ccc(CN2C[C@H](c3nc(-c4nccn4C)no3)CC2=O)cc1,337.153874848
Cc1cc2cc(C(=O)N[C@H](C)CNc3ccc(C#N)nn3)oc2cc1C,349.153874848
C[C@@H](CNC(=O)Cn1nc(C(F)(F)F)c2c1CCCC2)CN(C)C,346.19804608000004
NC(=O)c1cc(NC(=O)[C@@H]2CC[C@H]3CCCCN23)ccc1Cl,321.12440455999996
CCOc1cc(Nc2ccc3ncnn3c2)ccn1,255.112010036
CC(F)(F)CC(=O)NC[C@H](O)CNC(=O)[C@H]1C[C@H]1C(N)=O,307.13436252800005
CC(C)=C(F)C(=O)N1CCC[C@H]1CN(C)[C@@H](C)c1nnnn1C,324.2073876400001
C=C(Cl)CN1CCO[C@H](CNC(=O)C[C@H](NC(C)=O)C(N)=O)C1,346.140782896
Cc1ccc(F)cc1C(=O)NC[C@@H]1CCN1[C@@H](C)C(=O)NC(N)=O,336.15976875200005
CC(C)c1c(C(=O)N[C@@H]2CC[C@H](CN)C2)cnn1-c1ccccn1,327.20591042000007
CNS(=O)(=O)CCCNCc1ccc2c(c1)NC(=O)CO2,313.10962708799997
C=CC[C@@H](CO)CNCc1nc2c(s1)CN(C(C)C)CC2,309.187483484
C#CCNC(=O)CN1C[C@H]2C(NC(=O)[C@H](O)C(C)C)[C@@H]2C1,293.173941596
Cc1ccc(CN[C@@H]2C[C@@H](OC(C)C)C2(C)C)c(=O)n1C,292.215078136
Cc1c(NC(=O)C(=O)N2C[C@@H](C)OC[C@@H]2C)cnn1CC(=O)O,324.1433697399999
Cc1n[nH]cc1C(=O)N(C)C[C@H](O)CNCc1ccccn1,303.16952491200004
CC[C@H](CN1CC[C@](O)(CNC(=O)c2ccc(O)nn2)C1)OC,324.179755248
CC(=O)N1CC(C(=O)N(C)C2CC(NC(=O)CCNC(N)=O)C2)C1,339.19065428
CC1=NNC(=O)[C@H]1CCNC(=O)[C@H](O)CC(=O)O,257.10117058000003
CNC(=O)CNCCNC(=O)c1cccc(-n2ccnc2)n1,302.14912381600004
C[C@H](NS(C)(=O)=O)C(=O)N[C@H](C)CN(C)C(=O)c1cnn(C)n1,346.1423241840001
Cc1nc(CN2[C@H]3CCC[C@H]2CN(C(=O)[C@H]2CCC(=O)N2)C3)cs1,348.16199700799996
O=C(Nc1cccc2nsnc12)NC1(CO)COC1,280.063011244
CC(C)C1CCC(NC(=O)N[C@@H](C(C)C)C(C)(C)O)CC1,298.262028328
Cc1ccc(-c2noc(CCCNC(=O)c3cccnc3)n2)nc1C,337.15387484800004
Cc1noc(C)c1CN(C)CC1CCN(C(=O)C(=O)C(C)(C)C)CC1,349.236541852
C[C@@H](C#N)C(=O)N1CC2(C[C@@H]2C(=O)N2CCn3cnnc3C2)C1,314.149123816
CC(C)=CC(=O)N(C)C[C@@H](O)CNc1cc(C)nc(C(C)C)n1,320.221226136
C#CCCN1C[C@@H](NC(=O)Cn2ccc(C(F)(F)F)n2)[C@H](C)C1,328.15109588800004
C[C@@H](O)CCCN1CC(O)(CNC(=O)c2ccncn2)C1,294.169190564
Cc1ccc(CN(C)C(=O)CN2CCOCC2)cc1,262.168127944
FC(F)COc1cc(-c2noc([C@H]3CC3(F)F)n2)ccn1,303.06308940800005
Cc1nccnc1CNC[C@@H](C1CC1)N(C)C(=O)C1(F)CCCC1,334.21688970400004
Cc1ccc(F)c(CC(=O)N2CC(NC(=O)[C@H](C)c3ccco3)C2)c1,344.153620752
CCC[C@@H](OC)c1noc([C@H]2CC(=O)N(c3ccccc3OC)C2)n1,345.16885621600005
COc1ccc(F)cc1CC(=O)NCc1cc(C)[nH]n1,277.122654972
C=C[C@H](O)C(=O)OCc1nnc(-c2c(Cl)cccc2Cl)o1,328.00176215999994
C#CCCCC(=O)N[C@@]12CCC[C@@H]1N(C(=O)c1ccc(F)nc1)CC2,343.169605164
C[C@@H]1C[C@H](c2ccccc2)[C@@H](C)N1C(=O)C1CCOCC1,287.18852904000005
CC1=C(C(=O)NC[C@H]2CN(C(=O)C3CCCC3)C[C@H]2C)CCCO1,334.22564281999996
Cc1cnc(C(=O)NCC2(NCC3CC(C)C3)CCC2)c(C)c1,315.231062548
CC(C)n1cc(CN(C)[C@@H]2CCN(C(=O)C3=CCCCCC3)C2)nn1,345.25286061200006
C=CCN1C[C@@H]2CCC[C@]2(NC(=O)C2[C@@H]3CCCC[C@@H]23)C1,288.22016351599996
CON(C)C(=O)CCN1C[C@H]2C[C@H](O)CC[C@H]2C1,256.178692628
C[C@@H](O)[C@H]1CCN(c2c(C#N)c(=O)n(C)c(=O)n2C)C1,278.13789043599996
C/C(=C\c1ccco1)C(=O)NCC[C@@H](C)N(C)C,250.168127944
C[C@H](CN)C(=O)N1CC2(CCCN2C(=O)C[C@H]2NC(=O)NC2=O)C1,337.175004216
C[C@H]1C[C@@H]1C(=O)N[C@@H]1CN(C(=O)c2onc3c2CCCC3)CC1(C)C,345.205241724
C=CCN(C(=O)[C@@H](C)N1C(=O)c2ccccc2C1=O)C(C)C,300.1473925
Cc1ccc([N+](=O)[O-])c(N[C@H]2CCC[C@@H](C(=O)O)CC2)c1,292.14230712
O=C1C[C@@H](CNC(=O)N[C@H]2CC[C@@H](CO)CC2)CN1,269.173941596
O=C(N[C@@H]1CCCC[C@H]1NCCOC1CCC1)c1occc1Cl,340.15537034000005
COC(=O)c1cc(C(=O)N[C@@H](CO)CN(C)C)n(C)n1,284.14845512
CC(=O)N1CC[C@@H]([C@H]2CCCN(C(=O)C3(CN(C)C)CC3)C2)C1,321.241627232
C[C@H]1CN(C(=O)[C@@H](C)c2cccc(O)c2)C[C@@H](C)O1,263.152143532
C/C=C/COC(=O)[C@H]1CCCN(C(=O)Nc2ccccc2)C1,302.163042564
CC1CC(CN(C)CCCNC(=O)c2cn[nH]c2)C1,264.195011388
O=C(CCN1CCCS1(=O)=O)Nc1nc2cnccn2n1,310.08480930800005
O=C(N[C@H]1[C@@H]2CN(C(=O)c3cccnn3)C[C@@H]21)c1cccc2c[nH]nc12,348.13347375200004
CCn1ccnc1C(=O)N1CC[C@](C)(CNCc2oc(C)nc2C)C1,345.21647510400004
C#CCN[C@H]1CCC[C@H](NC(=O)c2c(F)cccc2F)C1,292.13871963599996
Cc1c(NS(=O)(=O)Cc2c(Cl)cccc2Cl)nnn1C,334.0058019840001
C[C@H](Oc1ncc[nH]1)c1ccc(Br)nc1,267.00072403999997
C[C@H]1CCCc2ncc(C(=O)NCc3csc(N(C)C)n3)n21,319.14668129200004
C[C@H](NC(=O)c1cnnn1-c1ccccc1Cl)c1ncnn1C,331.09483574800004
COc1ncccc1CNC(=O)N[C@H](C)Cc1cccnc1,300.15862588
Cc1nc([C@@H](C)N2C[C@@H](O)[C@H](NC(=O)c3nonc3C)C2)n[nH]1,321.15493746800007
COCCc1nsc(N2CC3(CCC3)[C@H]2c2ccco2)n1,305.119797848
CC[C@@]1(C(=O)O)CCCN1S(=O)(=O)N(C)[C@H](C)CC#N,303.125277152
CN(C)[C@@H](C(=O)N1CCC(NCC(=O)N2CCC2)CC1)C1CC1,322.2368762
CC[C@H](F)C(=O)NC1(CNC(=O)C#CC2CC2)CCC1,280.158706132
C[C@@H](O)[C@H]1CCCN1C(=O)[C@@H]1CCOC(C)(C)C1,255.18344366
CC(C)OCc1ccc(C(=O)N[C@@H]2CC[C@H](F)C2)cc1,279.163457164
CCOC(=O)NCC(=O)N(Cc1ccc(N(C)C)cc1)C(C)C,321.205241724
CS(=O)(=O)c1ccc(CN2CC(NC(=O)[C@@H]3CCOC3)C2)o1,328.10929273999994
CC[C@@]1(O)CCN(c2nnc(-c3ccccc3)s2)C1,275.109233164
CO[C@@H]1CN(Cc2c(C)cccc2C)C[C@H]1NC(=O)Cc1ncc[nH]1,342.20557607200004
CC1(C)C(C(=O)N(CC(=O)O)c2ccc3c(c2)OCO3)C1(C)C,319.14197277200003
CC(C)OCCCNC(=O)c1ncoc1C1CC1,252.1473925
CCCNC1CC2(C1)CC(NC(=O)c1csnc1C)C2,293.156183356
O=C(O)[C@H]1CCCN1C(=O)[C@H]1CC(=O)N(c2cc(F)cc(F)c2)C1,338.107813432
CCOCC(=O)NCCN(CCO)C(=O)c1ccc(=O)n(C)n1,326.159019804
Cc1nc(C)c([C@H](C)N(C)C(=O)Cc2ccccc2CO)s1,318.140198944
CN(C)CCC(=O)NC[C@@H]1COCCN1C(=O)[C@@H]1CC(=O)N(C)C1,340.211055376
CC(C)=CCN1CCCC[C@H](NC(=O)Cc2cnn(C)c2C)C1,318.24196158
CO[C@@H](C1CC1)[C@@H](C)NC(=O)NCc1cccnc1O,279.158291532
CC1(C)CCC[C@H]1CNC(=O)c1cnnn1Cc1ccccc1,312.195011388
CCC[C@H]1CN(C(=O)C(=O)N2CCN3C(=O)NC(=O)[C@@H]3C2)CCO1,338.15901980399997
O=C(O)c1cccc(OC(=O)C2(C(F)F)CCCC2)c1,284.086015368
CCCOc1ccc(-c2ccc(CC(=O)OCC)nn2)cn1,301.1426414680001
Cc1nn(C)cc1C(=O)NC[C@@]1(O)CN2CCC1CC2,278.174275944
C[C@@H]1[C@H](NC(=O)Cn2ccnc2)CCN1C(=O)c1cscn1,319.110295784
CC(=O)OCCCSCC(=O)N1CCCC[C@H]1C(N)=O,302.13002818399997
CCOC(=O)c1c(NC(=O)[C@H]2CNC[C@@H]2O)n[nH]c1C,282.132805056
C[C@H](Cc1cnc2ccccc2n1)C(=O)N[C@@H](C#N)C(C)(C)C,310.179361324
CC1CCN(C[C@@H](C)N[C@H]2Cc3cccc(F)c3C2)CC1,290.215827084
C[C@@H]1CN(C(=O)C(=O)NCCOCc2ccccc2)[C@H](C)[C@H]1C,318.194342692
O=C(CN1CCN(c2ccnc(F)c2)CC1)N1CCCCCC1,320.20123964000004
CN(C)[C@H](C(=O)NCC1(C2CC2)CC1)c1c(F)cccc1Cl,324.14046922399996
CCCC1(CNC(=O)/C=C/C2(C)CCOCC2)CCC1,279.219829168
CCNC(=O)C(C)(C)CNC(=O)[C@H]1CN(C)C(=O)CN1,284.184840628
CCC1(C(=O)N2C[C@@H]3CCC[C@]3(CNCc3cnn(C)c3)C2)CC1,330.24196158
CC[C@@H]1CC[C@@H](C)N(C(=O)N[C@H]2CO[C@@H](C)C2)C1,254.199428072
O=C(Cc1ccc(Cl)s1)NCC1([C@H]2CCCO2)CCC1,313.09032756
CCN(Cc1ccccc1)C(=O)NCCSC(F)(F)F,306.101368824
C[C@H](C(=O)N(C)C1CC(NCCC2=CCCCC2)C1)c1cnn(C)c1,344.257611644
CC(C)(NC(=O)c1csc(C2CCNCC2)n1)c1nccs1,336.10785325999996
CCCC(=O)N[C@H](C)CNC(=O)[C@@H]1C[C@H]1c1ccccc1C,302.199428072
Cc1c[nH]c(CC(N)=O)c1C(=O)N[C@@H](C)C1CN(CCCO)C1,322.20049069199996
COc1cccc(CCC(=O)N2CCCC[C@H]2CNCC2CC2)c1F,348.221306388
CCn1ccnc1[C@@H](NC(=O)Cc1ccccc1N)C1CCOCC1,342.205576072
C[C@H](CNC(=O)C(C)(C)Cc1ccccc1)NCc1ccns1,331.17183342
CC(C)(C(=O)N1CC[C@@H](NC(=O)Cc2cncnc2)C1)C1CCCC1,344.221226136
C[C@@H](c1csnn1)N1CCC[C@@H]1CNC(=O)c1cnnn1C,321.1371792280001
CO[C@@H](C)c1nc(COc2cccc(-n3cncn3)c2)cs1,316.09939675199996
Cc1ncncc1C(=O)N[C@H]1CCN(CCN2CCNC2=O)C[C@H]1O,348.19098862799996
CCCCO[C@@H]1C[C@@H](NC(=O)C(=O)N2CC[C@@H](C3CC3)C2)C1(C)C,336.241292884
N#Cc1c[nH]ccc1=N[C@H]1C[C@H](NC(=O)Cn2ncnn2)C1,298.129057068
C[C@H](NC(=O)NC[C@H]1C[C@@](C)(O)C1)c1ccccc1,262.168127944
COc1ncccc1COC(=O)[C@@H]1CCNC(=O)C1,264.111006992
C[C@@H](CNC(=O)C1(F)CCOCC1)NC(=O)c1cncn1C,312.15976875200005
NC(=O)C(=O)N1CC=C(CNC(=O)[C@@H]2C[C@H]3C=C[C@H]2C3)CC1,303.158291532
CCS(=O)(=O)N1CCN(Cc2nccnc2N)CC1,285.125945848
CC(C)C[C@@H](O)CNCc1cccc(OC(F)F)c1,273.154035352
N#CCNC(=O)CNCCCNC(=O)CCCN1C(=O)CNC1=O,338.170253184
COCCN(Cc1ccc(C)o1)CC1CCC2(CC1)OCCO2,323.209658408
O=C1CC[C@@H](N[C@H]2CCCN(C(=O)c3ccc(Cl)cc3)C2)C(=O)N1,349.11931918
NC(=O)Cn1cc(C(=O)NCCNC[C@H]2C[C@]23CCOC3)nn1,322.175338564
CC(C)c1nnnn1CC(=O)N[C@]1(C)CCN(CCCO)C1,310.2117240719999
C=C(C)CNC(=S)Nc1cnn([C@@H](C)c2ccccc2)c1,300.14086764
CCN(C(=O)Nc1cc(COC)cc(C(=O)O)c1)[C@H](C)C(C)C,322.189257312
CCCCOC(=O)N[C@@H](C(=O)NCC(C)(OC)OC)C1CC1,316.19982199599997
CCC[C@](C)(NC(=O)Cn1c(C)nc2ccccc21)C(=O)OC,317.17394159599996
CC#CCN1CCC2(C1)CN(C(=O)C[C@@H]1CCC(=O)NC1)C2,303.19467704
CCn1cc(C(=O)N[C@@H](C)CCNC(=O)c2cccc(F)c2)c(C)n1,346.180504196
N#Cc1ccc(C(=O)N[C@H](CO)c2ccc(F)cc2)[nH]1,273.091354844
CC(C)(CNC(=O)C(=O)N1CC[C@@H]2CCN[C@@H]2C1)N1CCCCC1,336.252526264
COCC(=O)NCC[C@H](C)NC(=O)[C@H]1COCCN1C(C)=O,315.1794209
CC[C@@H](C)CC(=O)N1CCC2(C1)CN(C(=O)[C@@H]1CC13CCCC3)C2,332.246378264
Cc1ccccc1NC(=S)N1CCC[C@@H](F)C(=O)C1,280.104562384
CN(C)C(=O)CN1CCOC[C@H]1CNC(=O)CCCC(N)=O,314.195405312
CS(=O)(=O)NCCN1CC[C@](O)(CNC(=O)c2ccoc2)C1,331.120191772
COC1([C@H](C)NC(=O)c2cc(C(F)(F)F)ccn2)CCOCC1,332.134777128
C[C@@H]1C[C@H](Nc2nc(Cl)ccc2C(=O)NC(C)(C)C)CCO1,325.15570468799996
CC(C)CC(=O)NC1(CNC(=O)c2ccc(C3CC3)s2)CCC1,334.171499072
CC(C)OCC(=O)N[C@@]1(C)CCN(C(=O)[C@@H]2C[C@H]2c2cncn2C)C1,348.216140756
CCc1nocc1C(=O)N[C@]1(C)CCN(CCF)C1,269.1539551
CNC[C@H](C)NC(=O)NC[C@]1(O)CCCC1(C)C,257.210327104
NC(=O)[C@@H]1C[C@@H]1C(=O)NC[C@H]1CCN1CCN1CCNC1=O,309.180089596
Cc1ccc([C@@H]2C[C@H](C)N(C(=O)CCc3c[nH]cn3)C2)cc1,297.184112356
CC[C@@H](C)OCC(=O)N[C@@H]1CN(C(=O)CC(=O)N(C)C)C[C@@H]1O,329.195070964
CCCOC(=O)N1C[C@H](n2cccn2)Cc2ccccc21,285.147726848
CN1CC=C(CN[C@@H]2CCC[C@@H]2c2ccc(F)cc2)CC1,288.20017702
CCOC(=O)[C@@H](C)NC(=S)N[C@@H]1C(=O)NC(=O)NC1=S,318.04564692800005
CC(C)[C@H]1OCCC[C@@H]1CNC(=O)N(C)Cc1cn(C)nn1,309.21647510400004
CC[C@@H](F)C(=O)N(C)CC(C)(C)CNC(=O)[C@@]1(F)CCOC1,320.19114913199996
COc1cc(F)ccc1Nc1cc(C(N)=O)ccc1Cl,294.057133524
O=C(Nc1cc(F)ccc1OCC1CC1)[C@H]1CCS(=O)(=O)C1,327.09405727599994
CC(C)(C)/C=C\C(=O)N1CCOc2ccc([N+](=O)[O-])cc2C1,304.14230712
CC(C)(C(N)=O)C(=O)N1C[C@H]2C(NC(=O)[C@@H]3COC(=O)N3)[C@@H]2C1,324.14336974
C[C@@H]1CN(C(=O)c2ncn(C)n2)C[C@@H]1NC(=O)c1cnn[nH]1,304.13962175200004
CC[C@@H]1[C@@H](NC(=O)c2cn(C(C)C)cn2)CCN1C(=O)C(F)F,328.171082384
C[C@H](NC(=O)[C@@H]1CSCCS1)c1ccccn1,268.070405132
O=C(NCCc1ccc(F)c(F)c1)c1cccc2c1CCCN2,316.138719636
CCCc1noc(CNC[C@H](O)CNC(=O)c2ccoc2Cl)n1,342.109482768
COC(=O)[C@H]1C[C@H]1C(=O)N[C@@H]1CC(=O)N(C)[C@H]1c1cnn(C)c1C,334.16410518400005
Cc1c[nH]ccc1=NC(=O)N1CC[C@@H](n2cncn2)C1,272.13855913199995
C=CCCCCCNCCNC(=O)C[C@H](C)c1ccco1,292.215078136
CNC(=O)C[C@H](C)N[C@H](C)C(=O)N1c2ccccc2C[C@H]1C,303.19467704
C=C/C=C/CCNC(=O)N[C@@H]1CCO[C@H]1c1ccc(F)c(F)c1,322.14928432
Cc1nnc(CNC[C@@H](C2CC2)N(C)C(=O)CCc2cccs2)o1,348.161997008
CCOCC(=O)NC[C@@H]1CN(C(=O)c2ccncc2F)C[C@H]1O,325.14378433999997
CN1CCC[C@H](N[C@H]2CCN(C(=O)c3ccn4cncc4c3)C2)C1=O,341.185174976
CS(=O)(=O)c1cccc(CN2CC(N3CCC(F)(F)CC3)C2)c1,344.137005384
COCC(=O)N[C@H](c1cccnc1OC)C1CC1,250.131742436
O=C(Nc1ccc2nc(S)[nH]c2c1)[C@H]1CCCCS1,293.0656541
COC(=O)c1cc(Br)c(C)cc1OC1CCC1,298.02045644000003
C#CCCC(=O)N[C@@H]1C[C@@H]2CC[C@H](C1)N2C(=O)c1cccc(F)n1,329.1539551
C/C=C(\C)C(=O)N[C@H]1C[C@H]2CC[C@@H]1N2CCC1CC1,262.204513452
NS(=O)(=O)c1cn(CCCN2CCOC2=O)nn1,275.068824896
O=C1CC[C@H](C(=O)N(CCO)CCNCc2ncccn2)N1,307.1644395320001
CCOC(=O)[C@H]1CCCN(C(=O)[C@H]2CCc3ncncc3C2)C1,317.173941596
COc1ccc(Nc2cc(C)ccc2C#N)c(OC)n1,269.11642672
CSc1ccc(O[C@@H](C)C(=O)N[C@H](C)c2ccc[nH]2)cc1,304.12454888
C[C@@H](CNC(=O)CSCc1ccccn1)N(C)C1CC1,293.156183356
CCOc1ccc(OCC)c(N[C@@H]2CCO[C@H]2C)c1,265.167793596
O=C1CN(CCNC(=O)Nc2ccc(C(=O)O)c(Cl)c2)CCN1,340.093832704
NS(=O)(=O)CCNC(=O)NCc1ccc(OC(F)F)cn1,324.070382368
C=CCN(C(=O)[C@H](C)Oc1cccc(Br)c1)C1CC1,323.052090916
Cc1ncoc1C(=O)N[C@H]1CCCC[C@@H]1CN=c1cc[nH]cc1C#N,339.16952491200004
COC[C@H](Cc1ccccc1)NC(=O)NC[C@H](O)CC(C)(C)C,322.22564282
Cc1nnc(CNC(=O)N[C@H]2CCOC3(CCCC3)C2)o1,294.16919056399996
CC[S@@](=O)CC(=O)N[C@H](C)Cc1ccc(O)cc1,269.108564468
CN(C[C@H]1CCCCO1)C(=O)c1cccnc1OCC(F)F,314.14419894
Cc1ncc(CNC[C@H]2CCCN(C(=O)[C@@H]3CCN(C)C(=O)C3)C2)o1,348.21614075599996
O=C(c1cnon1)N1CC[C@@H]2CCN(C(=O)Cn3cncn3)[C@H]2C1,331.1392874040001
Cn1nnc(CN2C[C@@H](O)[C@H](NC(=O)c3ccc[nH]3)C2)n1,291.14437278400004
CN(C[C@H]1CCN(C(=O)c2cc(C(N)=O)c[nH]2)C1)C(=O)C1(C)CC1,332.18484062799996
COC(=O)Cc1ccc(NC[C@H]2CCOC2)c([N+](=O)[O-])c1,294.121571676
CCCCc1nnc(NC(=O)Cc2cnn(-c3ccccc3)n2)s1,342.126280196
CC(C)(C)OC(=O)N[C@@H](CNCc1ccccc1F)C1CC1,308.19000626
NC(=O)CNCc1cn([C@@H]2CCN(C(=O)[C@H]3CNC(=O)N3)C2)nn1,336.16583650000007
CCOC(=O)c1cccnc1N(C)CC(=O)N(CC)CC,293.173941596
Cc1[nH]ccc1C(=O)NC1(CNC(=O)c2cccc(C(C)C)c2)CC1,339.19467704
CCOC(=O)[C@H]1CC[C@H](Oc2cccc(C)c2F)CO1,282.12673730800003
Cn1nccc1C(=O)N1[C@H]2CC[C@@H]1C[C@@H]2NC(=O)[C@H]1CNC(=O)N1,332.1596885
C[C@H]1CC[C@H](C(=O)NCC2CN(C(=O)CCc3cnc[nH]3)C2)C1,318.205576072
CC(C)[C@@H](CNC(=O)c1ccn(C)c1)NC(=O)Cc1ccnn1C,331.20082504000004
C=C(C)CONC(=O)Nc1c(C)cccc1Cl,254.0822054
CN(C)CCOc1cc(C(=O)N2CCNC(=O)C2)ccn1,292.1535405
C[C@@H](NCC[C@H]1CCCCN1C(=O)c1ccn(C)n1)c1cnccn1,342.21680945200006
O=C(N[C@H]1C[C@@H](N[C@H]2CCNC2=O)C1)C1CC2(C1)CS(=O)(=O)C2,341.14092721599997
Cc1nnc(CN2CC[C@H]2CNC(=O)[C@@H]2OC[C@@H]3CCC[C@@H]32)o1,320.18484062799996
COc1ccc(F)c(CNC(=O)N2CC[C@@H](C)[C@@H](C)C2)c1,294.174356196
O=C(CN1C[C@H]2C(NC(=O)CNC(=O)C3CC3)[C@@H]2C1)NC1CC1,320.184840628
COC[C@@H](CS(=O)(=O)N1CCN([C@@H]2CCOC2)CC1)OC,322.15624293199994
C[C@@H]1C[C@H](NC(=O)N2CCCC[C@H]2[C@@H](C)N)CCO1,269.210327104
COCC(=O)NC1CN(C(=O)c2cnn(C)c2N)C1,267.133139404
COCCN1CC[C@@H]1CNC(=O)C/C=C/c1ccc(F)cc1,306.174356196
NC1CCN(CCCC(=O)N(Cc2ccccc2)CC2CCC2)CC1,343.262362676
CC(=O)c1ccc(NC(=O)CC(C)(C)C#N)cc1C,258.136827816
CCS(=O)(=O)N1CCC(NC(=O)c2c[nH]nc2C2CC2)CC1,326.141261564
O=C1NC(=O)[C@H]2CN(C(=O)N[C@@H](c3cccs3)C3CC3)C[C@@H]12,319.09906240400005
C[C@H]1CN(c2nc3c(cc2C#N)CCC3)C[C@@H](C)N1,256.16879664
CC(C)[C@H]1C[C@@H]1C(=O)NC1(C)CCN(C(=O)c2cn[nH]c2)CC1,318.205576072
CCO[C@@H]1COC[C@H]1NC(=O)N[C@@H](c1ccccc1)C1CCC1,318.194342692
COCC(=O)NC[C@H]1C[C@@H](NC(=O)c2ccn3nnnc3c2)C1,318.144038436
CN(C(=O)CCc1ccncn1)[C@@H](CNC(=O)c1ccon1)C1CC1,343.164439532
CCOc1ccc(C(=O)NC[C@@H]2CCCN2CCF)cc1C,308.19000626
CSC[C@@H]1CCCN(CC(=O)N(C)CC2CCCCC2)C1,312.223534644
C[C@H](N[C@@H](c1nccn1C)C1CC1)c1cncc(F)c1,274.159374828
O=C(N[C@H]1[C@@H]2CN(CCCO)C[C@@H]21)c1ccc2oc(O)nc2c1,317.13755608800005
N#CCc1ccc(-c2ccc(C(=O)N3CCNCC3)cc2)cc1F,323.143390416
CC(C)(O)CC(=O)N1C[C@@H](O)[C@H](NC(=O)c2cc3n(n2)CCC3)C1,336.179755248
Cc1nc[nH]c1C(=O)N1CCC[C@H]1CNC(=O)CCC1(C)CC1,318.205576072
CN1CCC[C@](O)(CC(=O)N2CC[C@](O)(C(=O)O)C2)C1,286.152871804
COc1cc(O)ncc1C(=O)N(C)C[C@H](C)NCCc1ccccc1,343.18959166
CN(CCN1CCC[C@@H]1[C@@H]1CCC[C@@H]1O)c1ccccc1,288.22016351599996
Cc1cc(F)cc(C)c1C(=O)N(C)[C@@H](C)CNCc1nccnc1C,344.20123964000004
CCC(=O)N1CC[C@H]2CC[C@@H](C1)N2C(=O)[C@@H]1CCC(=O)N1C(C)C,335.220891788
Cc1cc(NC[C@H](C)N(C)C)n2c(nc3ccccc32)c1C#N,307.17969567200004
CCC1(O)CN(C(=O)CSc2ccc(C(C)C)cc2)C1,293.144949976
Cc1nc([C@@H](C)N2CCC(CCNC(=O)Cc3ccoc3)CC2)no1,346.20049069199996
NCc1ccc(CNC(=O)NCCS(=O)(=O)N2CCCC2)cc1,340.156911628
CCc1cc(C)nc(N2CCO[C@@H](CNC(=O)[C@@H]3CCC(=O)N3)C2)n1,347.19573966
O=C(NC/C=C/C1CC1)NCCc1ccn(-c2ccc(F)cc2)n1,328.16993951200004
Cc1ccc(CNC(=O)N[C@]2(C)CCNC2)c(N2CCCC2)n1,317.22156048400007
CCC(=O)N[C@H](C)C(=O)NC[C@@H](C)NC(=O)c1nc(C)c[nH]1,309.180089596
C[C@H](NC(=O)CNCCNC(=O)Cn1ncnn1)C1CC1,295.175672912
CC(C)CCCCC(=O)N1CCC[C@H]2[C@@H]1CCN2C(=O)C(F)F,330.211884576
CC/C(C)=C/C(=O)N1CC[C@H](CNCc2cnc(C)o2)[C@H](C)C1,319.225977168
Cc1ccccc1O[C@@H](C)CNC(=O)N(C)CCCn1ccnc1C,344.221226136
C#CCNC(=O)COC(=O)c1ccc(S(N)(=O)=O)cc1,296.046692484
C[C@@H]1CCN(C(=O)N[C@@H]2CC[C@H](C(=N)O)C2)[C@@H](c2ccco2)C1,319.18959165999996
CCOC(=O)C(C)(C)S(=O)(=O)N1CC[C@@H](NC(C)=O)C1,306.124942804
CC(=O)NCC1(O)CCN(C(=O)c2cnc(C)nc2C2CC2)CC1,332.18484062799996
COC[C@@H](CNC(=O)N1CCC(NC(C)=O)CC1)OC,287.18450628000005
C[C@H](NC(=O)N[C@@H]1CCC(=O)N(C)C1)c1ccc(C(F)(F)F)cc1,343.15076153999996
Cc1ccncc1Cc1nc(-c2cccnc2OCC(F)F)no1,332.108482128
CC[C@H](NC[C@](C)(O)CCOC)c1ccc(OC)c(OC)c1,311.209658408
COc1cc(CN2CC([C@@H](C)NC(=O)[C@@H]3CCC(C)=C(C)C3)C2)on1,347.220891788
O=[S@@](CCCCCn1nnc(-c2ccccc2)n1)C[C@@H]1CCCO1,348.16199700799996
Cc1ccccc1CNC(=O)CNc1cnn(CC(F)(F)F)c1,326.13544582400004
Cc1cnc(C(=O)N2CCC3(CN(C(=O)C(N)=O)C3)C2)cn1,303.133139404
Cc1cn(C)nc1C(=O)NCCN(CCO)C(=O)[C@H](C)NC(N)=O,340.185903248
CN1CCN(C(=O)[C@H]2CCCCCC(=O)C2)[C@@H](c2ccccc2)C1,328.215078136
C[C@@H]1CC2(CCN(CCO)CC2)CN1C(=O)[C@H]1CCNC1=O,309.20524172399996
Cc1ncc(C(=O)N[C@@H]2CN(c3cccc(F)n3)C[C@H]2O)[nH]1,305.128802972
O=C(NCCN(Cc1nccs1)C1CC1)c1scnc1Cl,342.03758078000004
O=S(=O)(CC=C(Cl)Cl)N1CCC[C@H](c2ncc[nH]2)C1,323.0262030800001
CCOCCCn1c(Nc2ccn(CC)n2)nnc1C(C)(C)C,320.23245951599995
C/C(=C/C(=O)NN1CCCC1=O)c1ccccc1OC(F)F,310.112898812
CC[C@H](O)CCNc1cc(C(C)C)nc2ncnn12,263.174610292
CC1CC(CN2CC(NC(=O)c3ccc4nccnc4c3)C2)C1,310.179361324
CC(=O)c1csc(C(=O)N[C@@H]2C[C@]2(C)C(C)C)c1,265.113649848
C[C@@H]1C[C@H](NC(=O)C(C)(C)F)CCN1Cc1ccc2nonc2c1,334.180504196
C=C(Cl)CN1CC[C@@]2(CCCN(C(=O)c3cc(C)[nH]n3)C2)C1,322.15603903600004
Cc1cc(C(=O)N(C)[C@H]2CCN(CCc3cnn(C)c3)C2)n[nH]1,316.20115938800006
Cn1c(C(=O)NC2=NCCS2)cc2ccccc21,259.077933036
NS(=O)(=O)c1cccc(-c2c(Cl)ccnc2Cl)n1,302.9636028240001
CC(=O)N1CC[C@@](C)(NC(=O)c2ccc(C3CCCC3)cc2)C1,314.199428072
O=C(Nc1ccn(CCF)n1)C(=O)N1CC[C@H](C(=O)O)C1,298.10773318
CO[C@@H]1CN(C(=O)c2cnnn2C)C[C@H]1NC(=O)c1n[nH]cc1F,337.12986559200004
Cc1noc(C)c1C(=O)NCC[C@H]1CCN(Cc2cscn2)C1,334.146346944
C[C@H](C[S@](C)=O)NC(=O)C(=O)N[C@H]1CCCN(C)C1=O,303.125277152
CO[C@@H](C)C(=O)NC[C@H](O)CN(C)C(=O)c1c(C)noc1C1CC1,339.1794209
Cc1cc(CC(=O)N[C@@]2(C)CCCc3ccccc32)n(C)n1,297.184112356
CN(C[C@@H]1CCN1CC1CCC1)C(=O)[C@H]1CCC=CCCC1,304.25146364399995
CCC[C@@H](CC)NC(=O)N1CCCC[C@@H]1COC(=O)NC(C)C,327.252191916
COC(=O)CS(=O)(=O)NC(=O)CCc1ccc(OC)c(F)c1,333.068236452
COc1c(C(=O)N[C@@H]2CN(C(=O)Cn3ccnc3)C[C@H]2O)cnn1C,348.15460312
CCO[C@H](C)C(=O)N1CCC[C@@H]1CNC(=O)Cc1[nH]cnc1C,322.200490692
COC(=O)c1cnc(N[C@@H](C)CN(C)C(=O)OC(C)(C)C)s1,329.1409272160001
COCCCOC(=O)Cc1ccc(Cl)c([N+](=O)[O-])c1,287.056050228
CN(CCNC(=O)c1cnns1)C(=O)CN1CCNC(=O)C1,326.116109436
C[C@@H](CNC(=O)c1cnn(CCN(C)C)c1)N[C@@H]1CCN(C)C1=O,336.227374136
Cn1cncc1[C@@H]1CCCN(C(=O)NCC2(N)CCCC2)C1,305.221560484
CC(C)N(C)CC(=O)N1CCCC[C@H]1CNC(=O)[C@@H]1COCCO1,341.231456472
COc1ccccc1C[C@H](C)N1CCn2nncc2C1,272.16371126
COCCC(=O)N(C)CC(C)(C)CNC(=O)c1nccnc1N,323.1957396600001
CC[C@@H](NC(=O)Nc1ccc(C(=O)N(C)OC)cc1)C1CC1,305.173941596
Cc1csc(CNC[C@H](O)CNC(=O)c2cnn(C)c2N)n1,324.13684488
Cn1nnnc1CNCCCNC(=O)CNC(=O)C1CC1,295.175672912
CC(C)[C@H](CNC(=O)Cc1cncn1C)NCc1nnnn1C,320.20730738800006
CC[C@@H](C)[C@H](C)NCc1nc2cc(OC)ccc2n1C,275.19976242
Cc1cc(NCCC[C@@H](C)NC(=O)CCc2c(C)n[nH]c2C)ncn1,344.23245951600006
COC(=O)[C@H]1CN(C(=O)c2nc(Cl)ccc2F)CCO1,302.04696276399994
CCCN1CCCC[C@@H]1c1ccc(N2C[C@@H]3CN(C)C[C@H]3C2)nc1,328.26269702400003
N#Cc1c2c(cn(Cc3cccnc3)c1=O)CCCC2,265.1215121
COc1ccc(Cl)cc1CS(=O)(=O)Cc1ccccc1C#N,335.038291988
COc1ccc(O[C@H]2CCN([C@@H](C)Cc3cccc(OC)c3)C2)nc1,342.194342692
CC(C)(C(N)=O)C(=O)N[C@H]1[C@@H]2CN(CCC3CC3)C[C@@H]21,279.19467704
C[C@@H](C#N)C(=O)N1CC[C@H](NC(=O)Cn2ncn(C)c2=O)[C@H]1C,320.15968849999996
COc1cc(CN2CC[C@H](N)C2)ccc1OC(F)F,272.133634256
C[C@H]1CC(F)(F)CCN1C(=O)c1cc2ccccc2[nH]1,278.123069572
CNC(=O)C1CCN(CC(=O)Nc2ccc(C(=O)O)cc2)CC1,319.15320615200005
CCN(Cc1ccc(S(N)(=O)=O)o1)C[C@H](C)C#N,271.099062404
CC1=C(C(=O)NCC2(CO)COC2)Cn2nnnc2N1C,294.144038436
Cc1ccc(O[C@H](C)C(=O)N2CCCC[C@H](S(C)(=O)=O)C2)cc1,339.15042927999997
NCc1ccnn1-c1ncc2ncnc(Cl)c2n1,261.052970936
C[C@@H]1[C@@H](NC(=O)c2ccc(F)cc2F)CCN1CC(N)=O,297.128883224
CCNC(=O)CC(=O)N1CCC(NCc2cn(C(C)C)nc2C)CC1,349.24777523200004
COc1cc(NC(=O)[C@H](C)Cc2ccccc2C)ccn1,284.15247788
CC[C@@H](NC(C)=O)C(=O)NC[C@@]1(C)CN(CCCF)CCO1,317.21146997599993
COc1cccc([C@H]2C[C@H](NC(=O)NCCCNC3CC3)C2)c1,317.210327104
C#CCNCCCNC(=O)CCn1ccccc1=O,261.147726848
CC(C)C[C@@H](CNC(C)C)NC(=O)Cc1ccccc1F,294.210741704
Cc1nc2ccc(NC(=O)[C@H](C)c3cccc(F)c3)cn2n1,298.12298932000004
CCCNC(=O)c1ccc(NC(=O)N[C@]23CCC[C@H]2NCC3)cc1,330.205576072
CN(C)CC[C@](C)(O)CNC(=O)Cn1cnnc1O,271.164439532
CN1C[C@H](C(=O)N2CC[C@H](NC(=O)[C@H]3CCCO3)C2)NC1=O,310.164105184
Cc1c(C(=O)N2C[C@H]3[C@H]4C=C[C@@H](C4)[C@H]3C2)cnn1C,257.152812228
CC1(C(=O)N[C@@H](CNC(=O)CCn2cccn2)C(C)(C)C)CC1,320.221226136
CC[C@@]1(C)CN(C(=O)c2cccnc2SC(F)F)CCO1,316.10570525599996
C[C@@H](Nc1cnn(CC2CC2)c1)c1ccc2nc(O)oc2c1,298.142975816
Cc1conc1C(=O)N1CCC[C@H]1CNC(=O)Cc1[nH]cnc1C,331.1644395320001
O=C(NCC1CCN(Cc2cscn2)CC1)c1ocnc1C1CC1,346.146346944
CCN(CCNC(=O)c1nccnc1N)C(=O)[C@H]1CCCC(=O)N1,334.175338564
COC[C@@H](C)[C@H](C)C(=O)OCCSc1cccc(OC)c1,312.13953024799997
CCCN(CC)Cc1c(C)nn(CCC(=O)O)c1C,267.19467704
Cn1nccc1CC(=O)N1[C@H]2CC[C@@H]1C[C@H]2NC(=O)[C@@H]1COC(=O)N1,347.159354152
CN(C[C@H](O)CNC(=O)[C@@H]1[C@H]2CCC[C@H]21)C(=O)C1(C)CCC1,308.209992756
CC[C@H](C(N)=O)N1CC2(CN(COCCOC)C(=O)CO2)C1,315.1794209
O=C1N[C@@H](C(=O)N[C@H]2CCN(C(=O)c3cc[nH]n3)C2)CO1,293.11240396
