SMILES,label
C[C@@H](c1ccc(Cl)cc1)N(C)C(=O)N[C@H]1CCNC12CCC2,22
Cc1cc[nH]c1C(=O)N(C)[C@H]1CCCN(CC[C@H](C)F)CC1,22
CC(=O)N[C@H]1CC[C@@H](CNC(=O)c2cccc(C)c2C)C1,21
O=C1NCC[C@H]1C(=O)N1CC[C@H](NCC(=O)N2CCC2)C1,21
CCc1nnsc1C(=O)NC[C@@H](O)CNCC(=O)N(C)C,21
Cc1n[nH]cc1C(=O)NCCN(C)C(=O)c1cnns1,20
Cc1cncc(NC(=O)c2ncc(Br)s2)c1,16
CC[C@H](C)C(=O)NC[C@]1(C)CCN(C(=O)c2ccc(C(C)C)cn2)C1,25
Cc1ccc(NC(=O)[C@H]2CCCN(C(=O)[C@H](N)CC(N)=O)C2)nc1,24
CCOc1cc(NC(=O)C[C@H]2CCCOC2)ccc1OC,21
C[C@H](Oc1cccc(F)c1)C(=O)[C@@H](C#N)C(=O)NC1CC1,21
N#CCN1CCn2ncc(CNC(=O)CNC(N)=O)c2C1,21
CCn1nc(C)c(C(=O)NCCN(C)Cc2nnnn2C)c1C,23
CC(C)N1CCOC[C@@H]1c1n[nH]c(CNC(=O)CNC(N)=O)n1,23
C=CCOCCNC(=O)N1CCC(c2ccc(C#N)cc2)CC1,23
C=CCN1C(=O)C(=O)N(CC(=O)NC[C@@]2(O)CCSC2)C1=O,22
CNC(=O)C1CN(C(=O)[C@@H]2CCS(=O)(=O)C2)C1,17
Cc1n[nH]cc1C(=O)N(C)C1CCN(C(=O)CS(C)(=O)=O)CC1,23
CN1CCN(C(=O)CCNC(=O)NCCN2CC[C@H](O)C2)CC1,23
CC(=O)NCC(=O)N1CC(O)(CNC(=O)[C@@H]2CCN(C(C)=O)C2)C1,24
O=C(c1nc[nH]n1)N1CCC[C@H]2CN(c3ncccn3)C[C@H]21,22
COC(=O)C1=C(C)O[C@@H](CN2CCN(C(=O)c3ccccn3)CC2)C1,25
C[C@@H](CO)CCCNC(=O)Cn1c(=O)n(C)c2ccccc21,22
O=C(c1nc[nH]n1)N1CC[C@@H](CNc2cnc3ccc(F)cc3n2)C1,25
CC[C@@H]1CC[C@@H](C(=O)NC[C@H](CC(C)C)N(C)C)O1,19
COC[C@H](O)CN(C)CCNC(=O)C[C@@H]1COC(=O)C1,20
CCN(CC)C[C@H](O)CN[C@H]1CCN(Cc2cccc(F)c2)C1,23
C[C@@H]1CCC[C@]1(C)C(=O)N1C[C@@H]2CC[C@H](C1)N2CC1CC1,21
CC[C@@H]1[C@@H](NC(=O)c2csc(C3CC3)n2)CCN1CC1CCC1,23
CC(C)CNC(=O)[C@H](C)OC(=O)[C@H](c1ccccc1)N(C)C,22
Cc1c(C#N)c(NC[C@@H](c2ccco2)N(C)C)nc2ccccc12,24
Cc1nn(C)c(F)c1C(=O)N1C[C@H](NC(=O)C2CCC2)C[C@@H]1C,23
CCC(=O)C(C)(C)CN1C[C@@H]2CN(Cc3cccnc3)C[C@H]2C1,23
CC(C)(C)OC[C@H](N)CC(=O)NCCC(=O)Nc1ccc(F)cc1,24
NC(=O)[C@@H]1CCCN(C(=O)C[S@@](=O)c2cc(Cl)ccc2F)C1,22
CN(C(=O)Cn1cccc(C(=O)O)c1=O)[C@@H]1COC[C@H]1O,21
CNC(=O)NCC(=O)N1C[C@@H](NC(=O)c2cnc3n2CCC3)[C@H](C)C1,25
C[C@H](CNc1nccn2nnnc12)NC(=O)[C@H]1CCCC2(CC2)C1,24
COc1cc(CC(=O)N2CCCC[C@H]2[C@@H]2CCCN2)ccc1O,23
COCC(=O)N(C)[C@H]1CCCN(C(=O)CCC2(C)CC2)CC1,22
CCN(C(=O)c1nonc1C)[C@H]1CCN(C(=O)[C@@H](C)c2ccco2)C1,25
CCCc1cc(C(=O)N2C[C@H](O)[C@H](NC(=O)c3cn[nH]c3)C2)no1,24
O=C(CN1CCOCC1)NCCCNC[C@@H](O)CC(F)(F)F,22
O=C(Cc1ccc2c(c1)CCO2)N1CC[C@@H]2CCCC[C@H]2C1,22
CCN(C[C@@H](C)OC)S(=O)(=O)c1cc(C)cc([N+](=O)[O-])c1C,22
Cc1cc(C(=O)N(C)C2CC(NC(=O)CC3(O)CCC3)C2)cc(C)n1,25
C[C@H](C(N)=O)N(C)[C@@H]1CCCN(C(=O)CN2CCOCC2=O)C1,23
O=C(CN1CCOCC1)NC[C@H]1CC[C@@H](NC(=O)c2cncnc2)C1,25
CN(CC1CCCC1)C(=O)C1(n2cccn2)CCNCC1,21
CC(=O)NCC(=O)N1CC[C@](C)(NC(=O)c2c(C)nn(C)c2C)C1,24
Cc1cc(C)n([C@H](C)C(=O)N2CCC[C@H]2CNCc2ocnc2C)n1,25
Cc1ccc(C)c(C(=O)NCC[C@@H]2CCN(CC[C@H]3CCOC3)C2)c1,25
CCO[C@@H](C)C(=O)N[C@H]1C[C@H](NC(=O)[C@H](C)CSC)C1,20
C[C@H](C(N)=O)N1C[C@H](O)[C@H](NC(=O)C#CC2CC2)C1,19
O=C(OCc1cncc(F)c1)c1ccc2c(c1)CCO2,20
CC[C@H](F)C(=O)NCCCNCc1ccc(C#N)cc1F,21
Cc1nnc([C@H](C)N2CCC3(CN(C(=O)[C@@H]4CC4(F)F)C3)C2)s1,23
C=CCN1CCC(NC(=O)/C=C\c2ccc(S(N)(=O)=O)cc2)CC1,24
Cc1noc(CN(C)C(=O)N[C@@H](C)c2cccs2)n1,19
COc1csc(C(=O)N2CC[C@@H]([C@H](C)NCCCF)C2)c1,21
CC[C@@H]1C[C@H]1C(=O)NC[C@H]1CN(CCCc2ccccc2C)CCO1,25
CNC(=O)NCC(=O)NCC[C@@H](C)NCc1cnn(C)n1,21
CC1(C)[C@H]2CC[C@@]1(C(=O)NCc1ccoc1)C(=O)C2,19
CC(C)n1cc2c(n1)[C@H](NC(=O)NCC[C@H](C)CCO)CCC2,23
NS(=O)(=O)c1cc(C(=O)NC[C@@H]2CCCN2)co1,18
CC[C@H](NC(=O)N[C@H]1CC[C@@H](CO)C1)[C@H]1CC1(C)C,19
O=C(Cc1cccc(F)c1F)NC1CC2(CC(NCCC3CC3)C2)C1,25
CNC(=O)CN1CC[C@H]([C@H]2CCCN(C(=O)C(N)=O)C2)C1,21
Cc1cccc([C@@H]2CCCN2S(=O)(=O)C2CCCC2)c1,20
O=C(CN[C@@H]1CCCN(C(=O)C[C@H]2COC(=O)C2)C1)NC1CC1,23
COCCCCCN1CCN(C(=O)[C@H]2[C@H]3c4ccccc4C[C@H]32)CC1,25
COC(=O)[C@@H]1CN(C(=O)C(=O)N2CCN[C@H](C)C2)CCO1,21
Cc1c(F)cccc1NC(=O)NCCC(=O)NC(C)C,20
CCc1oc(CNC[C@@](C)(CO)c2ccccc2)cc1C(=O)OC,24
Cc1ncoc1CNC(=O)Nc1cccc(Cl)c1,18
CN(Cc1nc(O)n[nH]1)C[C@H]1CCN(C(=O)[C@@H]2CC23CC3)C1,22
CC(C)C[C@@H](C)CC(=O)N[C@H]1CCOC(C)(C)C1,18
COc1cccc(CNC[C@@H](C)NC(=O)c2n[nH]cc2C)c1C,23
CC(C)=C(C)CC(=O)N1C[C@H](C)[C@H](CNC(=O)C(N)=O)C1,21
N#CC[C@H](CC(=O)N(C[C@@H]1CCOC1)C1CC1)c1ccccc1,23
CC(C)c1noc(Cc2ccc(NC(=O)[C@@H]3CCCNC3=O)cc2)n1,25
O=C(NC[C@H](F)C(=O)O)N[C@@H]1CCc2cc(F)c(F)c(F)c21,22
COCc1cccc(-c2nc(N3CCOCC3)c3ccsc3n2)c1,24
CN1CCN(C(=O)C(=O)N[C@H]2CCNC2)CC1=O,18
CC(=O)N1CCN(C[C@@]2(C)C[C@@H]2c2ccccc2)[C@H](C)C1,21
COc1ccc(CC(=O)NCCNCC(N)=O)nc1,19
CC(C)Cc1noc(CN2C[C@H]3C(NC(=O)[C@H](C)C#N)[C@@H]3C2)n1,23
CC(C)(C)OC(=O)N[C@H]1CCN(C(=O)c2ccc(O)cc2F)C1,23
CCn1ccc(CNC(=O)N2CCOCCN2)n1,18
C#CCN1CCO[C@@](C)(CNC(=O)c2sccc2COC)C1,22
CC[C@@H](C)Oc1cc(-c2noc(CCOCCOC)n2)ccn1,23
CCn1c(C)nnc1CNC[C@H]1[C@@H](C)CCCN1C(=O)c1ccco1,25
Cc1oncc1CN1CC[C@H]2CN(C(=O)c3ccccc3)CC[C@@H]21,24
C[C@H](NC(=O)c1coc(C(N)=O)c1)C(=O)OC(C)(C)C,20
C[C@H]1C[C@@H](CN2CC(NC(=O)c3ccc4nnn(C)c4c3)C2)CCO1,25
C[C@@H]1CCCN(Cc2nnc3n2CCCCC3)[C@H]1CCO,21
COCCN1CCC2(CC1)CN(C(=O)CC(C)(C)O)C[C@@H](C)O2,23
CO[C@H](CN)C(=O)N[C@H](CCC(C)C)c1ccc(Cl)cc1,21
CCn1nncc1CNC(=O)c1ccccc1-n1ccc(C2CC2)n1,25
CCC[C@@H](C)NC(=O)CN1CCCN(C(=O)Cn2nccc2C)CC1,25
