SMILES,label,mw,logp,nhbd,nhba,nrbonds,natoms,nhatoms,mr,tpsa,fcharge,scaffold,AC_status
CNCC1CC2c3ccccc3Cc4ccccc4N2O1,6.36,280.15756326,3.0618000000000016,1,3,2,21,21,84.32670000000005,24.5,0,c1ccc2c(c1)Cc1ccccc1N1OCCC21,nonAC
CN(C)CC1CC2c3ccccc3Cc4ccccc4N2O1,6.43,294.173213324,3.4040000000000026,0,3,2,22,22,88.95400000000005,15.71,0,c1ccc2c(c1)Cc1ccccc1N1OCCC21,nonAC
CN1CCN2c3ccccc3Cc4ccccc4C2C1,7.525,264.16264864,3.0839000000000016,0,2,0,20,20,83.27400000000006,6.48,0,c1ccc2c(c1)Cc1ccccc1N1CCNCC21,nonAC
CN(C)CC1CC2c3ccccc3Cc4ccc(cc4N2O1)Cl,6.32,328.134240972,4.057400000000003,0,3,2,23,23,93.96400000000004,15.71,0,c1ccc2c(c1)Cc1ccccc1N1OCCC21,nonAC
CC(Cc1c[nH]c2c1c3c(cc2)OCCC3)N,4.72,230.141913196,2.3826,2,2,2,17,17,69.46810000000004,51.04,0,c1cc2c3c(ccc2[nH]1)OCCC3,nonAC
COC1c2ccccc2C3(O1)CCN(CC3)Cc4ccccc4,5.21,309.17287897600005,3.853100000000003,0,3,3,23,23,89.90800000000006,21.700000000000003,0,c1ccc(CN2CCC3(CC2)OCc2ccccc23)cc1,nonAC
COC1Cc2ccccc2C3(O1)CCN(CC3)CCCc4ccccc4,5.51,351.21982916800005,4.155700000000004,0,3,5,26,26,104.14300000000006,21.700000000000003,0,c1ccc(CCCN2CCC3(CC2)OCCc2ccccc23)cc1,nonAC
COC1Cc2ccccc2C3(O1)CCN(CC3)Cc4ccccc4,5.52,323.18852904000005,3.723100000000003,0,3,3,24,24,94.65900000000003,21.700000000000003,0,c1ccc(CN2CCC3(CC2)OCCc2ccccc23)cc1,nonAC
c1ccc(cc1)Cc2c(c(=O)n3ccccc3n2)CCN4CCc5c(c6ccccc6o5)C4,8.66,435.19467704,4.632300000000004,0,5,5,33,33,129.609,50.75000000000001,0,O=c1c(CCN2CCc3oc4ccccc4c3C2)c(Cc2ccccc2)nc2ccccn12,nonAC
Cc1c(c(=O)n2ccccc2n1)CCN3CCc4c(c5cccc(c5o4)Cl)C3,9.05,393.12440456,4.003320000000003,0,5,3,28,28,110.10800000000005,50.75000000000001,0,O=c1c(CCN2CCc3oc4ccccc4c3C2)cnc2ccccn12,nonAC
Cc1c(c(=O)n2cccc(c2n1)OC)CCN3CCc4c(c5ccccc5o4)C3,9.53,389.173941596,3.358520000000002,0,6,4,29,29,111.65000000000003,59.98000000000001,0,O=c1c(CCN2CCc3oc4ccccc4c3C2)cnc2ccccn12,nonAC
Cc1c(c(=O)n2cc(ccc2n1)Cl)CCN3CCc4c(c5ccccc5o4)C3,9.67,393.12440456,4.003320000000003,0,5,3,28,28,110.10800000000002,50.75000000000001,0,O=c1c(CCN2CCc3oc4ccccc4c3C2)cnc2ccccn12,nonAC
Cc1c(c(=O)n2ccccc2n1)CCN3CCc4c(c5cc(ccc5o4)Cl)C3,8.41,393.12440456,4.003320000000003,0,5,3,28,28,110.10800000000005,50.75000000000001,0,O=c1c(CCN2CCc3oc4ccccc4c3C2)cnc2ccccn12,nonAC
Cc1c(c(=O)n2cc(ccc2n1)Br)CCN3CCc4c(c5ccccc5o4)C3,9.45,437.07388898,4.112420000000004,0,5,3,28,28,112.79800000000002,50.75000000000001,0,O=c1c(CCN2CCc3oc4ccccc4c3C2)cnc2ccccn12,nonAC
Cc1ccn2c(c1)nc(c(c2=O)CCN3CCc4c(c5ccccc5o4)C3)C,9.35,373.179026976,3.6583400000000026,0,5,3,28,28,109.83500000000002,50.75000000000001,0,O=c1c(CCN2CCc3oc4ccccc4c3C2)cnc2ccccn12,nonAC
Cc1c(c(=O)n2cc(c(cc2n1)OC)OC)CCN3CCc4c(c5ccccc5o4)C3,8.45,419.18450628,3.3671200000000026,0,7,5,31,31,118.20200000000004,69.21000000000001,0,O=c1c(CCN2CCc3oc4ccccc4c3C2)cnc2ccccn12,nonAC
Cc1c(c(=O)n2ccccc2n1)CCN3CCc4c(c5ccccc5o4)C3,9.26,359.163376912,3.349920000000002,0,5,3,27,27,105.09800000000004,50.75000000000001,0,O=c1c(CCN2CCc3oc4ccccc4c3C2)cnc2ccccn12,nonAC
Cc1c(c(=O)n2ccccc2n1)CCCN3CCc4c(c5ccccc5o4)C3,7.99,373.179026976,3.740020000000003,0,5,4,28,28,109.71500000000005,50.75000000000001,0,O=c1c(CCCN2CCc3oc4ccccc4c3C2)cnc2ccccn12,nonAC
Cc1c(c(=O)n2cccc(c2n1)O)CCN3CCc4c(c5ccccc5o4)C3,9.16,375.158291532,3.0555200000000013,1,6,3,28,28,106.7628,70.98000000000002,0,O=c1c(CCN2CCc3oc4ccccc4c3C2)cnc2ccccn12,nonAC
c1ccc2c(c1)OCC(O2)C3=NCCN3,8.08,204.089877624,0.8280999999999994,1,4,1,15,15,56.65770000000002,42.85,0,c1ccc2c(c1)OCC(C1=NCCN1)O2,nonAC
Cc1c(c(=O)n2cc(cc(c2n1)Cl)Cl)CCN3CCc4c(c5ccccc5o4)C3,9.23,427.085432208,4.656720000000004,0,5,3,29,29,115.11800000000002,50.75000000000001,0,O=c1c(CCN2CCc3oc4ccccc4c3C2)cnc2ccccn12,nonAC
Cc1cc(n2c(c1)nc(c(c2=O)CCN3CCc4c(c5ccccc5o4)C3)C)C,9.47,387.19467704,3.9667600000000034,0,5,3,29,29,114.57200000000005,50.75000000000001,0,O=c1c(CCN2CCc3oc4ccccc4c3C2)cnc2ccccn12,nonAC
Cc1cccn2c1nc(c(c2=O)CCN3CCc4c(c5ccccc5o4)C3)C,9.22,373.179026976,3.6583400000000026,0,5,3,28,28,109.83500000000002,50.75000000000001,0,O=c1c(CCN2CCc3oc4ccccc4c3C2)cnc2ccccn12,nonAC
Cc1c(c(=O)n2cc(cc(c2n1)Cl)C(F)(F)F)CCN3CCc4c(c5ccccc5o4)C3,8.93,461.1117891880001,5.022120000000004,0,5,3,32,32,115.11,50.75000000000001,0,O=c1c(CCN2CCc3oc4ccccc4c3C2)cnc2ccccn12,nonAC
Cc1c(c(=O)n2cc(ccc2n1)I)CCN3CCc4c(c5ccccc5o4)C3,9.62,485.06002488,3.954520000000003,0,5,3,28,28,117.81500000000004,50.75000000000001,0,O=c1c(CCN2CCc3oc4ccccc4c3C2)cnc2ccccn12,nonAC
Cc1c(c(=O)n2ccccc2n1)CCN3CCc4c(c5ccccc5s4)C3,8.76,375.140533292,3.8184200000000033,0,5,3,27,27,110.70900000000005,37.61000000000001,0,O=c1c(CCN2CCc3sc4ccccc4c3C2)cnc2ccccn12,nonAC
CN1CCN2c3c(cccn3)Cc4ccccc4C2C1,7.07,265.157897608,2.4789000000000003,0,3,0,20,20,81.06900000000005,19.37,0,c1ccc2c(c1)Cc1cccnc1N1CCNCC21,nonAC
Cc1ccc2nc(c(c(=O)n2c1)CCN3CCc4c(c5ccccc5o4)C3)C,9.46,373.179026976,3.6583400000000026,0,5,3,28,28,109.83500000000002,50.75000000000001,0,O=c1c(CCN2CCc3oc4ccccc4c3C2)cnc2ccccn12,nonAC
Cc1cccc2n1c(=O)c(c(n2)C)CCN3CCc4c(c5ccccc5o4)C3,9.54,373.179026976,3.6583400000000026,0,5,3,28,28,109.83500000000002,50.75000000000001,0,O=c1c(CCN2CCc3oc4ccccc4c3C2)cnc2ccccn12,nonAC
CN(C)CC1CC2c3ccccc3Cc4ccc(cc4N2O1)F,6.3,312.163791512,3.5431000000000026,0,3,2,23,23,88.91200000000005,15.71,0,c1ccc2c(c1)Cc1ccccc1N1OCCC21,nonAC
c1ccc2c(c1)cccc2Cc3c[nH]cn3,5.52,208.100048384,3.1537000000000006,1,1,2,16,16,65.34170000000003,28.68,0,c1ccc2c(Cc3c[nH]cn3)cccc2c1,nonAC
CC(c1cccc2c1cccc2)c3c[nH]cn3,5.28,222.115698448,3.7147000000000014,1,1,2,17,17,70.05270000000003,28.68,0,c1ccc2c(Cc3c[nH]cn3)cccc2c1,nonAC
c1ccc2c(c1)cccc2C(c3c[nH]cn3)O,4.21,224.094963004,2.644600000000001,2,2,2,17,17,66.59750000000003,48.91,0,c1ccc2c(Cc3c[nH]cn3)cccc2c1,nonAC
Cc1cccc(c1C)C(C)c2c[nH]cn2,5.47,200.131348512,3.1783400000000013,1,1,2,15,15,62.020700000000026,28.68,0,c1ccc(Cc2c[nH]cn2)cc1,nonAC
c1cc(ccc1N2CCN(CC2)Cc3ccc4c(c3)OCC(=O)N4)Cl,5.96,357.12440456,2.993100000000001,1,4,3,25,25,99.50870000000003,44.81,0,O=C1COc2cc(CN3CCN(c4ccccc4)CC3)ccc2N1,nonAC
CN(C)c1c2ccccc2nc(n1)NC3CCC(CC3)NC(=O)c4cc(cc(c4)OC)OC,7.15,449.242689852,3.866100000000002,2,7,7,33,33,130.5439,88.61000000000001,0,O=C(NC1CCC(Nc2ncc3ccccc3n2)CC1)c1ccccc1,nonAC
CN(C)c1c2ccccc2nc(n1)NC3CCC(CC3)NC(=O)c4cccc(c4)Br,7.2,467.132072552,4.611400000000003,2,5,5,30,30,125.13990000000004,70.15,0,O=C(NC1CCC(Nc2ncc3ccccc3n2)CC1)c1ccccc1,nonAC
Cc1cccc(c1)C(=O)NC2CCC(CC2)Nc3nc4ccccc4c(n3)N(C)C,6.96,403.23721054800006,4.157320000000003,2,5,5,30,30,122.17690000000005,70.14999999999999,0,O=C(NC1CCC(Nc2ncc3ccccc3n2)CC1)c1ccccc1,nonAC
CN(C)c1c2ccccc2nc(n1)NC3CCC(CC3)NC(=O)c4cccc(c4)C(F)(F)F,7.22,457.208945112,4.867700000000004,2,5,5,33,33,122.44190000000005,70.15,0,O=C(NC1CCC(Nc2ncc3ccccc3n2)CC1)c1ccccc1,nonAC
CN(C)c1c2ccccc2nc(n1)NC3CCC(CC3)NC(=O)c4cccc(c4)F,6.89,407.212138672,3.988000000000002,2,5,5,30,30,117.39790000000004,70.15,0,O=C(NC1CCC(Nc2ncc3ccccc3n2)CC1)c1ccccc1,nonAC
CN(C)c1c2ccccc2nc(n1)NC3CCC(CC3)NC(=O)c4cccc(c4)C#N,6.82,414.216809452,3.7205800000000018,2,6,5,31,31,122.15490000000004,93.94,0,O=C(NC1CCC(Nc2ncc3ccccc3n2)CC1)c1ccccc1,nonAC
CN(C)c1c2ccccc2nc(n1)NC3CCC(CC3)NC(=O)c4ccc(cc4)F,6.82,407.212138672,3.988000000000002,2,5,5,30,30,117.39790000000004,70.15,0,O=C(NC1CCC(Nc2ncc3ccccc3n2)CC1)c1ccccc1,nonAC
CN(C)c1c2ccccc2nc(n1)NC3CCC(CC3)NC(=O)c4cccc(c4)Cl,7.12,423.182588132,4.502300000000003,2,5,5,30,30,122.44990000000004,70.15,0,O=C(NC1CCC(Nc2ncc3ccccc3n2)CC1)c1ccccc1,nonAC
CN(C)c1c2ccccc2nc(n1)NC3CCC(CC3)NC(=O)c4cccc(c4)[N+](=O)[O-],7.01,434.206638692,3.757100000000002,2,7,6,32,32,124.09430000000006,113.29000000000002,0,O=C(NC1CCC(Nc2ncc3ccccc3n2)CC1)c1ccccc1,nonAC
CN(C)c1c2ccccc2nc(n1)NC3CCC(CC3)NC(=O)c4ccc(c(c4)F)F,6.785,425.20271686,4.127100000000002,2,5,5,31,31,117.35590000000006,70.15,0,O=C(NC1CCC(Nc2ncc3ccccc3n2)CC1)c1ccccc1,nonAC
CN(C)c1c2ccccc2nc(n1)NC3CCC(CC3)NC(=O)c4ccc(c(c4)Cl)Cl,7.33,457.14361578,5.155700000000005,2,5,5,31,31,127.45990000000002,70.15,0,O=C(NC1CCC(Nc2ncc3ccccc3n2)CC1)c1ccccc1,nonAC
CN(C)c1c2ccccc2nc(n1)NC3CCC(CC3)NC(=O)c4ccc(c(c4F)F)F,6.7,443.193295048,4.266200000000003,2,5,5,32,32,117.31390000000007,70.15,0,O=C(NC1CCC(Nc2ncc3ccccc3n2)CC1)c1ccccc1,nonAC
c1ccc2c(c1)cccc2S(=O)(=O)NCC3CCC(CC3)CNc4nc5ccccc5c(n4)N,7.01,475.2041961680001,4.562000000000002,3,6,7,34,34,137.0246,110.0,0,O=S(=O)(NCC1CCC(CNc2ncc3ccccc3n2)CC1)c1cccc2ccccc12,nonAC
CN(C)c1c2ccccc2nc(n1)NCC3CCC(CC3)CNS(=O)(=O)C,7.07,391.204196168,2.4633000000000003,2,6,7,27,27,110.64920000000004,87.22,0,c1ccc2nc(NCC3CCCCC3)ncc2c1,nonAC
CCCCS(=O)(=O)NCC1CCC(CC1)CNc2nc3ccccc3c(n2)N(C)C,7.24,433.25114636000006,3.633600000000002,2,6,10,30,30,124.50020000000006,87.22,0,c1ccc2nc(NCC3CCCCC3)ncc2c1,nonAC
CN(C)CCCOc1ccc(cc1Br)CCNC(=O)c2cc(c[nH]2)Br,6.73,471.0157011760001,3.8427000000000016,2,3,9,25,25,107.33790000000003,57.36,0,O=C(NCCc1ccccc1)c1ccc[nH]1,nonAC
c1ccc(c(c1)c2cn3c(csc3n2)CN4CCNCC4)NC(=O)c5cnc6ccccc6n5,5.55,469.1684793560001,3.6635000000000018,2,8,5,34,34,134.14289999999997,87.45,0,O=C(Nc1ccccc1-c1cn2c(CN3CCNCC3)csc2n1)c1cnc2ccccc2n1,nonAC
CCCN1CCC(CC1)COc2c3cccn3c4c(csc4n2)C,6.05,343.17183342000004,4.358220000000004,0,5,5,24,24,100.26200000000006,29.770000000000003,0,c1cc2c(OCC3CCNCC3)nc3sccc3n2c1,nonAC
CC1=C(c2cc(ccc2C1)S(=O)(=O)Nc3cccc4c3cccc4)CCN(C)C,5.96,406.171499072,4.921900000000004,1,3,6,29,29,120.66750000000005,49.41,0,O=S(=O)(Nc1cccc2ccccc12)c1ccc2c(c1)C=CC2,nonAC
CC1=C(c2cc(ccc2C1)NS(=O)(=O)c3csc4c3cccc4)CCN(C)C,6.16,412.127920008,4.983400000000005,1,4,6,28,28,118.54450000000004,49.41,0,O=S(=O)(Nc1ccc2c(c1)C=CC2)c1csc2ccccc12,nonAC
Cc1ccc(cc1)N2CCN(CC2)CCCn3c(=O)c(c(c(n3)C)C=C)N,6.5,367.23721054800006,2.2976400000000003,1,6,6,27,27,112.18640000000006,67.39,0,O=c1cccnn1CCCN1CCN(c2ccccc2)CC1,nonAC
COC(=O)C1C(CCC2C1CC3c4c(c5ccccc5[nH]4)CCN3C2)O,8.44,354.194342692,2.6471000000000013,2,4,1,26,26,98.66050000000006,65.56,0,c1ccc2c3c([nH]c2c1)C1CC2CCCCC2CN1CC3,nonAC
CCN(CC)C(=O)C1CN(C2Cc3c[nH]c4c3c(ccc4)C2=C1)C(=O)Nc5ccccc5,5.71,428.221226136,4.508300000000003,2,2,4,32,32,127.35240000000005,68.44,0,O=C(Nc1ccccc1)N1CCC=C2c3cccc4[nH]cc(c34)CC21,nonAC
Cc1cc(nc(n1)NC2CCC(CC2)NC(=O)c3ccc(cc3)Cl)N(C)C,6.14,387.182588132,3.6575200000000017,2,5,5,27,27,109.68090000000004,70.14999999999999,0,O=C(NC1CCC(Nc2ncccn2)CC1)c1ccccc1,nonAC
Cc1cc(nc(n1)NC2CCC(CC2)NC(=O)c3ccc(c(c3)Cl)Cl)N(C)C,6.89,421.14361578000006,4.310920000000003,2,5,5,28,28,114.69090000000004,70.14999999999999,0,O=C(NC1CCC(Nc2ncccn2)CC1)c1ccccc1,nonAC
Cc1cc(nc(n1)NC2CCC(CC2)NC(=O)c3cc(cc(c3)C(F)(F)F)C(F)(F)F)N(C)C,6.7,489.19632974000007,5.041720000000003,2,5,5,34,34,114.67490000000004,70.14999999999999,0,O=C(NC1CCC(Nc2ncccn2)CC1)c1ccccc1,nonAC
Cc1cccc(c1)C(=O)NC2CCC(CC2)Nc3ncc(c(n3)N(C)C)C,6.24,367.23721054800006,3.312540000000002,2,5,5,27,27,109.40790000000008,70.14999999999999,0,O=C(NC1CCC(Nc2ncccn2)CC1)c1ccccc1,nonAC
Cc1ccc(cc1)C(=O)NC2CCC(CC2)Nc3ncc(c(n3)N(C)C)C,5.75,367.23721054800006,3.312540000000002,2,5,5,27,27,109.40790000000008,70.14999999999999,0,O=C(NC1CCC(Nc2ncccn2)CC1)c1ccccc1,nonAC
Cc1cnc(nc1N(C)C)NC2CCC(CC2)NC(=O)c3ccc(cc3)F,6.33,371.212138672,3.143220000000001,2,5,5,27,27,104.62890000000004,70.15,0,O=C(NC1CCC(Nc2ncccn2)CC1)c1ccccc1,nonAC
Cc1cnc(nc1N(C)C)NC2CCC(CC2)NC(=O)c3ccc(cc3)Cl,5.8,387.182588132,3.6575200000000017,2,5,5,27,27,109.68090000000002,70.15,0,O=C(NC1CCC(Nc2ncccn2)CC1)c1ccccc1,nonAC
Cc1cnc(nc1N(C)C)NC2CCC(CC2)CNC(=O)c3ccc(c(c3)F)F,6.68,403.218366924,3.529920000000001,2,5,6,29,29,109.15590000000006,70.15,0,O=C(NCC1CCC(Nc2ncccn2)CC1)c1ccccc1,nonAC
c1cc2c(cc1NS(=O)(=O)c3c(nc4n3ccs4)Cl)C(=CC2)C5CCNC5,6.05,420.0481454640001,3.399000000000002,2,6,4,27,27,107.98720000000004,75.5,0,O=S(=O)(Nc1ccc2c(c1)C(C1CCNC1)=CC2)c1cnc2sccn12,nonAC
CC1=C(c2cc(ccc2C1)NS(=O)(=O)c3c(nc4n3ccs4)Cl)C5CCCN(C5)C,5.92,462.09509565600007,4.521400000000003,1,6,4,30,30,121.84850000000004,66.71,0,O=S(=O)(Nc1ccc2c(c1)C(C1CCCNC1)=CC2)c1cnc2sccn12,nonAC
c1cc(ccc1c2ccc(cn2)NC(=O)NCCCCN3CCCCC3)F,4.46,370.216889704,4.275300000000003,2,3,7,27,27,106.17740000000003,57.260000000000005,0,O=C(NCCCCN1CCCCC1)Nc1ccc(-c2ccccc2)nc1,nonAC
CC(C)(C)CC(C)(C)c1ccc(cc1)OCCOCC[N+](C)(C)Cc2ccccc2,5.51,412.32100600409,6.072400000000007,0,2,11,30,30,126.97540000000006,18.46,1,c1ccc(C[NH2+]CCOCCOc2ccccc2)cc1,nonAC
CC(C)(C)c1ccc(cc1)CN(C)Cc2cccc3c2cccc3,5.44,317.214349864,5.769300000000006,0,1,4,24,24,104.26100000000004,3.24,0,c1ccc(CNCc2cccc3ccccc23)cc1,nonAC
c1ccc2c(c1)nc(s2)SSc3nc4ccccc4s3,6.05,331.95703225600005,5.705400000000003,0,6,3,20,20,90.95400000000002,25.78,0,c1ccc2sc(SSc3nc4ccccc4s3)nc2c1,nonAC
c1c(cc(c(c1Sc2cc(cc(c2O)Cl)Cl)O)Cl)Cl,5.42,353.884261152,5.862600000000001,2,3,2,19,19,80.3766,40.46,0,c1ccc(Sc2ccccc2)cc1,nonAC
CN1C2CCC1CC(C2)OC(c3ccccc3)c4ccccc4,6.26,307.19361442,4.417800000000004,0,2,4,23,23,93.40700000000008,12.47,0,c1ccc(C(OC2CC3CCC(C2)N3)c2ccccc2)cc1,nonAC
COc1ccc(cc1)CCN2CCC(CC2)Nc3nc4ccccc4n3Cc5ccc(cc5)F,5.32,458.248189832,5.3513000000000055,1,5,8,34,34,135.01769999999996,42.32,0,c1ccc(CCN2CCC(Nc3nc4ccccc4n3Cc3ccccc3)CC2)cc1,nonAC
c1cc(c(c2c1nccn2)Br)NC3=NCCN3,6.53,291.01195742000004,1.7633999999999994,2,5,1,17,17,71.1654,62.2,0,c1cnc2cc(NC3=NCCN3)ccc2n1,nonAC
c1ccc2c(c1)N=C(c3cc(ccc3O2)Cl)N4CCNCC4,5.88,313.09818981200004,3.4292000000000007,1,4,0,22,22,88.60770000000005,36.86,0,c1ccc2c(c1)N=C(N1CCNCC1)c1ccccc1O2,nonAC
c1ccc2c(c1)cccc2N=C=S,5.2,185.029920224,3.5741000000000014,0,2,1,13,13,58.634000000000015,12.36,0,c1ccc2ccccc2c1,nonAC
CCCCCCCCCc1ccc(cc1)O,5.17,220.182715388,4.685300000000005,1,1,8,16,16,69.80380000000005,20.23,0,c1ccccc1,AC
CCCCCCCCc1ccc(cc1)O,4.85,206.167065324,4.295200000000005,1,1,7,15,15,65.18680000000005,20.23,0,c1ccccc1,AC
Cc1ccc(c(c1)C)N=CN(C)C=Nc2ccc(cc2C)C,6.03,293.18919773600004,4.871880000000004,0,2,4,22,22,95.89900000000004,27.96,0,C(=Nc1ccccc1)NC=Nc1ccccc1,nonAC
CN(C)CCC=C1c2ccccc2CCc3c1cccc3,6.46,277.183049736,4.168600000000003,0,1,3,21,21,90.54200000000006,3.24,0,C=C1c2ccccc2CCc2ccccc21,nonAC
CC(=O)Nc1ccc-2c(c1)Cc3c2cccc3,4.68,223.099714036,3.216200000000001,1,1,1,17,17,68.98770000000003,29.1,0,c1ccc2c(c1)Cc1ccccc1-2,nonAC
CCOC(=O)C1=C(NC(=C(C1c2ccccc2Cl)C(=O)OC)C)COCCN,6.22,408.14519958,2.2663,2,7,8,28,28,105.57710000000004,99.88,0,C1=CC(c2ccccc2)C=CN1,nonAC
c1c(c(cc(c1Cl)Cl)Cl)OCC#CI,5.91,359.837245788,4.4215,0,1,2,14,14,68.763,9.23,0,c1ccccc1,AC
CC(C)(C)c1ccc(cc1)C(=O)CCCN2CCC(CC2)OC(c3ccccc3)c4ccccc4,6.08,469.298079488,7.217600000000008,0,3,9,35,35,143.9804999999998,29.540000000000003,0,O=C(CCCN1CCC(OC(c2ccccc2)c2ccccc2)CC1)c1ccccc1,nonAC
CN(C)c1ccc(cc1)C(=C2C=CC(=[N+](C)C)C=C2)c3ccc(cc3)N(C)C,6.27,372.24342438009,4.459600000000004,0,2,4,28,28,122.95540000000004,9.49,1,[N+]=C1C=CC(=C(c2ccccc2)c2ccccc2)C=C1,nonAC
c1cc(ccc1COC(Cn2ccnc2)c3ccc(cc3Cl)Cl)Cl,5.36,380.02499614,5.801400000000003,0,3,6,24,24,97.67100000000002,27.05,0,c1ccc(COC(Cn2ccnc2)c2ccccc2)cc1,nonAC
CNCC(c1ccc(c(c1)O)O)O,6.13,183.089543276,0.3505999999999998,4,4,3,13,13,48.65810000000003,72.72,0,c1ccccc1,AC
c1cc(c(c(c1)Cl)C=NNC(=N)N)Cl,7.39,230.012601616,1.81037,3,2,2,14,14,59.1058,74.26,0,c1ccccc1,AC
c1c(c(c(c(c1Cl)Cl)Cc2c(c(cc(c2Cl)Cl)Cl)O)O)Cl,5.26,403.84989551199993,6.609000000000001,2,2,2,21,21,89.0796,40.46,0,c1ccc(Cc2ccccc2)cc1,nonAC
CCC1CN2CCc3cc(c(cc3C2CC1CC4c5cc(c(cc5CCN4)OC)OC)OC)OC,7.42,480.2988077599999,4.943400000000004,1,6,7,35,35,138.06269999999995,52.19000000000001,0,c1ccc2c(c1)CCNC2CC1CCN2CCc3ccccc3C2C1,nonAC
c1cc(c(c(c1)Cl)CC(=O)NC(=N)N)Cl,6.87,245.012267268,1.5455699999999997,3,2,2,15,15,60.2228,78.97,0,c1ccccc1,AC
c1ccc(cc1)C=CCN2CCN(CC2)C(c3ccc(cc3)F)c4ccc(cc4)F,6.24,404.206405272,5.3852000000000055,0,2,6,30,30,118.13200000000003,6.48,0,C(=Cc1ccccc1)CN1CCN(C(c2ccccc2)c2ccccc2)CC1,nonAC
CC(CO)NC(=O)C1CN(C2Cc3c[nH]c4c3c(ccc4)C2=C1)C,5.78,325.179026976,1.5346000000000002,3,3,3,24,24,94.57820000000004,68.36,0,C1=C2c3cccc4[nH]cc(c34)CC2NCC1,AC
c1ccc2c(c1)N(c3cc(ccc3S2)C(F)(F)F)CCCN4CCN(CC4)CCO,6.67,437.174868112,4.308100000000005,1,5,6,30,30,113.59780000000003,29.950000000000003,0,c1ccc2c(c1)Sc1ccccc1N2CCCN1CCNCC1,nonAC
c1ccc2c(c1)[nH]c(=O)n2C3=CCN(CC3)CCCC(=O)c4ccc(cc4)F,5.53,379.169605164,3.6784000000000026,1,4,6,28,28,107.85320000000002,58.1,0,O=C(CCCN1CC=C(n2c(=O)[nH]c3ccccc32)CC1)c1ccccc1,nonAC
c1cc(ccc1C(=O)CCCN2CCC(CC2)(c3ccc(cc3)Cl)O)F,5.3,375.140134876,4.425600000000005,1,3,6,26,26,100.98730000000003,40.540000000000006,0,O=C(CCCN1CCC(c2ccccc2)CC1)c1ccccc1,nonAC
c1cc(c(c(c1)Cl)NC2=NCCN2)Cl,6.55,229.017352648,2.3645,2,3,1,14,14,60.38940000000001,36.42,0,c1ccc(NC2=NCCN2)cc1,nonAC
CC1(CCCCC1)COc2ccc(cc2)CC3C(=O)NC(=O)S3,4.78,333.139864596,3.9299000000000017,1,4,5,23,23,91.75070000000004,55.4,0,O=C1NC(=O)C(Cc2ccc(OCC3CCCCC3)cc2)S1,nonAC
COc1cc(c(cc1C(=O)NC2CCN(CC2OC)CCCOc3ccc(cc3)F)Cl)N,5.75,465.1830623080001,3.358100000000001,2,6,9,32,32,122.03660000000004,86.05,0,O=C(NC1CCN(CCCOc2ccccc2)CC1)c1ccccc1,nonAC
CN(C)CCC=C1c2ccccc2COc3c1cccc3,5.88,279.162314292,3.9624000000000033,0,2,3,21,21,87.46600000000005,12.47,0,C=C1c2ccccc2COc2ccccc21,nonAC
CN1CCN(CC1)C(c2ccccc2)c3ccccc3,5.81,266.178298704,3.0234000000000014,0,2,3,20,20,83.79700000000005,6.48,0,c1ccc(C(c2ccccc2)N2CCNCC2)cc1,nonAC
CCN(CC)C(=S)SSC(=S)N(CC)CC,5.31,296.05093264,3.621200000000002,0,4,4,16,16,86.22000000000004,6.48,0,,nonAC
c1ccc(cc1)C(c2ccccc2)(c3ccccc3Cl)n4ccnc4,4.93,344.10802622400007,5.376700000000004,0,2,4,25,25,101.84300000000005,17.82,0,c1ccc(C(c2ccccc2)(c2ccccc2)n2ccnc2)cc1,nonAC
CCC(=C(CC)c1ccc(cc1)O)c2ccc(cc2)O,4.85,268.14632988,4.828600000000005,2,2,4,20,20,83.60960000000004,40.46,0,C(=Cc1ccccc1)c1ccccc1,nonAC
CCN(CC)CCOc1ccc(cc1)C(=C(c2ccccc2)Cl)c3ccccc3,6.03,405.185942196,6.562600000000007,0,2,9,29,29,124.37800000000004,12.47,0,C(=C(c1ccccc1)c1ccccc1)c1ccccc1,nonAC
CN1CCN(CC1)C2=Nc3cc(ccc3Nc4c2cccc4)Cl,7.05,326.129824288,3.7227000000000015,1,4,0,23,23,96.44370000000004,30.87,0,c1ccc2c(c1)N=C(N1CCNCC1)c1ccccc1N2,nonAC
CN(C)CCCN1c2ccccc2Sc3c1cc(cc3)Cl,6.45,318.095747288,4.894400000000004,0,3,4,21,21,92.19400000000005,6.48,0,c1ccc2c(c1)Nc1ccccc1S2,nonAC
c1ccc(cc1)C=CCN2CCN(CC2)C(c3ccccc3)c4ccccc4,6.35,368.225248896,5.1070000000000055,0,2,6,28,28,118.21600000000004,6.48,0,C(=Cc1ccccc1)CN1CCN(C(c2ccccc2)c2ccccc2)CC1,nonAC
c1ccc2c(c1)[nH]c(=O)n2CCCN3CCC(CC3)n4c5ccc(cc5[nH]c4=O)Cl,5.56,425.161852688,3.353200000000002,2,5,5,30,30,119.45540000000004,78.82,0,O=c1[nH]c2ccccc2n1CCCN1CCC(n2c(=O)[nH]c3ccccc32)CC1,nonAC
CN(C)CCCN1c2ccccc2CCc3c1cc(cc3)Cl,5.85,314.154976416,4.528400000000004,0,2,4,22,22,95.47900000000006,6.48,0,c1ccc2c(c1)CCc1ccccc1N2,nonAC
CN1CCC(=C2c3ccccc3C=Cc4c2cccc4)CC1,6.55,287.167399672,4.697900000000004,0,1,0,22,22,94.56500000000004,3.24,0,C1=Cc2ccccc2C(=C2CCNCC2)c2ccccc21,nonAC
CC12CCC3C(C1CCC2(C#C)O)CCC4=Cc5c(cno5)CC34C,4.74,337.204179104,4.221000000000004,1,3,0,25,25,96.35280000000004,46.260000000000005,0,C1=C2CCC3C4CCCC4CCC3C2Cc2cnoc21,nonAC
CN(C)CCC(c1ccc(cc1)Cl)c2ccccn2,4.69,274.123676288,3.818600000000002,0,2,5,19,19,80.70300000000005,16.130000000000003,0,c1ccc(Cc2ccccn2)cc1,nonAC
COc1ccccc1OCCNCC(COc2cccc3c2c4ccccc4[nH]3)O,6.98,406.189257312,3.7380000000000018,3,5,10,30,30,118.66520000000004,75.74,0,c1ccc(OCCNCCCOc2cccc3[nH]c4ccccc4c23)cc1,nonAC
CCCCCCCCCCCCCCCC[n+]1ccccc1,6.62,304.29987663609,6.455400000000006,0,0,15,22,22,96.94900000000008,3.88,1,c1cc[nH+]cc1,nonAC
CC(c1ccccc1)(c2ccc(cc2)Cl)OCCC3CCCN3C,6.74,343.170292132,5.104400000000005,0,2,6,24,24,100.56900000000007,12.47,0,c1ccc(C(OCCC2CCCN2)c2ccccc2)cc1,nonAC
Cc1cc(c(c(c1CC2=NCCN2)C)O)C(C)(C)C,7.64,260.188863388,2.850740000000001,2,3,2,19,19,80.28950000000003,44.620000000000005,0,c1ccc(CC2=NCCN2)cc1,nonAC
c1cc(ccc1C(=N)N)OCCCCCOc2ccc(cc2)C(=N)N,5.86,340.18992600800004,2.88284,4,4,10,25,25,99.75720000000004,118.2,0,c1ccc(OCCCCCOc2ccccc2)cc1,nonAC
CN(C)CCCN1c2ccccc2Sc3c1cccc3,6.47,284.13471964,4.241000000000003,0,3,4,20,20,87.18400000000005,6.48,0,c1ccc2c(c1)Nc1ccccc1S2,nonAC
CC(CN1c2ccccc2Sc3c1cccc3)N(C)C,6.17,284.13471964,4.239400000000004,0,3,3,20,20,87.16200000000006,6.48,0,c1ccc2c(c1)Nc1ccccc1S2,nonAC
CCCN1CC(CC2C1Cc3c[nH]c4c3c2ccc4)CSC,6.58,314.18166983199995,4.271100000000003,1,2,4,22,22,96.88470000000008,19.03,0,c1cc2c3c(c[nH]c3c1)CC1NCCCC21,nonAC
COc1cc2c(cc1OC)nc(nc2N)N3CCN(CC3)C(=O)c4ccco4,5.58,383.159354152,1.7845999999999995,1,8,4,28,28,103.87890000000004,106.95,0,O=C(c1ccco1)N1CCN(c2ncc3ccccc3n2)CC1,nonAC
CN(C)CCN(Cc1ccc(cc1)OC)c2ccccn2,5.53,285.184112356,2.6584000000000003,0,4,7,21,21,86.83500000000006,28.6,0,c1ccc(CNc2ccccn2)cc1,nonAC
Cc1cc2c(s1)Nc3ccccc3N=C2N4CCN(CC4)C,6.27,312.14086764,3.439220000000004,1,5,0,22,22,94.04770000000003,30.870000000000005,0,c1ccc2c(c1)N=C(N1CCNCC1)c1ccsc1N2,nonAC
Cc1ccc(cc1)N(CC2=NCCN2)c3cccc(c3)O,8.22,281.152812228,2.8404200000000013,2,4,4,21,21,86.59650000000005,47.86,0,c1ccc(N(CC2=NCCN2)c2ccccc2)cc1,nonAC
c1ccc2c(c1)N(c3cc(ccc3S2)Cl)CCCN4CCC(CC4)C(=O)N,7.18,401.132861068,4.530100000000003,1,4,5,27,27,111.99840000000006,49.57,0,c1ccc2c(c1)Sc1ccccc1N2CCCN1CCCCC1,nonAC
c1cc(c(cc1Cl)Cl)CON=C(Cn2ccnc2)c3ccc(cc3Cl)Cl,5.39,426.981272756,6.117800000000004,0,4,6,26,26,106.477,39.41,0,c1ccc(CON=C(Cn2ccnc2)c2ccccc2)cc1,nonAC
CNCCC=C1c2ccccc2CCc3c1cccc3,6.14,263.167399672,3.826400000000003,1,1,3,20,20,85.91470000000005,12.03,0,C=C1c2ccccc2CCc2ccccc21,nonAC
c1ccc2c(c1)C(=Nc3ccccc3S2)N4CCN(CC4)CCOCCO,5.6,383.16674804,2.856000000000001,1,6,5,27,27,109.12180000000004,48.3,0,c1ccc2c(c1)N=C(N1CCNCC1)c1ccccc1S2,nonAC
CN1CCN(CC1)CCCN2c3ccccc3Sc4c2cc(cc4)Cl,6.77,373.137946448,4.580200000000004,0,4,4,25,25,107.57700000000004,9.72,0,c1ccc2c(c1)Sc1ccccc1N2CCCN1CCNCC1,nonAC
CCN(CC)CCCC(C)Nc1c2ccc(cc2nc3c1cc(cc3)OC)Cl,5.64,399.20774026,5.972400000000006,1,4,9,28,28,120.91770000000004,37.39,0,c1ccc2nc3ccccc3cc2c1,nonAC
Cc1ccccc1C(c2ccccc2)OCCN(C)C,5.67,269.177964356,3.662620000000002,0,2,6,20,20,83.97000000000006,12.47,0,c1ccc(Cc2ccccc2)cc1,nonAC
CNCCCC12CCC(c3c1cccc3)c4c2cccc4,5.74,277.183049736,4.211400000000004,1,1,4,21,21,87.90170000000006,12.03,0,c1ccc2c(c1)C1CCC2c2ccccc21,nonAC
CCN(CC)CCNC(=O)c1cc(c(cc1OC)N)Cl,5.57,299.140054624,2.0024,2,4,7,20,20,82.53760000000004,67.59,0,c1ccccc1,AC
c1cc(c(cc1Cl)Cl)COC(Cn2ccnc2)c3ccc(cc3Cl)Cl,5.4,413.986023788,6.454800000000004,0,3,6,25,25,102.681,27.05,0,c1ccc(COC(Cn2ccnc2)c2ccccc2)cc1,nonAC
Cn1cc2c3c1cccc3C4CC(CN(C4C2)C)CNC(=O)OCc5ccccc5,7.24,403.225977168,4.064700000000003,1,4,4,30,30,118.51870000000002,46.5,0,O=C(NCC1CNC2Cc3c[nH]c4cccc(c34)C2C1)OCc1ccccc1,nonAC
CCN(CC)C(=O)NC1CN(C2Cc3c[nH]c4c3c(ccc4)C2=C1)C,9.51,338.210661452,2.841400000000001,2,2,3,25,25,101.63840000000006,51.370000000000005,0,C1=C2c3cccc4[nH]cc(c34)CC2NCC1,AC
CN(C)CCN(Cc1cccs1)c2ccccn2,5.93,261.129968608,2.7113000000000005,0,4,6,18,18,78.16000000000005,19.37,0,c1ccc(NCc2cccs2)nc1,nonAC
CCOc1cc(c(cc1C(=O)NCC2CN(CCO2)Cc3ccc(cc3)F)Cl)N,5.43,421.1568475600001,3.0908000000000007,2,5,7,29,29,110.78360000000004,76.82,0,O=C(NCC1CN(Cc2ccccc2)CCO1)c1ccccc1,nonAC
CCC(CO)NC(=O)C1CN(C2Cc3c[nH]c4c3c(ccc4)C2=C1)C,5.8,339.19467704,1.9247000000000003,3,3,4,25,25,99.19520000000006,68.36,0,C1=C2c3cccc4[nH]cc(c34)CC2NCC1,AC
CN1CCCC(C1)CN2c3ccccc3Sc4c2cccc4,5.84,310.150369704,4.631100000000004,0,3,2,22,22,94.23400000000004,6.48,0,c1ccc2c(c1)Sc1ccccc1N2CC1CCCNC1,nonAC
c1ccc(c(c1)C(c2ccc(cc2)Cl)C(Cl)Cl)Cl,5.13,317.95366104,5.929000000000001,0,0,3,18,18,80.24100000000003,0.0,0,c1ccc(Cc2ccccc2)cc1,nonAC
CCC(CO)NC(=O)C1CN(C2Cc3cn(c4c3c(ccc4)C2=C1)C)C,5.79,353.210327104,1.9351000000000005,2,4,4,26,26,103.81550000000009,57.5,0,C1=C2c3cccc4[nH]cc(c34)CC2NCC1,AC
CN1CCC(=C2c3ccccc3CC(=O)c4c2ccs4)CC1,5.66,309.11873522800005,4.014400000000004,0,3,0,22,22,91.54850000000005,20.31,0,O=C1Cc2ccccc2C(=C2CCNCC2)c2ccsc21,nonAC
c1cc(c(c(c1)Cl)c2c3ccc(nn3cnc2=O)Sc4ccc(cc4F)F)Cl,4.47,434.981144708,5.492700000000002,0,5,3,28,28,105.19400000000002,47.260000000000005,0,O=c1ncn2nc(Sc3ccccc3)ccc2c1-c1ccccc1,nonAC
c1ccn2c(c1)nn(c2=O)CCCN3CCN(CC3)c4cccc(c4)Cl,6.04,371.151288004,2.3617,0,6,5,26,26,104.17400000000002,45.78,0,O=c1n(CCCN2CCN(c3ccccc3)CC2)nc2ccccn12,nonAC
CC(C)C(CCCN(C)CCc1ccc(c(c1)OC)OC)(C#N)c2ccc(c(c2)OC)OC,6.24,454.283157696,5.093080000000005,0,6,13,33,33,131.656,63.95,0,c1ccc(CCCCNCCc2ccccc2)cc1,nonAC
COC(=O)C1C(CCC2C1CC3c4c(c5ccccc5[nH]4)CCN3C2)O,8.145,354.194342692,2.6471000000000013,2,4,1,26,26,98.66050000000006,65.56,0,c1ccc2c3c([nH]c2c1)C1CC2CCCCC2CN1CC3,nonAC
COc1cc2c(cc1OC)nc(nc2N)N3CCN(CC3)C(=O)C4CCCO4,4.86,387.19065428,1.0567999999999995,1,8,4,28,28,104.82140000000004,103.04,0,O=C(C1CCCO1)N1CCN(c2ncc3ccccc3n2)CC1,nonAC
CN1CCCCC1CCN2c3ccccc3Sc4c2cc(cc4)SC,6.88,370.153740832,5.8856000000000055,0,4,4,25,25,110.68000000000004,6.48,0,c1ccc2c(c1)Sc1ccccc1N2CCC1CCCCN1,nonAC
CC(Cc1ccccc1)N(C)CC#C,5.75,187.136099544,2.1826,0,1,4,14,14,61.07100000000004,3.24,0,c1ccccc1,AC
c1cc(ccc1CSC(Cn2ccnc2)c3ccc(cc3Cl)Cl)Cl,5.39,396.00215252,6.5180000000000025,0,3,6,24,24,104.17700000000002,17.82,0,c1ccc(CSC(Cn2ccnc2)c2ccccc2)cc1,nonAC
CCC(=C(c1ccccc1)c2ccc(cc2)OCCN(C)C)c3ccccc3,5.71,371.224914548,5.996100000000006,0,2,8,28,28,119.58200000000004,12.47,0,C(=C(c1ccccc1)c1ccccc1)c1ccccc1,nonAC
CCN(CC)CCNC(=O)c1cc(ccc1OC)S(=O)(=O)C,5.68,328.145678248,1.1703,1,5,8,22,22,86.22500000000005,75.71000000000001,0,c1ccccc1,AC
CC(C)(C)C#CC=CCN(C)Cc1cccc2c1cccc2,5.24,291.1986998,4.877300000000004,0,1,4,22,22,96.65300000000003,3.24,0,c1ccc2ccccc2c1,nonAC
Cc1c(c(=O)n2c(n1)CCCC2)CCN3CCC(CC3)c4c5ccc(cc5on4)F,8.01,410.211804324,3.5904200000000026,0,6,4,30,30,112.25800000000004,64.16,0,O=c1c(CCN2CCC(c3noc4ccccc34)CC2)cnc2n1CCCC2,nonAC
CC1CCC(CC1)NC(=O)N(CCCl)N=O,5.32,247.108754496,2.496900000000001,1,3,4,16,16,63.172700000000034,61.77,0,C1CCCCC1,nonAC
CNC1CCC(c2c1cccc2)c3ccc(c(c3)Cl)Cl,6.54,305.073804904,5.179600000000003,1,1,2,20,20,85.78170000000004,12.03,0,c1ccc(C2CCCc3ccccc32)cc1,nonAC
CCCCCCCCNC(C)C(c1ccc(cc1)SC(C)C)O,5.69,337.24393574,5.559100000000007,2,3,12,23,23,103.23550000000009,32.26,0,c1ccccc1,AC
c1ccc(c(c1)CN2CCc3c(ccs3)C2)Cl,6.42,263.053548128,3.959800000000003,0,2,2,17,17,73.58900000000003,3.24,0,c1ccc(CN2CCc3sccc3C2)cc1,nonAC
CCN1CCCC1CNC(=O)c2cc(ccc2OC)S(=O)(=O)N,5.7,341.140927216,0.5567000000000012,2,5,6,23,23,86.96940000000005,101.73,0,O=C(NCC1CCCN1)c1ccccc1,nonAC
c1cc(ccc1c2c(c3ccc(cc3s2)O)C(=O)c4ccc(cc4)OCCN5CCCCC5)O,5.78,473.166079344,6.075200000000008,2,6,7,34,34,136.25109999999995,70.0,0,O=C(c1ccc(OCCN2CCCCC2)cc1)c1c(-c2ccccc2)sc2ccccc12,nonAC
c1cc(sc1)C(=N)Nc2ccc3c(c2)CCN3C4CCNCC4,4.62,326.156517704,3.3000700000000007,3,4,3,23,23,98.15410000000004,51.150000000000006,0,N=C(Nc1ccc2c(c1)CCN2C1CCNCC1)c1cccs1,nonAC
Cc1ccc(c2c1CCC2)OCC(C(C)NC(C)C)O,9.3,277.204179104,2.609920000000001,2,3,6,20,20,82.43950000000005,41.49,0,c1ccc2c(c1)CCC2,nonAC
