SMILES,label,mw,logp,nhbd,nhba,nrbonds,natoms,nhatoms,mr,tpsa,fcharge,scaffold,AC_status
CC(C)CN(C)Cc1cc(ccc1O)C(=O)c2cc(sc2)S(=O)(=O)N,8.05,382.102099184,2.4199,2,6,7,25,25,98.40350000000004,100.7,0,O=C(c1ccccc1)c1ccsc1,nonAC
COc1ccc(cc1)C(=O)c2cc(oc2)S(=O)(=O)N,8.7,281.03579345200006,1.1666,1,5,4,19,19,66.50770000000001,99.6,0,O=C(c1ccccc1)c1ccoc1,nonAC
CN(C)Cc1cc(ccc1O)C(=O)c2cc(sc2)S(=O)(=O)N,8.19,340.05514899199994,1.3937,2,6,5,22,22,84.62250000000003,100.7,0,O=C(c1ccccc1)c1ccsc1,nonAC
c1cc(ccc1CN2CCOCC2)S(=O)(=O)c3cc(sc3)S(=O)(=O)N,8.12,402.037784676,1.0605000000000002,1,7,5,25,25,93.68200000000004,106.77,0,O=S(=O)(c1ccc(CN2CCOCC2)cc1)c1ccsc1,nonAC
CC(C)CN(C)Cc1cc(ccc1O)S(=O)(=O)c2cc(sc2)S(=O)(=O)N,8.3,418.069084804,2.0217,2,7,7,26,26,100.42280000000004,117.77,0,O=S(=O)(c1ccccc1)c1ccsc1,nonAC
CC(C)CCNCc1cccc(c1)C(=O)c2cc(sc2)S(=O)(=O)N,8.05,366.107184564,2.7622,2,5,8,24,24,96.72840000000004,89.26,0,O=C(c1ccccc1)c1ccsc1,nonAC
CN1CCN(CC1)Cc2ccc(cc2)S(=O)(=O)c3cc(sc3)S(=O)(=O)N,7.96,415.0694191520001,0.9757,1,7,5,26,26,100.36000000000004,100.78,0,O=S(=O)(c1ccc(CN2CCNCC2)cc1)c1ccsc1,nonAC
CN1CCN(CC1)Cc2ccccc2S(=O)(=O)c3cc(sc3)S(=O)(=O)N,7.64,415.0694191520001,0.9757,1,7,5,26,26,100.36000000000004,100.78,0,O=S(=O)(c1ccsc1)c1ccccc1CN1CCNCC1,nonAC
CN(C)Cc1cc(ccc1O)S(=O)(=O)c2cc(oc2)S(=O)(=O)N,8.16,360.044978232,0.5270000000000004,2,7,5,23,23,81.03080000000003,130.91,0,O=S(=O)(c1ccccc1)c1ccoc1,nonAC
CCN(CC)Cc1cc(ccc1O)S(=O)(=O)c2cc(sc2)S(=O)(=O)N,8.05,404.05343474,1.7756999999999998,2,7,7,25,25,95.87580000000004,117.77,0,O=S(=O)(c1ccccc1)c1ccsc1,nonAC
Cc1ccc(cc1)S(=O)(=O)c2cc(oc2)S(=O)(=O)N,8.38,301.00786445200004,1.06822,1,5,3,19,19,66.71200000000002,107.43999999999998,0,O=S(=O)(c1ccccc1)c1ccoc1,nonAC
CC(C)CNCc1ccc(cc1)C(=O)c2cc(sc2)S(=O)(=O)N,8.32,352.0915345,2.3721,2,5,7,23,23,92.11140000000005,89.26,0,O=C(c1ccccc1)c1ccsc1,nonAC
CNCc1ccc(cc1)C(=O)c2cc(sc2)S(=O)(=O)N,8.35,310.044584308,1.3459,2,5,5,20,20,78.33040000000003,89.26,0,O=C(c1ccccc1)c1ccsc1,nonAC
CCCCNCc1ccc(cc1)C(=O)c2cc(sc2)S(=O)(=O)N,7.92,352.0915345,2.5162,2,5,8,23,23,92.18140000000004,89.26,0,O=C(c1ccccc1)c1ccsc1,nonAC
c1cc(cc(c1)S(=O)(=O)c2cc(sc2)S(=O)(=O)N)O,8.68,318.964285388,0.9339000000000002,2,6,3,19,19,69.25080000000001,114.53,0,O=S(=O)(c1ccccc1)c1ccsc1,nonAC
CN1CCN(CC1)Cc2ccc(cc2)C(=O)c3cc(sc3)S(=O)(=O)N,8.4,379.102433532,1.3739,1,6,5,25,25,98.34070000000004,83.71000000000001,0,O=C(c1ccc(CN2CCNCC2)cc1)c1ccsc1,nonAC
CC(C)CNCc1ccc(cc1O)S(=O)(=O)c2cc(sc2)S(=O)(=O)N,7.85,404.05343474,1.6795,3,7,7,25,25,95.79550000000005,126.56,0,O=S(=O)(c1ccccc1)c1ccsc1,nonAC
CC(C)CNCc1cccc(c1)C(=O)c2cc(sc2)S(=O)(=O)N,7.89,352.0915345,2.3721,2,5,7,23,23,92.11140000000005,89.26,0,O=C(c1ccccc1)c1ccsc1,nonAC
COc1ccc(cc1)S(=O)(=O)c2cc(sc2)S(=O)(=O)N,7.35,332.979935452,1.2369000000000003,1,6,4,20,20,74.13800000000003,103.53,0,O=S(=O)(c1ccccc1)c1ccsc1,nonAC
c1ccc(c(c1)CNCc2ccccn2)S(=O)(=O)c3cc(sc3)S(=O)(=O)N,7.82,423.0381190240001,1.9131,2,7,7,27,27,102.36670000000002,119.21999999999998,0,O=S(=O)(c1ccsc1)c1ccccc1CNCc1ccccn1,nonAC
c1cc(ccc1O)S(=O)(=O)c2cc(oc2)S(=O)(=O)N,8.38,302.987129008,0.4654,2,6,3,19,19,63.63980000000002,127.66999999999996,0,O=S(=O)(c1ccccc1)c1ccoc1,nonAC
c1cc(ccc1O)S(=O)(=O)c2cc(sc2)S(=O)(=O)N,8.3,318.964285388,0.9339000000000002,2,6,3,19,19,69.25080000000003,114.53,0,O=S(=O)(c1ccccc1)c1ccsc1,nonAC
CCCCNCc1ccc(cc1)S(=O)(=O)c2cc(sc2)S(=O)(=O)N,7.54,388.05852012,2.1180000000000003,2,6,8,24,24,94.20070000000004,106.33,0,O=S(=O)(c1ccccc1)c1ccsc1,nonAC
CCN(CC)Cc1cc(ccc1O)S(=O)(=O)c2cc(oc2)S(=O)(=O)N,8.0,388.0762783599999,1.3072,2,7,7,25,25,90.26480000000004,130.91,0,O=S(=O)(c1ccccc1)c1ccoc1,nonAC
c1cc(cc(c1)C(=O)c2cc(sc2)S(=O)(=O)N)CN3CCOCC3,8.3,366.070799056,1.4587,1,6,5,24,24,91.66270000000004,89.7,0,O=C(c1ccsc1)c1cccc(CN2CCOCC2)c1,nonAC
CC(C)CNCc1ccc(cc1)S(=O)(=O)c2cc(sc2)S(=O)(=O)N,7.89,388.05852012,1.9739,2,6,7,24,24,94.13070000000003,106.33,0,O=S(=O)(c1ccccc1)c1ccsc1,nonAC
CC(C)(C)NCc1ccc(cc1)S(=O)(=O)c2cc(sc2)S(=O)(=O)N,7.44,388.05852012,2.1164,2,6,5,24,24,94.17870000000003,106.33,0,O=S(=O)(c1ccccc1)c1ccsc1,nonAC
c1cc(ccc1CN2CCOCC2)C(=O)c3cc(sc3)S(=O)(=O)N,8.43,366.070799056,1.4587000000000003,1,6,5,24,24,91.66270000000004,89.7,0,O=C(c1ccc(CN2CCOCC2)cc1)c1ccsc1,nonAC
CC(C)CNCc1cccc(c1)S(=O)(=O)c2cc(sc2)S(=O)(=O)N,7.92,388.05852012,1.9739,2,6,7,24,24,94.13070000000003,106.33,0,O=S(=O)(c1ccccc1)c1ccsc1,nonAC
c1ccc(cc1)CNCc2ccc(cc2)C(=O)c3cc(sc3)S(=O)(=O)N,8.62,386.075884436,2.916300000000001,2,5,7,26,26,102.55240000000002,89.26,0,O=C(c1ccc(CNCc2ccccc2)cc1)c1ccsc1,nonAC
CCN(CC)Cc1cc(ccc1O)C(=O)c2cc(sc2)S(=O)(=O)N,8.16,368.08644912,2.1739,2,6,7,24,24,93.85650000000004,100.7,0,O=C(c1ccccc1)c1ccsc1,nonAC
CN(C)Cc1cc(ccc1O)S(=O)(=O)c2cc(sc2)S(=O)(=O)N,8.05,376.022134612,0.9955000000000004,2,7,5,23,23,86.64180000000003,117.77,0,O=S(=O)(c1ccccc1)c1ccsc1,nonAC
COc1ccc(cc1)S(=O)(=O)c2cc(oc2)S(=O)(=O)N,8.6,317.002779072,0.7684000000000002,1,6,4,20,20,68.52700000000003,116.67,0,O=S(=O)(c1ccccc1)c1ccoc1,nonAC
c1cc(ccc1C(=O)c2cc(sc2)S(=O)(=O)N)O,8.6,282.997299768,1.3320999999999998,2,5,3,18,18,67.23150000000001,97.46,0,O=C(c1ccccc1)c1ccsc1,nonAC
Cc1ccc(cc1)C(=O)c2cc(sc2)S(=O)(=O)N,8.7,281.01803521200003,1.9349200000000004,1,4,3,18,18,70.30370000000002,77.23,0,O=C(c1ccccc1)c1ccsc1,nonAC
CC(C)CNCc1ccccc1S(=O)(=O)c2cc(sc2)S(=O)(=O)N,7.75,388.05852012,1.9739,2,6,7,24,24,94.13070000000003,106.33,0,O=S(=O)(c1ccccc1)c1ccsc1,nonAC
CCN(CC)Cc1ccc(cc1O)S(=O)(=O)c2cc(sc2)S(=O)(=O)N,7.8,404.05343474,1.7756999999999998,2,7,7,25,25,95.87580000000004,117.77,0,O=S(=O)(c1ccccc1)c1ccsc1,nonAC
COc1ccc(cc1)C(=O)c2cc(sc2)S(=O)(=O)N,8.5,297.01294983200006,1.6351,1,5,4,19,19,72.11870000000002,86.46000000000001,0,O=C(c1ccccc1)c1ccsc1,nonAC
Cc1ccc(cc1)S(=O)(=O)c2cc(sc2)S(=O)(=O)N,8.5,316.98502083200003,1.5367200000000003,1,5,3,19,19,72.32300000000002,94.3,0,O=S(=O)(c1ccccc1)c1ccsc1,nonAC
CCC(C)NCc1cccc(c1)S(=O)(=O)c2cc(sc2)S(=O)(=O)N,7.59,388.05852012,2.1164,2,6,7,24,24,94.17870000000003,106.33,0,O=S(=O)(c1ccccc1)c1ccsc1,nonAC
c1ccnc(c1)CNCc2ccc(cc2)S(=O)(=O)c3cc(sc3)S(=O)(=O)N,8.1,423.0381190240001,1.9131,2,7,7,27,27,102.36670000000002,119.21999999999998,0,O=S(=O)(c1ccc(CNCc2ccccn2)cc1)c1ccsc1,nonAC
CC(C)NCc1cccc(c1)S(=O)(=O)c2cc(sc2)S(=O)(=O)N,7.66,374.042870056,1.7263000000000002,2,6,6,23,23,89.56170000000004,106.33,0,O=S(=O)(c1ccccc1)c1ccsc1,nonAC
COCCNCc1cc2cc(sc2s1)S(=O)(=O)N,8.3,306.016655308,1.3462,2,6,6,18,18,74.65790000000003,81.42,0,c1cc2ccsc2s1,nonAC
COCCN(CCOC)Cc1cc2cc(sc2s1)S(=O)(=O)N,8.38,364.05852012,1.705,1,7,9,22,22,90.10420000000003,81.86,0,c1cc2ccsc2s1,nonAC
CC(C)CNCc1cc2c(s1)cc(s2)S(=O)(=O)N,8.55,304.037390752,2.3558,2,5,5,18,18,77.61990000000003,72.19,0,c1cc2sccc2s1,nonAC
c1cc(c(cc1S(=O)(=O)N)F)SCCCCO,8.82,279.039913528,1.3377,2,4,6,17,17,64.81700000000002,80.39,0,c1ccccc1,AC
CN(C)Cc1cc(ccc1O)S(=O)(=O)c2ccc(s2)S(=O)(=O)N,9.16,376.022134612,0.9955,2,7,5,23,23,86.64180000000003,117.77,0,O=S(=O)(c1ccccc1)c1cccs1,nonAC
c1c2cc(sc2sc1CN3CCOCC3)S(=O)(=O)N,8.52,318.01665530799994,1.4424000000000003,1,6,3,19,19,77.17120000000001,72.63,0,c1cc2cc(CN3CCOCC3)sc2s1,nonAC
CC(c1cc2cc(sc2s1)S(=O)(=O)N)NCCOCCOC,9.16,364.0585201199999,1.9238,2,7,9,22,22,90.18790000000004,90.65,0,c1cc2ccsc2s1,nonAC
CNCc1cc2cc(sc2s1)S(=O)(=O)N,8.52,261.99044056,1.3296,2,5,3,15,15,63.83890000000002,72.19,0,c1cc2ccsc2s1,nonAC
CC(=O)Nc1nnc(s1)S(=O)(=O)N,7.15339285714,221.988132052,-0.8561000000000003,2,6,2,13,13,45.5859,115.04,0,c1nncs1,nonAC
c1c2cc(sc2sc1CN(CCO)CCO)S(=O)(=O)N,8.64,336.027219992,0.3968000000000006,3,7,7,20,20,80.52380000000001,103.86,0,c1cc2ccsc2s1,nonAC
CNCc1cc2c(s1)cc(s2)S(=O)(=O)N,8.5,261.99044056,1.3296,2,5,3,15,15,63.83890000000002,72.19,0,c1cc2sccc2s1,nonAC
c1c2cc(sc2sc1CNCCO)S(=O)(=O)N,8.2,292.001005244,0.6921000000000004,3,6,5,17,17,69.8677,92.42,0,c1cc2ccsc2s1,nonAC
c1c(cc(c(c1S(=O)(=O)N)Cl)Cl)S(=O)(=O)N,7.408,303.914604032,0.2882000000000002,2,4,2,16,16,59.208400000000005,120.31999999999998,0,c1ccccc1,AC
COCCOCCCNCc1cc2cc(sc2s1)S(=O)(=O)N,8.19,364.05852012,1.7528999999999997,2,7,10,22,22,90.09390000000003,90.65,0,c1cc2ccsc2s1,nonAC
c1cc(sc1S(=O)(=O)CCCCO)S(=O)(=O)N,8.64,298.99558551600006,-0.0582999999999998,2,6,6,17,17,64.06480000000003,114.53,0,c1ccsc1,AC
c1c2cc(sc2sc1CNC(CO)CO)S(=O)(=O)N,8.08,322.011569928,0.0529999999999999,4,7,6,19,19,75.8745,112.65,0,c1cc2ccsc2s1,nonAC
COCCNCc1cc2c(s1)cc(s2)S(=O)(=O)N,8.55,306.016655308,1.3461999999999998,2,6,6,18,18,74.65790000000003,81.42,0,c1cc2sccc2s1,nonAC
c1c2cc(sc2sc1C(=O)NCC(CO)O)S(=O)(=O)N,8.5,335.990834484,-0.3068000000000001,4,7,5,20,20,76.50099999999999,129.72,0,c1cc2ccsc2s1,nonAC
CC(C)(C)C(=O)Oc1ccc2c(c1)cc(s2)S(=O)(=O)N,8.59,313.04424996,2.5002,1,5,2,20,20,78.28820000000003,86.46000000000001,0,c1ccc2sccc2c1,AC
CC(C)CNCc1cc2cc(sc2s1)S(=O)(=O)N,8.6,304.037390752,2.3558,2,5,5,18,18,77.61990000000003,72.19,0,c1cc2ccsc2s1,nonAC
C(=O)(C(F)(F)F)NO,5.42,129.003762964,0.0541,2,2,0,8,8,15.9842,49.33,0,,nonAC
CC(c1cc2cc(sc2s1)S(=O)(=O)N)N(CCOC)CCOCCOC,9.3,422.1003849319999,2.2826000000000004,1,8,12,26,26,105.63420000000004,91.09,0,c1cc2ccsc2s1,nonAC
c1c2cc(oc2sc1CN3CCOCC3)S(=O)(=O)N,8.25,302.039498928,0.9739,1,6,3,19,19,71.56020000000002,85.77000000000001,0,c1cc2cc(CN3CCOCC3)sc2o1,nonAC
COCCCNCc1cc2cc(sc2s1)S(=O)(=O)N,8.31,320.03230537199994,1.7363,2,6,7,19,19,79.27490000000003,81.42,0,c1cc2ccsc2s1,nonAC
c1c2cc(sc2sc1CN3CCSCC3)S(=O)(=O)N,8.59,333.99381168799994,2.1590000000000007,1,6,3,19,19,83.67720000000001,63.400000000000006,0,c1cc2cc(CN3CCSCC3)sc2s1,nonAC
c1c2cc(sc2sc1C(=O)NCCN3CCSCC3)S(=O)(=O)N,8.54,391.015275404,1.3887999999999996,2,7,5,23,23,97.17340000000002,92.5,0,O=C(NCCN1CCSCC1)c1cc2ccsc2s1,nonAC
CC(C=O)N(Cc1cc2cc(sc2s1)S(=O)(=O)N)C(C)C=O,8.57,360.027219992,1.5870000000000002,1,7,7,22,22,87.67020000000004,97.54,0,c1cc2ccsc2s1,nonAC
COCCN(CCOC)Cc1cc2c(s1)cc(s2)S(=O)(=O)N,8.6,364.05852012,1.705,1,7,9,22,22,90.10420000000003,81.86,0,c1cc2sccc2s1,nonAC
c1c2cc(sc2sc1C(=O)NCCN3CCOCC3)S(=O)(=O)N,8.54,375.038119024,0.6721999999999998,2,7,5,23,23,90.6674,101.73,0,O=C(NCCN1CCOCC1)c1cc2ccsc2s1,nonAC
c1cc(ccc1NC(=O)N)S(=O)(=O)Nc2ccc(cc2)S(=O)(=O)N,8.16,370.040561548,0.6254000000000002,4,5,5,24,24,88.27180000000001,161.45,0,O=S(=O)(Nc1ccccc1)c1ccccc1,AC
CCNC1CC(S(=O)(=O)c2c1cc(s2)S(=O)(=O)N)C,8.81,324.027219992,0.612,2,6,3,19,19,73.37470000000003,106.33,0,O=S1(=O)CCCc2ccsc21,AC
c1c2cc(sc2sc1CN3CC[S+](CC3)[O-])S(=O)(=O)N,8.4,349.988726308,1.1745000000000003,1,6,3,20,20,84.22860000000001,86.46,0,c1cc2cc(CN3CC[SH+]CC3)sc2s1,nonAC
COCCN(CCNC(=O)c1cc2cc(sc2s1)S(=O)(=O)N)CCOC,8.6,421.079983836,0.9347999999999996,2,8,11,26,26,103.60040000000004,110.96,0,c1cc2ccsc2s1,nonAC
C[S+](CCNCc1cc2cc(sc2s1)S(=O)(=O)N)[O-],8.08,337.988726308,1.0783,2,6,6,19,19,81.71530000000003,95.25,0,c1cc2ccsc2s1,nonAC
c1c2c(sc1S(=O)(=O)N)S(=O)(=O)CCC2,8.35,266.96937076800003,0.1153999999999999,1,5,1,15,15,56.06600000000002,94.29999999999998,0,O=S1(=O)CCCc2ccsc21,AC
CC(C)CNC1CCS(=O)(=O)c2c1cc(s2)S(=O)(=O)N,8.97142857143,338.042870056,0.8596000000000004,2,6,4,20,20,77.94370000000004,106.33,0,O=S1(=O)CCCc2ccsc21,AC
CC(C)(C(=O)Oc1ccc2c(c1)sc(n2)S(=O)(=O)N)OC,8.92,330.034413548,1.2741,1,7,4,21,21,77.71620000000003,108.58,0,c1ccc2scnc2c1,AC
c1c2cc(sc2sc1CNCC3CC3)S(=O)(=O)N,8.48,302.021740688,2.1098,2,5,5,18,18,75.50590000000001,72.19,0,c1cc2cc(CNCC3CC3)sc2s1,nonAC
CC(=O)NO,4.33,75.0320284,-0.4882999999999999,2,2,0,5,5,15.6032,49.33,0,,nonAC
CN(C)CCNC(=O)c1cc2cc(sc2s1)S(=O)(=O)N,8.06,333.02755434,0.9016000000000002,2,6,5,20,20,81.96240000000002,92.5,0,c1cc2ccsc2s1,nonAC
c1c2cc(sc2sc1C(=O)N(CCO)CCO)S(=O)(=O)N,8.18,350.006484548,0.0369999999999996,3,7,6,21,21,81.1503,120.93,0,c1cc2ccsc2s1,nonAC
c1c2c(sc1S(=O)(=O)N)C(=O)CCS2,8.46,248.958806084,1.0740000000000005,1,5,1,14,14,55.36370000000001,77.22999999999999,0,O=C1CCSc2ccsc21,nonAC
CC1(OC2C3C(CCC2(O1)COS(=O)(=O)N)OS(=O)(=O)O3)C,6.89,359.034473124,-1.0805999999999978,1,9,3,22,22,69.72700000000003,140.45,0,O=S1(=O)OC2CCC3OCOC3C2O1,nonAC
c1c2cc(sc2sc1CNCCCCO)S(=O)(=O)N,8.52,320.03230537199994,1.4723,3,6,7,19,19,79.10170000000001,92.42,0,c1cc2ccsc2s1,nonAC
CN(C)S(=O)(=O)Oc1ccc2c(c1)sc(n2)S(=O)(=O)N,8.92,336.986083452,0.1289000000000005,1,7,4,20,20,74.22800000000002,119.65999999999998,0,c1ccc2scnc2c1,AC
CC(=O)N=c1n(nc(s1)S(=O)(=O)N)C,7.84333333333,236.003782116,-1.4237999999999995,1,6,1,14,14,48.702200000000005,107.40999999999998,0,N=c1[nH]ncs1,nonAC
CC(C)(C)NCc1cc2cc(sc2s1)S(=O)(=O)N,8.0,304.037390752,2.4983,2,5,3,18,18,77.66790000000003,72.19,0,c1cc2ccsc2s1,nonAC
COCCN(CCOCCOC)Cc1cc2cc(sc2s1)S(=O)(=O)N,8.55,408.084734868,1.7215999999999998,1,8,12,25,25,100.92320000000004,91.09,0,c1cc2ccsc2s1,nonAC
COCCN(CCOCCOC)c1cc2cc(sc2s1)S(=O)(=O)N,8.55,394.069084804,1.726,1,8,11,24,24,97.85920000000004,91.09,0,c1cc2ccsc2s1,nonAC
C[S+](CCNC(=O)c1cc2cc(sc2s1)S(=O)(=O)N)[O-],8.34,351.96799086399994,0.7185000000000001,2,6,5,20,20,82.34180000000002,112.32,0,c1cc2ccsc2s1,nonAC
COCCOCCN(CCOCCOC)Cc1cc2cc(sc2s1)S(=O)(=O)N,8.4,452.110949616,1.7382,1,9,15,28,28,111.74220000000004,100.32,0,c1cc2ccsc2s1,nonAC
CSCCNCc1cc2cc(sc2s1)S(=O)(=O)N,8.4,321.99381168799994,2.0628,2,6,6,18,18,81.16390000000003,72.19,0,c1cc2ccsc2s1,nonAC
CCNC1CN(S(=O)(=O)c2c1cc(s2)S(=O)(=O)N)CCCCOC,8.5,397.079983836,0.4770000000000005,2,7,8,24,24,91.97870000000005,118.8,0,O=S1(=O)NCCc2ccsc21,AC
c1c2cc(sc2sc1N3CCOCC3)S(=O)(=O)N,8.52,304.001005244,1.4468,1,6,2,18,18,74.10720000000002,72.63,0,c1cc2cc(N3CCOCC3)sc2s1,nonAC
CC(C)(C)C(=O)Oc1ccc2cc(oc2c1)S(=O)(=O)N,8.34,297.06709358000006,2.0317000000000003,1,5,2,20,20,72.67720000000003,99.6,0,c1ccc2occc2c1,AC
c1c2cc(sc2sc1CN)S(=O)(=O)N,7.85,247.974790496,1.0689000000000004,2,5,2,14,14,58.9666,86.18,0,c1cc2ccsc2s1,nonAC
c1c2cc(sc2sc1CNCCF)S(=O)(=O)N,8.57,293.99666881200005,1.6693,2,5,5,17,17,68.7569,72.19,0,c1cc2ccsc2s1,nonAC
c1c2cc(sc2sc1N3CCSCC3)S(=O)(=O)N,8.59,319.97816162399994,2.1634000000000007,1,6,2,18,18,80.61320000000002,63.400000000000006,0,c1cc2cc(N3CCSCC3)sc2s1,nonAC
CS(=O)(=O)CCNCc1cc2cc(sc2s1)S(=O)(=O)N,8.35,353.983640928,0.7444,2,7,6,20,20,82.49270000000003,106.33,0,c1cc2ccsc2s1,nonAC
CCCCCCCCCS(=O)(=O)C(F)S(=O)(=O)N,8.52,303.097428404,1.6934,1,4,10,18,18,69.78300000000004,94.3,0,,nonAC
c1c2cc(sc2sc1CNCC(F)(F)F)S(=O)(=O)N,8.66,329.977825188,2.2621,2,5,4,19,19,68.8369,72.19,0,c1cc2ccsc2s1,nonAC
c1ccc2c(c1)cc([nH]2)S(=O)(=O)N,7.35,196.030648496,0.8152999999999999,2,2,1,13,13,49.67190000000001,75.95,0,c1ccc2[nH]ccc2c1,AC
COc1ccc2cc([nH]c2c1)S(=O)(=O)N,7.22,226.04121318,0.8239000000000003,2,3,2,15,15,56.22390000000001,85.18,0,c1ccc2[nH]ccc2c1,AC
c1cc(c(cc1S(=O)(=O)N)N)S(=O)(=O)CCCO,7.64,294.034413548,-0.9276999999999996,3,6,5,18,18,65.98320000000001,140.54999999999998,0,c1ccccc1,AC
CC(=O)OCCS(=O)(=O)c1ccc(s1)S(=O)(=O)N,8.26,312.97485007200004,-0.2676999999999997,1,7,5,18,18,64.37800000000003,120.6,0,c1ccsc1,AC
c1cc2c(cc1O)cc([nH]2)S(=O)(=O)N,7.66,212.025563116,0.5209,3,3,1,14,14,51.33670000000001,96.18,0,c1ccc2[nH]ccc2c1,AC
c1cc(c(cc1S(=O)(=O)N)F)S(=O)(=O)CCO,8.3,282.99844264,-0.7608999999999997,2,5,4,17,17,56.911800000000014,114.53,0,c1ccccc1,AC
c1cc(sc1SCCCCO)S(=O)(=O)N,8.52,267.005756276,1.2600999999999996,2,5,6,15,15,62.736000000000026,80.39,0,c1ccsc1,AC
c1c2cc([nH]c2cc3c1OCO3)S(=O)(=O)N,7.6,240.020477736,0.5440000000000003,2,4,1,16,16,55.79490000000001,94.41,0,c1cc2cc3c(cc2[nH]1)OCO3,nonAC
COC(=O)c1cc(ccc1S(=O)(=O)CCO)S(=O)(=O)N,7.52,323.013343756,-1.1133999999999986,2,7,5,20,20,68.29330000000002,140.83,0,c1ccccc1,AC
c1cc(c(cc1S(=O)(=O)N)F)SCCCO,8.46,265.024263464,0.9476000000000002,2,4,5,16,16,60.20000000000002,80.39,0,c1ccccc1,AC
c1cc(ccc1CCCCO)S(=O)(=O)N,7.82,229.07726434,0.6490000000000002,2,3,5,15,15,57.83900000000003,80.39,0,c1ccccc1,AC
CC(=O)Oc1ccc2c(c1)cc(o2)S(=O)(=O)N,8.19,255.020143388,1.0055,1,5,2,17,17,58.896200000000015,99.6,0,c1ccc2occc2c1,AC
COCC(=O)OCCCS(=O)(=O)c1ccc(s1)S(=O)(=O)N,8.35,357.00106482,-0.2510999999999997,1,8,8,21,21,75.19700000000003,129.83,0,c1ccsc1,AC
c1cc(cc2c1cc(o2)S(=O)(=O)N)N,7.6,212.025563116,0.6624000000000001,2,4,1,14,14,51.9996,99.32,0,c1ccc2occc2c1,AC
c1cc(c(cc1S(=O)(=O)N)F)S(=O)(=O)CCCCO,8.4,311.029742768,0.0193000000000001,2,5,6,19,19,66.14580000000001,114.53,0,c1ccccc1,AC
CC(=O)Oc1ccc2cc(oc2c1)S(=O)(=O)N,8.26,255.020143388,1.0055,1,5,2,17,17,58.89620000000002,99.6,0,c1ccc2occc2c1,AC
COC(=O)c1cc(ccc1SCCCO)S(=O)(=O)N,6.16,305.03916458000003,0.5951000000000002,2,6,6,19,19,71.58150000000002,106.69,0,c1ccccc1,AC
CC(C)(CCS(=O)(=O)c1ccc(cc1)S(=O)(=O)N)O,7.6,307.05481464400003,0.2687000000000001,2,5,5,19,19,70.78280000000002,114.53,0,c1ccccc1,AC
COC(=O)c1cc(ccc1S(=O)(=O)CCCO)S(=O)(=O)N,7.7,337.02899382,-0.7232999999999992,2,7,6,21,21,72.91030000000002,140.83,0,c1ccccc1,AC
c1cc(c(cc1S(=O)(=O)N)F)CCCO,7.7,233.052192464,0.3980000000000002,2,3,4,15,15,53.18000000000002,80.39,0,c1ccccc1,AC
c1cc(ccc1SCCCCO)S(=O)(=O)N,8.05,261.04933534,1.1985999999999997,2,4,6,16,16,64.85900000000004,80.39,0,c1ccccc1,AC
c1cc(ccc1S(=O)(=O)CCCCO)S(=O)(=O)N,8.16,293.03916458000003,-0.1198,2,5,6,18,18,66.18780000000002,114.53,0,c1ccccc1,AC
c1cc(c(cc1S(=O)(=O)N)C(=O)O)S(=O)(=O)CCCO,6.05,323.013343756,-0.8116999999999992,3,6,6,20,20,68.5301,151.82999999999998,0,c1ccccc1,AC
c1cc(ccc1S(=O)(=O)CCO)S(=O)(=O)N,7.62,265.00786445200004,-0.8999999999999999,2,5,4,16,16,56.95380000000002,114.53,0,c1ccccc1,AC
Cc1c2ccc(cc2oc1S(=O)(=O)N)O,6.68,227.025228768,1.0942199999999995,2,4,1,15,15,53.98900000000002,93.53,0,c1ccc2occc2c1,AC
CC(=O)Oc1ccc2c(c1)cc([nH]2)S(=O)(=O)N,7.96,254.0361278,0.7406000000000001,2,4,2,17,17,60.98090000000001,102.25,0,c1ccc2[nH]ccc2c1,AC
COc1ccc2cc(oc2c1)S(=O)(=O)N,7.82,227.025228768,1.0888000000000004,1,4,2,15,15,54.13920000000001,82.53,0,c1ccc2occc2c1,AC
c1cc(cc2c1cc(o2)S(=O)(=O)N)O,7.96,213.009578704,0.7858000000000003,2,4,1,14,14,49.25200000000001,93.53,0,c1ccc2occc2c1,AC
Cn1c2cc(ccc2cc1S(=O)(=O)N)OC,6.96,240.056863244,0.8342999999999998,1,4,2,16,16,60.84420000000003,74.32000000000001,0,c1ccc2[nH]ccc2c1,AC
c1cc(ccc1SCCCCCO)S(=O)(=O)N,8.37,275.064985404,1.5886999999999996,2,4,7,17,17,69.47600000000003,80.39,0,c1ccccc1,AC
c1cc2c(cc1N)cc(o2)S(=O)(=O)N,8.05,212.025563116,0.6624000000000003,2,4,1,14,14,51.99960000000001,99.32,0,c1ccc2occc2c1,AC
c1cc(ccc1SCCO)S(=O)(=O)N,7.325,233.018035212,0.4183999999999999,2,4,4,14,14,55.62500000000002,80.39,0,c1ccccc1,AC
c1cc(c(cc1S(=O)(=O)N)F)S(=O)(=O)CCCO,8.35,297.014092704,-0.3707999999999997,2,5,5,18,18,61.52880000000002,114.53,0,c1ccccc1,AC
c1cc(c(cc1S(=O)(=O)N)[N+](=O)[O-])SCCCO,7.64,292.018763484,0.7167000000000001,2,6,6,18,18,66.89640000000001,123.53,0,c1ccccc1,AC
c1cc(c(cc1S(=O)(=O)N)C(=O)O)SCCCO,5.0,291.02351451600003,0.5067000000000002,3,5,6,18,18,67.2013,117.69,0,c1ccccc1,AC
c1cc(ccc1CCCO)S(=O)(=O)N,7.19,215.061614276,0.2589000000000003,2,3,4,14,14,53.22200000000002,80.39,0,c1ccccc1,AC
c1cc(sc1SCCO)S(=O)(=O)N,7.52,238.974456148,0.4799000000000001,2,5,4,13,13,53.50200000000002,80.39,0,c1ccsc1,AC
c1cc2c(cc1O)cc(o2)S(=O)(=O)N,8.19,213.009578704,0.7858000000000005,2,4,1,14,14,49.25200000000001,93.53,0,c1ccc2occc2c1,AC
c1cc(cc2c1cc(s2)S(=O)(=O)N)O,8.03,228.986735084,1.2542999999999995,2,4,1,14,14,54.863000000000014,80.39,0,c1ccc2sccc2c1,AC
c1cc(ccc1S(=O)(=O)CCCO)S(=O)(=O)N,7.92,279.02351451600003,-0.5099,2,5,5,17,17,61.57080000000003,114.53,0,c1ccccc1,AC
c1cc(sc1S(=O)(=O)CCCO)S(=O)(=O)N,8.22,284.97993545200006,-0.4483999999999998,2,6,5,16,16,59.44780000000002,114.53,0,c1ccsc1,AC
CC(C)(C)C(=O)Oc1ccc2c(c1)cc(o2)S(=O)(=O)N,8.52,297.06709358000006,2.0317,1,5,2,20,20,72.67720000000003,99.6,0,c1ccc2occc2c1,AC
CC(C)(CCSc1ccc(cc1)S(=O)(=O)N)O,7.7,275.064985404,1.5871000000000002,2,4,5,17,17,69.45400000000002,80.39,0,c1ccccc1,AC
c1cc(ccc1SCCCO)S(=O)(=O)N,7.7,247.033685276,0.8085,2,4,5,15,15,60.242000000000026,80.39,0,c1ccccc1,AC
CC(=O)OCCCS(=O)(=O)c1ccc(s1)S(=O)(=O)N,8.3,326.990500136,0.1224000000000001,1,7,6,19,19,68.99500000000003,120.6,0,c1ccsc1,AC
c1c2c(sc1S(=O)(=O)N)S(=O)(=O)CCC2O,8.175,282.964285388,-0.3936999999999999,2,6,1,16,16,57.32180000000002,114.53,0,O=S1(=O)CCCc2ccsc21,AC
CC(C)CNCCCS(=O)(=O)c1ccc(s1)S(=O)(=O)N,7.75,340.05852012,0.8049000000000002,2,6,8,20,20,80.06970000000004,106.33,0,c1ccsc1,AC
c1cc(sc1SCCCO)S(=O)(=O)N,8.0,252.990106212,0.8699999999999999,2,5,5,14,14,58.11900000000002,80.39,0,c1ccsc1,AC
c1ccc2c(c1)cc(o2)S(=O)(=O)N,8.1,197.014664084,1.0802,1,3,1,13,13,47.58720000000001,73.3,0,c1ccc2occc2c1,AC
COc1ccc2c(c1)cc([nH]2)S(=O)(=O)N,7.8,226.04121318,0.8239000000000001,2,3,2,15,15,56.223900000000015,85.18,0,c1ccc2[nH]ccc2c1,AC
COc1ccc2c(c1)cc(o2)S(=O)(=O)N,8.29,227.025228768,1.0888,1,4,2,15,15,54.13920000000002,82.53,0,c1ccc2occc2c1,AC
c1cc(ccc1CCCCCO)S(=O)(=O)N,8.1,243.092914404,1.0391,2,3,6,16,16,62.45600000000003,80.39,0,c1ccccc1,AC
c1cc(cc2c1cc([nH]2)S(=O)(=O)N)O,7.52,212.025563116,0.5208999999999999,3,3,1,14,14,51.33670000000001,96.18,0,c1ccc2[nH]ccc2c1,AC
c1cc(c(cc1S(=O)(=O)N)N)S(=O)(=O)CCO,7.29,280.018763484,-1.3177999999999996,3,6,4,17,17,61.36620000000001,140.54999999999998,0,c1ccccc1,AC
c1cc(c(cc1S(=O)(=O)N)[N+](=O)[O-])SCCO,7.68,278.00311342,0.3266000000000001,2,6,5,17,17,62.27940000000002,123.53,0,c1ccccc1,AC
CC(=O)Oc1ccc2cc([nH]c2c1)S(=O)(=O)N,7.5,254.0361278,0.7406000000000001,2,4,2,17,17,60.98090000000002,102.25,0,c1ccc2[nH]ccc2c1,AC
c1cc(c(cc1S(=O)(=O)N)Cl)SCCCO,8.05,280.994712924,1.4619,2,4,5,16,16,65.25200000000002,80.39,0,c1ccccc1,AC
c1cc(sc1S(=O)(=O)CCO)S(=O)(=O)N,8.22,270.96428538800006,-0.8384999999999998,2,6,4,15,15,54.83080000000002,114.53,0,c1ccsc1,AC
c1cc(c(cc1S(=O)(=O)N)F)SCCO,8.05,251.0086134,0.5575000000000001,2,4,4,15,15,55.58300000000001,80.39,0,c1ccccc1,AC
c1c2c(sc1S(=O)(=O)N)C(CC[S+]2[O-])O,6.6,266.96937076800003,-0.0597999999999997,2,5,1,15,15,56.54440000000002,103.45,0,c1cc2c(s1)CCC[SH+]2,nonAC
c1c2c(sc1S(=O)(=O)N)S(=O)(=O)CCC2=O,8.3,280.948635324,-0.2443999999999999,1,6,1,16,16,56.69250000000001,111.36999999999998,0,O=C1CCS(=O)(=O)c2sccc21,nonAC
CC(C)(C)C(=O)Oc1ccc2c(c1)sc(n2)S(=O)(=O)N,7.9,314.039498928,1.8952,1,6,2,20,20,76.08320000000003,99.35,0,c1ccc2scnc2c1,AC
CCOc1ccc2c(c1)sc(n2)S(=O)(=O)N,8.99,258.01328418,1.3424000000000005,1,5,3,16,16,62.16220000000002,82.28,0,c1ccc2scnc2c1,AC
c1c2c(sc1S(=O)(=O)N)S(=O)(=O)CCC2O,8.07,282.964285388,-0.3936999999999999,2,6,1,16,16,57.32180000000002,114.53,0,O=S1(=O)CCCc2ccsc21,AC
c1c2c(sc1S(=O)(=O)N)CC(CS2(=O)=O)O,7.4,282.964285388,-0.9137999999999996,2,6,1,16,16,57.45580000000002,114.53,0,O=S1(=O)CCCc2sccc21,nonAC
c1c2c(sc1S(=O)(=O)N)S(=O)(=O)CCC2O,8.45333333333,282.964285388,-0.3936999999999999,2,6,1,16,16,57.32180000000002,114.53,0,O=S1(=O)CCCc2ccsc21,AC
c1c2c(sc1S(=O)(=O)N)C(CCS2(=O)=O)O,7.4,282.964285388,-0.3936999999999999,2,6,1,16,16,57.32180000000002,114.53,0,O=S1(=O)CCCc2sccc21,nonAC
c1c2c(sc1S(=O)(=O)N)SCCC2=O,8.07,248.958806084,1.0740000000000005,1,5,1,14,14,55.36370000000001,77.22999999999999,0,O=C1CCSc2sccc21,nonAC
c1c2c(sc1S(=O)(=O)N)SCCC2O,7.52,250.974456148,0.9247,2,5,1,14,14,55.993000000000016,80.39,0,c1cc2c(s1)SCCC2,nonAC
c1c2c(sc1S(=O)(=O)N)S(=O)(=O)CC(C2)O,8.0,282.964285388,-0.9138000000000002,2,6,1,16,16,57.45580000000002,114.53,0,O=S1(=O)CCCc2ccsc21,AC
c1c2c(sc1S(=O)(=O)N)C(=O)CCS2(=O)=O,7.66,280.948635324,-0.2443999999999999,1,6,1,16,16,56.69250000000001,111.36999999999998,0,O=C1CCS(=O)(=O)c2ccsc21,nonAC
c1c2c(sc1S(=O)(=O)N)C(CCS2)O,7.64,250.974456148,0.9247000000000004,2,5,1,14,14,55.993000000000016,80.39,0,c1cc2c(s1)CCCS2,nonAC
c1c2c(sc1S(=O)(=O)N)[S+](CCC2O)[O-],7.0,266.96937076800003,-0.0597999999999997,2,5,1,15,15,56.54440000000002,103.45,0,c1cc2c(s1)[SH+]CCC2,nonAC
CCCCCCCCS(=O)(=O)CS(=O)(=O)N,7.66,271.091200152,1.0077000000000005,1,4,9,16,16,65.13700000000004,94.3,0,,nonAC
CCCCCCCCS(=O)(=O)C(S(=O)(=O)N)Cl,7.92,305.0522278,1.5726000000000002,1,4,9,17,17,69.91100000000004,94.3,0,,nonAC
CCCCCCCCS(=O)(=O)C(S(=O)(=O)N)(Cl)Cl,6.7,339.013255448,2.1391000000000004,1,4,9,18,18,74.70700000000004,94.3,0,,nonAC
C(F)(F)(F)S(=O)(=O)N,7.89,148.975833964,-0.2052999999999999,1,2,0,8,8,19.1622,60.16,0,,nonAC
CCCCCCCCS(=O)(=O)C(F)S(=O)(=O)N,8.52,289.08177834,1.3033,1,4,9,17,17,65.16600000000004,94.3,0,,nonAC
c1ccc(cc1)CCSCS(=O)(=O)N,5.7,231.038770656,1.2083,1,3,5,14,14,60.57820000000002,60.16,0,c1ccccc1,AC
c1ccc(cc1)CCS(=O)(=O)CS(=O)(=O)N,7.0,263.028599896,-0.1100999999999997,1,4,5,16,16,61.907000000000025,94.3,0,c1ccccc1,AC
COCCOCCOCS(=O)(=O)CS(=O)(=O)N,5.89,291.04464388400004,-1.7156999999999965,1,7,10,17,17,60.40800000000004,121.99,0,,nonAC
c1ccc(cc1)CCCS(=O)(=O)CS(=O)(=O)N,6.72,277.04424996000006,0.2800000000000003,1,4,6,17,17,66.52400000000003,94.3,0,c1ccccc1,AC
c1cc(ccc1O)SCS(=O)(=O)N,5.54,219.002385148,0.7303,2,4,3,13,13,51.93800000000002,80.39,0,c1ccccc1,AC
CCCCCCCCSCS(=O)(=O)N,6.32,239.101370912,2.3261000000000003,1,3,9,14,14,63.80820000000004,60.16,0,,nonAC
COc1ccc2c(c1)S(=O)(=O)C(C2)S(=O)(=O)N,6.1,277.00786445200004,-0.3604,1,5,2,17,17,60.779000000000025,103.53,0,O=S1(=O)CCc2ccccc21,nonAC
c1ccc(cc1)CCCSCS(=O)(=O)N,5.92,245.05442072,1.5984000000000005,1,3,6,15,15,65.19520000000003,60.16,0,c1ccccc1,AC
c1cc(ccc1O)S(=O)(=O)CS(=O)(=O)N,6.4,250.992214388,-0.5881000000000001,2,5,3,15,15,53.26680000000002,114.53,0,c1ccccc1,AC
CCCCCCCCS(=O)(=O)C(C)S(=O)(=O)N,5.6,285.10685021600005,1.3962,1,4,9,17,17,69.73200000000004,94.3,0,,nonAC
c1c2c(sc1S(=O)(=O)N)S(=O)(=O)CCN2,8.61,267.96461973600003,-0.4053000000000001,2,6,1,15,15,56.23470000000001,106.32999999999998,0,O=S1(=O)CCNc2ccsc21,nonAC
COCCN(CCC1C(=O)Nc2cc(sc2S1(=O)=O)S(=O)(=O)N)CCOCCOC,8.29,485.0960278239999,-0.5085999999999975,2,10,13,30,30,110.92370000000004,154.32999999999998,0,O=C1CS(=O)(=O)c2sccc2N1,nonAC
COCCN(CCC1CNc2cc(sc2S1(=O)=O)S(=O)(=O)N)CCOCCOC,8.84,471.116763268,-0.035199999999997,2,10,13,29,29,110.78370000000004,137.26,0,O=S1(=O)CCNc2ccsc21,nonAC
c1c2c(sc1S(=O)(=O)N)[S+](CC(=O)N2)[O-],7.5,265.948969672,-0.5447999999999997,2,5,1,15,15,55.5973,112.32,0,O=C1C[SH+]c2sccc2N1,nonAC
c1c2c(sc1S(=O)(=O)N)SCC(=O)N2,7.89,249.954055052,0.4397000000000001,2,5,1,14,14,55.0459,89.25999999999999,0,O=C1CSc2sccc2N1,nonAC
COCCN(CCOCCOC)C(=O)CC1C(=O)Nc2cc(sc2S1(=O)=O)S(=O)(=O)N,8.66,499.07529238,-0.9819999999999968,2,10,12,31,31,111.06370000000004,171.39999999999998,0,O=C1CS(=O)(=O)c2sccc2N1,nonAC
COCCN(CCC1CNc2cc(sc2S1(=O)=O)S(=O)(=O)N)CCOC,8.67,427.09054852,-0.051799999999998,2,9,10,26,26,99.96470000000004,128.03,0,O=S1(=O)CCNc2ccsc21,nonAC
c1c2c(sc1S(=O)(=O)N)S(=O)(=O)CC(=O)N2,8.43,281.943884292,-0.8787,2,6,1,16,16,56.3747,123.39999999999998,0,O=C1CS(=O)(=O)c2sccc2N1,nonAC
c1c2c(sc1S(=O)(=O)N)S(=O)(=O)C3(CC3)CN2,8.7,293.98026980000003,0.1272999999999998,2,6,1,17,17,63.33270000000002,106.32999999999998,0,O=S1(=O)c2sccc2NCC12CC2,nonAC
CC(C)CNC(=O)CC1C(=O)Nc2cc(sc2S1)S(=O)(=O)N,8.34,363.038119024,0.9706,3,6,5,22,22,86.43160000000003,118.36,0,O=C1CSc2sccc2N1,nonAC
c1c2c(sc1S(=O)(=O)N)S(=O)(=O)C(CN2)CCO,8.72,311.990834484,-0.6543000000000001,3,7,3,18,18,66.8585,126.56,0,O=S1(=O)CCNc2ccsc21,nonAC
c1c2c(sc1S(=O)(=O)N)S(=O)(=O)C(CN2)CCN3CCOCC3,9.24,381.04868370800006,-0.3144,2,8,4,23,23,87.03170000000003,118.79999999999998,0,O=S1(=O)c2sccc2NCC1CCN1CCOCC1,nonAC
c1c2c(sc1S(=O)(=O)N)SC(CN2)CCO,8.5,280.001005244,0.6641000000000001,3,6,3,16,16,65.5297,92.42,0,c1cc2c(s1)SCCN2,nonAC
CC(C)CNCCC1CNc2cc(sc2S1(=O)=O)S(=O)(=O)N,8.54,367.069419152,0.5990000000000006,3,7,6,22,22,87.48040000000005,118.36,0,O=S1(=O)CCNc2ccsc21,nonAC
Cc1ccc(cc1)c2cc(nn2c3ccc(cc3)S(=O)(=O)N)C(F)(F)F,7.445,381.075882348,3.513920000000001,1,4,3,26,26,90.11220000000004,77.98,0,c1ccc(-c2ccnn2-c2ccccc2)cc1,nonAC
Cc1c(c(no1)c2ccccc2)c3ccc(cc3)S(=O)(=O)N,6.69333333333,314.072513308,2.9644200000000005,1,4,3,22,22,83.48520000000003,86.19,0,c1ccc(-c2conc2-c2ccccc2)cc1,nonAC
c1cc2c(cc1OS(=O)(=O)N)oc(=O)c3c2CCCCC3,7.77,309.06709358000006,1.6442000000000003,1,5,2,21,21,77.47820000000002,99.6,0,O=c1oc2ccccc2c2c1CCCCC2,nonAC
CCc1cc2c(cc1OS(=O)(=O)N)CCC3C2CCC4(C3CCC4OS(=O)(=O)N)C,6.54,458.1545286799999,2.2761000000000005,2,6,5,30,30,112.15240000000004,138.78,0,c1ccc2c(c1)CCC1C2CCC2CCCC21,nonAC
Cc1c2ccc(cc2oc(=O)c1CCC3CCCCC3)OS(=O)(=O)N,7.82,365.129693836,3.19662,1,5,5,25,25,95.85220000000004,99.6,0,O=c1oc2ccccc2cc1CCC1CCCCC1,nonAC
CC12CCC3c4ccc(cc4CCC3C1CCC2=O)OS(=O)(=O)N,7.664,349.134779216,2.6941,1,4,2,24,24,89.80120000000005,86.46000000000001,0,O=C1CCC2C1CCC1c3ccccc3CCC12,nonAC
CC1(OC2C3C(COC2(O1)COS(=O)(=O)N)OS(=O)(=O)O3)C,7.44,361.01373768,-1.886699999999997,1,10,3,22,22,66.44500000000004,149.67999999999998,0,O=S1(=O)OC2COC3OCOC3C2O1,nonAC
CCN1CCCC1CNC(=O)c2cc(ccc2OC)S(=O)(=O)N,7.4,341.140927216,0.5567000000000012,2,5,6,23,23,86.96940000000005,101.73,0,O=C(NCC1CCCN1)c1ccccc1,nonAC
c1cc2c(c[nH]c2c(c1)NS(=O)(=O)c3ccc(cc3)S(=O)(=O)N)Cl,7.82,384.995775544,2.2695,3,4,4,24,24,91.93240000000002,122.12,0,O=S(=O)(Nc1cccc2cc[nH]c12)c1ccccc1,nonAC
CC1(OC2COC3(C(C2O1)OC(O3)(C)C)COS(=O)(=O)N)C,6.76,339.098787632,-0.3953999999999982,1,8,3,22,22,71.60420000000005,115.54,0,C1OC2COC3OCOC3C2O1,nonAC
c1cc(cc(c1)O)N2C(=Cc3cc(sc3S2(=O)=O)S(=O)(=O)N)CN4CCOCC4,8.94,457.043598328,0.9831,2,8,4,29,29,108.69980000000002,130.23999999999998,0,O=S1(=O)c2sccc2C=C(CN2CCOCC2)N1c1ccccc1,nonAC
CCNC1CN(S(=O)(=O)c2c1cc(s2)S(=O)(=O)N)CCCOC,7.925,383.064333772,0.0869000000000006,2,7,7,23,23,87.36170000000004,118.8,0,O=S1(=O)NCCc2ccsc21,AC
COCCCN1CC(c2cc(sc2S1(=O)=O)S(=O)(=O)N)N,8.89,355.03303364400006,-0.5638999999999978,2,7,5,21,21,77.87240000000003,132.79,0,O=S1(=O)NCCc2ccsc21,AC
COc1cccc(c1)N2C(=Cc3cc(sc3S2(=O)=O)S(=O)(=O)N)CN4CCOCC4,8.9,471.0592483919999,1.2860999999999998,1,8,5,30,30,113.58700000000005,119.24,0,O=S1(=O)c2sccc2C=C(CN2CCOCC2)N1c1ccccc1,nonAC
c1cc(cc2c1cc(s2)S(=O)(=O)N)OP(=O)(O)O,7.0,308.95306560599994,1.0201999999999998,3,5,3,18,18,65.87030000000001,126.92000000000002,0,c1ccc2sccc2c1,AC
CC(=O)Oc1ccc2cc(sc2c1)S(=O)(=O)N,8.4,270.99729976800006,1.4740000000000002,1,5,2,17,17,64.50720000000003,86.46000000000001,0,c1ccc2sccc2c1,AC
CN(C)C(=O)Oc1ccc2c(c1)cc(s2)S(=O)(=O)N,8.3,300.023848864,1.6091,1,5,2,19,19,72.90920000000003,89.7,0,c1ccc2sccc2c1,AC
c1cc(cc2c1cc(s2)S(=O)(=O)N)OS(=O)(=O)O,8.17,308.943549944,0.7303000000000001,2,6,3,18,18,65.37480000000002,123.76,0,c1ccc2sccc2c1,AC
c1cc(cc2c1cc(s2)S(=O)(=O)N)N,8.0,228.002719496,1.1309000000000002,2,4,1,14,14,57.610600000000005,86.17999999999999,0,c1ccc2sccc2c1,AC
c1cc2c(cc1CN3CCOCC3)cc(s2)S(=O)(=O)N,7.82,312.060234372,1.3808999999999998,1,5,3,20,20,79.29420000000003,72.63,0,c1cc2cc(CN3CCOCC3)ccc2s1,nonAC
c1cc2c(cc1O)cc(s2)S(=O)(=O)N,8.21,228.986735084,1.2543,2,4,1,14,14,54.863000000000014,80.39,0,c1ccc2sccc2c1,AC
COc1ccc2c(c1)cc(s2)S(=O)(=O)N,7.64,243.002385148,1.5573,1,4,2,15,15,59.75020000000002,69.39,0,c1ccc2sccc2c1,AC
c1cc2c(cc1CO)cc(s2)S(=O)(=O)N,8.05,243.002385148,1.0409999999999997,2,4,2,15,15,59.121000000000016,80.39,0,c1ccc2sccc2c1,AC
CC(C)(C)N1CC(OC1=O)COc2ccc3cc(sc3c2)S(=O)(=O)N,8.1,384.08136374,2.5468,1,6,4,25,25,95.42120000000004,98.93,0,O=C1NCC(COc2ccc3ccsc3c2)O1,nonAC
COc1ccc2cc(sc2c1)S(=O)(=O)N,8.06,243.002385148,1.5573,1,4,2,15,15,59.750200000000014,69.39,0,c1ccc2sccc2c1,AC
CC(C)COC(=O)Oc1ccc2cc(sc2c1)S(=O)(=O)N,8.25,329.03916458000003,2.7201000000000004,1,6,4,21,21,80.01220000000004,95.69,0,c1ccc2sccc2c1,AC
CC(=O)OCc1ccc2c(c1)cc(s2)S(=O)(=O)N,8.0,285.01294983200006,1.6118,1,5,3,18,18,68.66820000000003,86.46000000000001,0,c1ccc2sccc2c1,AC
CC(=O)c1ccc2cc(sc2c1)S(=O)(=O)N,8.22,255.002385148,1.7513000000000003,1,4,2,16,16,63.20270000000002,77.23,0,c1ccc2sccc2c1,AC
COc1cccc2c1cc(s2)S(=O)(=O)N,7.92,243.002385148,1.5573,1,4,2,15,15,59.75020000000002,69.39,0,c1ccc2sccc2c1,AC
CN(C)Cc1ccc2c(c1)cc(s2)S(=O)(=O)N,7.92,270.049669688,1.6103000000000005,1,4,3,17,17,70.58920000000003,63.400000000000006,0,c1ccc2sccc2c1,AC
c1cc(c2cc(sc2c1)S(=O)(=O)N)O,7.92,228.986735084,1.2542999999999995,2,4,1,14,14,54.863000000000014,80.39,0,c1ccc2sccc2c1,AC
c1cc(cc2c1cc(s2)S(=O)(=O)N)OCC(=O)O,7.85,286.992214388,1.0121,2,5,4,18,18,66.32900000000002,106.69,0,c1ccc2sccc2c1,AC
c1ccc2c(c1)cc(s2)S(=O)(=O)N,8.28,212.991820464,1.5486999999999995,1,3,1,13,13,53.198200000000014,60.16,0,c1ccc2sccc2c1,AC
CC(=O)Nc1ccc2cc(sc2c1)S(=O)(=O)N,8.32,270.01328418,1.5071,2,4,2,17,17,67.50190000000002,89.26,0,c1ccc2sccc2c1,AC
CC(C)(C)C(=O)Oc1ccc2cc(sc2c1)S(=O)(=O)N,8.59,313.04424996,2.5002000000000004,1,5,2,20,20,78.28820000000003,86.46000000000001,0,c1ccc2sccc2c1,AC
COc1cccc2c1sc(c2)S(=O)(=O)N,7.3,243.002385148,1.5573,1,4,2,15,15,59.75020000000002,69.39,0,c1ccc2sccc2c1,AC
CN(C)CCSCc1ccc2c(c1)cc(s2)S(=O)(=O)N,7.82,330.053040816,2.3435,1,5,6,20,20,87.91420000000004,63.400000000000006,0,c1ccc2sccc2c1,AC
c1cc2cc(sc2c(c1)O)S(=O)(=O)N,7.96,228.986735084,1.2543,2,4,1,14,14,54.86300000000001,80.39,0,c1ccc2sccc2c1,AC
COCc1ccc2c(c1)cc(s2)S(=O)(=O)N,8.05,257.01803521200003,1.6951,1,4,3,16,16,63.91120000000002,69.39,0,c1ccc2sccc2c1,AC
CC(C)(C)NCC(COc1ccc2cc(sc2c1)S(=O)(=O)N)O,7.75,358.10209918399994,1.6765,3,6,6,23,23,92.45570000000004,101.65,0,c1ccc2sccc2c1,AC
CC(C)CNC1CCS(=O)(=O)c2c1cc(s2)S(=O)(=O)N,7.35,338.042870056,0.8596000000000004,2,6,4,20,20,77.94370000000004,106.33,0,O=S1(=O)CCCc2ccsc21,AC
CCNC1CC(S(=O)(=O)c2c1cc(s2)S(=O)(=O)N)C,7.53,324.027219992,0.612,2,6,3,19,19,73.37470000000003,106.33,0,O=S1(=O)CCCc2ccsc21,AC
CCCCCCC(=O)c1cc(sc1)S(=O)(=O)N,8.3,275.064985404,2.5486000000000004,1,4,7,17,17,68.78170000000003,77.23,0,c1ccsc1,AC
CCCCCCC(=NOC)c1cc(sc1)S(=O)(=O)N,8.33,304.0915345,2.716400000000001,1,5,8,19,19,77.99720000000003,81.75,0,c1ccsc1,AC
CCCCCCC(=NN)c1cc(sc1)S(=O)(=O)N,8.7,289.09186884800005,2.0287,2,5,7,18,18,75.17560000000003,98.54,0,c1ccsc1,AC
CCCCNC(C)c1cc(sc1)S(=O)(=O)N,6.23,262.080969816,1.8462,2,4,6,16,16,67.01790000000003,72.19,0,c1ccsc1,AC
c1ccc(cc1)C(=O)c2cc(sc2)S(=O)(=O)N,8.17,267.00238514800003,1.6265,1,4,3,17,17,65.56670000000003,77.23,0,O=C(c1ccccc1)c1ccsc1,nonAC
CCCCC(c1cc(sc1)S(=O)(=O)N)N,6.2,248.065319752,1.5855,2,4,5,15,15,62.14560000000002,86.17999999999999,0,c1ccsc1,AC
CCCCCCC(=NO)c1cc(sc1)S(=O)(=O)N,8.24,290.075884436,2.5442,2,5,7,18,18,72.77470000000002,92.75,0,c1ccsc1,AC
CC(=O)c1cc(sc1)S(=O)(=O)N,7.8,204.986735084,0.5981000000000002,1,4,2,12,12,45.69670000000001,77.23,0,c1ccsc1,AC
CCCCCCC(c1cc(sc1)S(=O)(=O)N)N,6.8,276.09661988,2.3657,2,4,7,17,17,71.37960000000004,86.17999999999999,0,c1ccsc1,AC
CCCCCCC(c1cc(sc1)S(=O)(=O)N)O,7.89,277.080635468,2.3993,2,4,7,17,17,69.41100000000003,80.39,0,c1ccsc1,AC
CCCCC(=O)c1cc(sc1)S(=O)(=O)N,8.2,247.033685276,1.7684000000000002,1,4,5,15,15,59.54770000000002,77.23,0,c1ccsc1,AC
CCCCC(=NO)c1cc(sc1)S(=O)(=O)N,7.82,262.044584308,1.7640000000000002,2,5,5,16,16,63.54070000000002,92.75,0,c1ccsc1,AC
CCOCCNCc1cc2cc(oc2s1)S(=O)(=O)N,8.1,304.055148992,1.2677999999999998,2,6,7,19,19,73.66390000000003,94.56,0,c1cc2ccsc2o1,nonAC
COCCOCCCNCc1cc2cc(oc2s1)S(=O)(=O)N,7.85,348.08136374,1.2843999999999995,2,7,10,22,22,84.48290000000003,103.79,0,c1cc2ccsc2o1,nonAC
COCCN(CCOC)Cc1cc2cc(oc2s1)S(=O)(=O)N,8.29,348.08136374,1.2365,1,7,9,22,22,84.49320000000003,95.0,0,c1cc2ccsc2o1,nonAC
CCCNCc1cc2cc(oc2s1)S(=O)(=O)N,8.1,274.044584308,1.6413000000000002,2,5,5,17,17,67.46190000000001,85.33,0,c1cc2ccsc2o1,nonAC
c1ccnc(c1)CNCc2cc3cc(oc3s2)S(=O)(=O)N,8.09,323.039833276,1.8265,2,6,5,21,21,80.24490000000002,98.22,0,c1ccc(CNCc2cc3ccoc3s2)nc1,nonAC
COCCCNCc1cc2cc(oc2s1)S(=O)(=O)N,7.92,304.055148992,1.2677999999999998,2,6,7,19,19,73.66390000000003,94.56,0,c1cc2ccsc2o1,nonAC
COCCN(CCOCCOC)Cc1cc2cc(oc2s1)S(=O)(=O)N,8.19,392.107578488,1.2531,1,8,12,25,25,95.31220000000005,104.23,0,c1cc2ccsc2o1,nonAC
c1c2cc(oc2sc1CNCCF)S(=O)(=O)N,7.92,278.01951243200006,1.2008,2,5,5,17,17,63.14590000000001,85.33,0,c1cc2ccsc2o1,nonAC
CCNCc1cc2cc(oc2s1)S(=O)(=O)N,7.96,260.028934244,1.2512,2,5,4,16,16,62.84490000000002,85.33,0,c1cc2ccsc2o1,nonAC
CNCc1cc2cc(oc2s1)S(=O)(=O)N,8.05,246.01328418,0.8611000000000002,2,5,3,15,15,58.22790000000001,85.33,0,c1cc2ccsc2o1,nonAC
COCCNCc1cc2cc(oc2s1)S(=O)(=O)N,7.96,290.039498928,0.8777000000000001,2,6,6,18,18,69.04690000000002,94.56,0,c1cc2ccsc2o1,nonAC
c1c2cc(oc2sc1CNCCCCO)S(=O)(=O)N,7.96,304.055148992,1.0037999999999998,3,6,7,19,19,73.49070000000002,105.56,0,c1cc2ccsc2o1,nonAC
CC(C)CNCc1cc2cc(oc2s1)S(=O)(=O)N,8.22,288.060234372,1.8873,2,5,5,18,18,72.00890000000003,85.33,0,c1cc2ccsc2o1,nonAC
CC(C)CNC1CCS(=O)(=O)c2c1cc(s2)S(=O)(=O)N,7.32,338.042870056,0.8596000000000004,2,6,4,20,20,77.94370000000004,106.33,0,O=S1(=O)CCCc2ccsc21,AC
CCOC(C)(C)C(=O)Oc1ccc2c(c1)sc(n2)S(=O)(=O)N,8.92,344.050063612,1.6642,1,7,5,22,22,82.33320000000003,108.58,0,c1ccc2scnc2c1,AC
CCCC(=O)Oc1ccc2c(c1)nc(s2)S(=O)(=O)N,8.4,300.023848864,1.6491999999999998,1,6,4,19,19,71.53620000000002,99.35,0,c1ccc2scnc2c1,AC
CC(C)CNC1CCS(=O)(=O)c2c1cc(s2)S(=O)(=O)N,8.575,338.042870056,0.8596000000000004,2,6,4,20,20,77.94370000000004,106.33,0,O=S1(=O)CCCc2ccsc21,AC
COCC(=O)Oc1ccc2c(c1)sc(n2)S(=O)(=O)N,8.46,302.00311342,0.4955000000000001,1,7,4,19,19,68.50420000000003,108.58,0,c1ccc2scnc2c1,AC
CC(C)(C(=O)Oc1ccc2c(c1)sc(n2)S(=O)(=O)N)OCCOC,8.85,374.060628296,1.2907000000000002,1,8,7,24,24,88.53520000000003,117.81,0,c1ccc2scnc2c1,AC
CCOCCOCCOC(C)(C)C(=O)Oc1ccc2c(c1)sc(n2)S(=O)(=O)N,8.5,432.102493108,1.6974,1,9,11,28,28,103.97120000000004,127.04,0,c1ccc2scnc2c1,AC
CN(C)C(=O)Oc1ccc2c(c1)sc(n2)S(=O)(=O)N,8.8,301.019097832,1.0041,1,6,2,19,19,70.70420000000003,102.59,0,c1ccc2scnc2c1,AC
CC(C)(C)C(=O)Nc1c(ccc2c1sc(n2)S(=O)(=O)N)OC(=O)C(C)(C)C,7.5,413.107912836,2.879800000000001,2,7,3,27,27,104.16790000000006,128.45,0,c1ccc2scnc2c1,AC
CC(C)COC(=O)Oc1ccc2c(c1)sc(n2)S(=O)(=O)N,8.66,330.034413548,2.1151,1,7,4,21,21,77.80720000000004,108.58,0,c1ccc2scnc2c1,AC
CCOP(=O)(OCC)Oc1ccc2c(c1)sc(n2)S(=O)(=O)N,8.75,366.0109148300001,2.5036,1,8,7,22,22,82.47970000000004,117.81,0,c1ccc2scnc2c1,AC
CCCCCCCC(=O)Oc1ccc2c(c1)sc(n2)S(=O)(=O)N,8.8,356.08644911999994,3.209600000000001,1,6,8,23,23,90.00420000000004,99.35,0,c1ccc2scnc2c1,AC
CCCCCCCCCCCC(=O)Oc1ccc2c(c1)sc(n2)S(=O)(=O)N,8.51,412.149049376,4.770000000000003,1,6,12,27,27,108.47220000000006,99.35,0,c1ccc2scnc2c1,AC
CNC1CCS(=O)(=O)c2c1cc(s2)S(=O)(=O)N,8.23,295.99591986400003,-0.1665999999999999,2,6,2,17,17,64.16270000000003,106.33,0,O=S1(=O)CCCc2ccsc21,AC
CCCC(=O)Oc1ccc2c(c1)sc(n2)S(=O)(=O)N,8.5,300.023848864,1.6491999999999998,1,6,4,19,19,71.53620000000002,99.35,0,c1ccc2scnc2c1,AC
CCNC1CCS(=O)(=O)c2c1cc(s2)S(=O)(=O)N,7.92,310.011569928,0.2235000000000003,2,6,3,18,18,68.77970000000002,106.33,0,O=S1(=O)CCCc2ccsc21,AC
CCCNC1CCS(=O)(=O)c2c1cc(s2)S(=O)(=O)N,8.43,324.027219992,0.6136000000000003,2,6,4,19,19,73.39670000000002,106.33,0,O=S1(=O)CCCc2ccsc21,AC
c1cc2c(cc1OC(=O)CC3CCCC3)sc(n2)S(=O)(=O)N,8.22,340.05514899199994,2.4294,1,6,4,22,22,83.20320000000002,99.35,0,O=C(CC1CCCC1)Oc1ccc2ncsc2c1,nonAC
c1c2c(sc1S(=O)(=O)N)S(=O)(=O)CCC2N,8.27,281.98026980000003,-0.4273000000000002,2,6,1,16,16,59.29040000000001,120.31999999999998,0,O=S1(=O)CCCc2ccsc21,AC
CN(C)Cc1ccc(cc1)C(=O)Oc2ccc3c(c2)sc(n3)S(=O)(=O)N,8.4,391.06604802400005,2.2245000000000004,1,7,5,26,26,99.78470000000004,102.59,0,O=C(Oc1ccc2ncsc2c1)c1ccccc1,nonAC
CC(C)(C)C(=O)Oc1ccc2c(c1N)sc(n2)S(=O)(=O)N,7.6,329.05039796,1.4774,2,7,2,21,21,80.49560000000002,125.37,0,c1ccc2scnc2c1,AC
c1cc(ccc1CC(=O)Oc2ccc3c(c2)sc(n3)S(=O)(=O)N)Cl,8.0,381.984876512,2.7452000000000005,1,6,4,24,24,91.7842,99.35,0,O=C(Cc1ccccc1)Oc1ccc2ncsc2c1,nonAC
CN(C)c1ccc(cc1)C(=O)Oc2ccc3c(c2)sc(n3)S(=O)(=O)N,7.22,377.05039796000005,2.2289,1,7,4,25,25,96.72070000000002,102.59,0,O=C(Oc1ccc2ncsc2c1)c1ccccc1,nonAC
c1ccc(cc1)C=CC(=O)Oc2ccc3c(c2)sc(n3)S(=O)(=O)N,7.82,360.02384886399994,2.5625,1,6,4,24,24,92.10420000000002,99.35,0,O=C(C=Cc1ccccc1)Oc1ccc2ncsc2c1,nonAC
CC(=O)Oc1ccc2c(c1)sc(n2)S(=O)(=O)N,8.7,271.992548736,0.869,1,6,2,17,17,62.30220000000001,99.35,0,c1ccc2scnc2c1,AC
c1cc2c(cc1OC(=O)C3CCCCC3)sc(n2)S(=O)(=O)N,8.22,340.05514899199994,2.4294,1,6,3,22,22,83.20320000000002,99.35,0,O=C(Oc1ccc2ncsc2c1)C1CCCCC1,nonAC
CC=CC(=O)Oc1ccc2c(c1)nc(s2)S(=O)(=O)N,8.68,298.0081988,1.4252,1,6,3,19,19,71.44220000000003,99.35,0,c1ccc2scnc2c1,AC
CC(C)C(=O)Oc1ccc2c(c1)sc(n2)S(=O)(=O)N,8.17,300.023848864,1.5051,1,6,3,19,19,71.46620000000003,99.35,0,c1ccc2scnc2c1,AC
COc1cccc(c1C(=O)Oc2ccc3c(c2)sc(n3)S(=O)(=O)N)OC,8.4,394.029328168,2.1801000000000004,1,8,5,26,26,95.49770000000004,117.81,0,O=C(Oc1ccc2ncsc2c1)c1ccccc1,nonAC
c1cc2c(cc1O)sc(n2)S(=O)(=O)N,8.4,229.981984052,0.6493,2,5,1,14,14,52.65800000000001,93.28,0,c1ccc2scnc2c1,AC
CCNC1CCS(=O)(=O)c2c1cc(s2)S(=O)(=O)N,9.07,310.011569928,0.2235000000000003,2,6,3,18,18,68.77970000000002,106.33,0,O=S1(=O)CCCc2ccsc21,AC
c1ccc(cc1)CC(=O)Oc2ccc3c(c2)sc(n3)S(=O)(=O)N,7.52,348.02384886399994,2.0918,1,6,4,23,23,86.77420000000004,99.35,0,O=C(Cc1ccccc1)Oc1ccc2ncsc2c1,nonAC
CCOC(=O)Oc1ccc2c(c1)sc(n2)S(=O)(=O)N,8.17,302.00311342,1.479,1,7,3,19,19,68.64320000000002,108.58,0,c1ccc2scnc2c1,AC
Cc1ccc(cc1)OS(=O)(=O)c2ccc3c(c2)sc(n3)S(=O)(=O)N,8.39,383.990834484,2.01982,1,7,4,24,24,89.98600000000002,116.42,0,O=S(=O)(Oc1ccccc1)c1ccc2ncsc2c1,nonAC
CCNC1CCS(=O)(=O)c2c1cc(s2)S(=O)(=O)N,8.62,310.011569928,0.2235000000000003,2,6,3,18,18,68.77970000000002,106.33,0,O=S1(=O)CCCc2ccsc21,AC
CN(C)OS(=O)(=O)c1ccc2c(c1)sc(n2)S(=O)(=O)N,8.92,336.986083452,0.1256000000000002,1,8,4,20,20,72.95100000000002,119.65999999999998,0,c1ccc2scnc2c1,AC
c1cc2c(cc1O)nc(s2)S(=O)(=O)N,8.3,229.981984052,0.6493000000000004,2,5,1,14,14,52.658000000000015,93.28,0,c1ccc2scnc2c1,AC
CCN(CC)C1CCS(=O)(=O)c2c1cc(s2)S(=O)(=O)N,7.535,338.042870056,0.9558,1,6,4,20,20,78.02400000000004,97.54,0,O=S1(=O)CCCc2ccsc21,AC
c1ccc(cc1)C(=O)Oc2ccc3c(c2)sc(n3)S(=O)(=O)N,8.1,334.00819879999995,2.1629,1,6,3,22,22,82.39370000000002,99.35,0,O=C(Oc1ccc2ncsc2c1)c1ccccc1,nonAC
CCCCOS(=O)(=O)c1ccc2c(c1)sc(n2)S(=O)(=O)N,8.75,350.006484548,1.4491,1,7,6,21,21,79.03900000000004,116.42,0,c1ccc2scnc2c1,AC
CCCCCC(=O)Oc1ccc2c(c1)sc(n2)S(=O)(=O)N,8.4,328.05514899199994,2.4294,1,6,6,21,21,80.77020000000003,99.35,0,c1ccc2scnc2c1,AC
Cn1cccc1C(=O)Oc2ccc3c(c2)sc(n3)S(=O)(=O)N,8.54,337.019097832,1.5014000000000003,1,7,3,22,22,81.36470000000003,104.28,0,O=C(Oc1ccc2ncsc2c1)c1ccc[nH]1,nonAC
CCCCNC1CCS(=O)(=O)c2c1cc(s2)S(=O)(=O)N,8.275,338.042870056,1.0037,2,6,5,20,20,78.01370000000003,106.33,0,O=S1(=O)CCCc2ccsc21,AC
CCN(CC)CC1CCC(CC1)C(=O)Oc2ccc3c(c2)sc(n3)S(=O)(=O)N,8.55,425.1442983440001,2.997300000000001,1,7,7,28,28,109.86420000000004,102.59,0,O=C(Oc1ccc2ncsc2c1)C1CCCCC1,nonAC
CC(C)(C)OC(=O)Oc1ccc2c(c1)sc(n2)S(=O)(=O)N,8.0,330.034413548,2.2576,1,7,2,21,21,77.85520000000004,108.58,0,c1ccc2scnc2c1,AC
c1ccc2c(c1)CCC(O2)COS(=O)(=O)N,6.89,243.056528896,0.6003,1,4,3,16,16,58.23820000000002,78.62,0,c1ccc2c(c1)CCCO2,AC
c1ccc2c(c1)CCC(O2)CNS(=O)(=O)N,4.15,242.072513308,0.1732999999999999,2,3,3,16,16,60.28890000000002,81.42,0,c1ccc2c(c1)CCCO2,AC
c1ccc2c(c1)OC(O2)COS(=O)(=O)N,6.55,231.020143388,0.0039999999999996,1,5,3,15,15,50.54520000000001,87.85000000000001,0,c1ccc2c(c1)OCO2,AC
c1cc(cc(c1)S(=O)(=O)N)[N+](=O)[O-],6.39,202.004827672,0.2421999999999999,1,4,2,13,13,44.46960000000001,103.3,0,c1ccccc1,AC
c1ccc(c(c1)N)S(=O)(=O)N,5.58,172.030648496,-0.0837999999999999,2,3,1,11,11,42.2276,86.18,0,c1ccccc1,AC
c1ccc(c(c1)NN)S(=O)(=O)N,7.1,187.041547528,-0.3804000000000002,3,4,2,12,12,45.6253,98.21,0,c1ccccc1,AC
COC(=O)c1ccccc1S(=O)(=O)N,4.13,215.025228768,0.1206000000000001,1,4,2,14,14,49.15470000000002,86.46000000000001,0,c1ccccc1,AC
c1cc(ccc1SC#N)S(=O)(=O)N,5.44,213.987069432,0.90718,1,4,2,13,13,49.28520000000001,83.95,0,c1ccccc1,AC
c1cc(ccc1[N+](=O)[O-])S(=O)(=O)N,6.4,202.004827672,0.2422,1,4,2,13,13,44.46960000000001,103.3,0,c1ccccc1,AC
c1cc(ccc1CO)S(=O)(=O)N,5.24,187.030314148,-0.1736999999999998,2,3,2,12,12,43.738000000000014,80.39,0,c1ccccc1,AC
Cc1ccc(cc1)S(=O)(=O)N,6.24,171.035399528,0.6424200000000001,1,2,1,11,11,42.55220000000001,60.16,0,c1ccccc1,AC
c1cc(ccc1C(=O)O)S(=O)(=O)N,6.06,201.009578704,0.0322,2,3,2,13,13,44.7745,97.46,0,c1ccccc1,AC
c1cc(c(cc1S(=O)(=O)N)F)N,5.52,190.021226684,0.0553000000000002,2,3,1,12,12,42.1856,86.17999999999999,0,c1ccccc1,AC
c1cc(c(cc1S(=O)(=O)N)Cl)N,6.25,205.991676144,0.5696,2,3,1,12,12,47.2376,86.17999999999999,0,c1ccccc1,AC
c1cc(c(cc1S(=O)(=O)N)Br)N,6.21,249.941160564,0.6787000000000002,2,3,1,12,12,49.9276,86.17999999999999,0,c1ccccc1,AC
c1cc(c(cc1S(=O)(=O)N)I)N,5.76,297.92729646400005,0.5208000000000003,2,3,1,12,12,54.9446,86.17999999999999,0,c1ccccc1,AC
c1cc(ccc1N)S(=O)(=O)N,6.105,172.030648496,-0.0837999999999999,2,3,1,11,11,42.2276,86.18,0,c1ccccc1,AC
c1cc(ccc1CN)S(=O)(=O)N,5.4,186.04629856,-0.2072999999999999,2,3,2,12,12,45.70660000000001,86.18,0,c1ccccc1,AC
c1cc(ccc1CCN)S(=O)(=O)N,5.51,200.061948624,-0.1647999999999999,2,3,3,13,13,50.57360000000001,86.18,0,c1ccccc1,AC
c1cc(ccc1CCO)S(=O)(=O)N,5.52,201.045964212,-0.1311999999999998,2,3,3,13,13,48.60500000000002,80.39,0,c1ccccc1,AC
c1c(c(cc(c1N)S(=O)(=O)N)S(=O)(=O)N)C(F)(F)F,6.47,318.990832396,-0.4175999999999997,3,5,2,19,19,58.60279999999999,146.34,0,c1ccccc1,AC
c1cc(ccc1NN)S(=O)(=O)N,7.1,187.041547528,-0.3804000000000002,3,4,2,12,12,45.6253,98.21,0,c1ccccc1,AC
c1c(c(cc(c1Cl)S(=O)(=O)N)S(=O)(=O)N)N,7.02,284.964475416,-0.7829999999999995,3,5,2,16,16,58.6108,146.33999999999995,0,c1ccccc1,AC
c1cc(ccc1Nc2ccnc(n2)N)S(=O)(=O)N,7.05,265.063345592,0.4497999999999995,3,6,3,18,18,67.54230000000001,123.99,0,c1ccc(Nc2ccncn2)cc1,nonAC
c1cc(ccc1NN=C(N)S)S(=O)(=O)N,6.54,246.02451756,-0.0945999999999999,4,4,3,15,15,62.04630000000001,110.56999999999998,0,c1ccccc1,AC
c1cc2c(cc1[N+](=O)[O-])sc(n2)S(=O)(=O)N,6.6,258.97214764,0.8518999999999997,1,6,2,16,16,57.64760000000001,116.18999999999998,0,c1ccc2scnc2c1,AC
CC12CCC3c4cc(c(cc4CCC3C1CCC2OS(=O)(=O)N)OS(=O)(=O)N)OC,6.42,460.1337932359999,1.7223000000000002,2,7,5,30,30,109.32640000000004,148.01,0,c1ccc2c(c1)CCC1C2CCC2CCCC21,nonAC
CC12CCC3c4cc(c(cc4CCC3C1CCC2OS(=O)(=O)N)O)OC,6.28,381.160993964,2.8456,2,5,3,26,26,97.25600000000006,98.85,0,c1ccc2c(c1)CCC1C2CCC2CCCC21,nonAC
CC12CCC3c4cc(c(cc4CCC3C1CCC2CC#N)OS(=O)(=O)N)OC,5.82,404.176978376,3.6634800000000025,1,5,4,28,28,105.06620000000008,102.41,0,c1ccc2c(c1)CCC1C2CCC2CCCC21,nonAC
CC12CCC3c4cc(c(cc4CCC3C1CCC2=O)OS(=O)(=O)N)OC,6.43,379.1453439,2.702700000000001,1,5,3,26,26,96.35320000000006,95.69,0,O=C1CCC2C1CCC1c3ccccc3CCC12,nonAC
c1ccnc(c1)NS(=O)(=O)c2ccc(cc2)N=Nc3ccc(c(c3)C(=O)O)O,5.35,398.0684905479999,3.701600000000002,3,7,6,28,28,100.72960000000003,141.31,0,O=S(=O)(Nc1ccccn1)c1ccc(N=Nc2ccccc2)cc1,nonAC
c1cc(c(cc1c2ccc(cc2F)F)C(=O)O)O,5.57,250.044150556,3.035600000000001,2,2,2,18,18,60.41810000000001,57.53,0,c1ccc(-c2ccccc2)cc1,AC
c1c(cc(c(c1[N+](=O)[O-])C(=O)O)O)[N+](=O)[O-],5.55,228.001850468,0.9068000000000004,2,6,3,16,16,48.3749,143.81,0,c1ccccc1,AC
c1cc(c(cc1Cl)C(=O)O)O,6.14,171.9927217,1.7437999999999998,2,2,1,11,11,40.0761,57.53,0,c1ccccc1,AC
c1cc2c(cc1O)oc(=O)s2,5.75,167.988114988,1.5601,1,4,0,11,11,42.02580000000001,50.440000000000005,0,O=c1oc2ccccc2s1,nonAC
c1(nnc(s1)S(=O)(=O)N)N,5.505,179.977567368,-1.2323,2,6,1,10,10,35.694599999999994,111.96,0,c1nncs1,nonAC
CC(C)CC(c1cc(c(cc1OC)O)C=CC(=O)O)O,7.23,280.13107374,2.5781000000000005,3,4,6,20,20,75.74340000000004,86.99000000000001,0,c1ccccc1,AC
C#CCNc1c(cnc(n1)Nc2ccc(cc2)S(=O)(=O)N)Br,6.48,380.989507724,1.6751999999999998,3,6,5,22,22,88.1526,110.0,0,c1ccc(Nc2ncccn2)cc1,nonAC
c1c(c(cc(c1S(=O)(=O)N)Cl)Cl)C(=O)O,5.27666666667,268.93163400000003,1.3390000000000002,2,3,2,15,15,54.7945,97.46,0,c1ccccc1,AC
c1cc(c(cc1Cn2cncn2)c3ccc(c(c3)Cl)OS(=O)(=O)N)C#N,7.07,389.0349379239999,2.10078,1,7,5,26,26,94.46220000000002,123.89,0,c1ccc(-c2cccc(Cn3cncn3)c2)cc1,nonAC
C(C(C(C(F)(F)S(=O)(=O)N)(F)F)(F)F)(C(C(F)(F)F)(F)F)(F)F,6.91,398.959866164,2.9712,1,2,5,23,23,43.897199999999984,60.16,0,,nonAC
c1ccc2c(c1)cccc2CNS(=O)(=O)N,4.68,236.061948624,1.1328999999999994,2,2,3,16,16,63.89490000000002,72.19,0,c1ccc2ccccc2c1,nonAC
c1cc2c(c(c1)Br)c(cs2)CNS(=O)(=O)N,5.43,319.928881628,1.9569,2,3,3,16,16,69.4719,72.19,0,c1ccc2sccc2c1,AC
c1cc2c(cc1F)c(cs2)CNS(=O)(=O)N,4.52,260.008947748,1.3335,2,3,3,16,16,61.729900000000015,72.19,0,c1ccc2sccc2c1,AC
Cn1cc(c2c1cccc2)CNS(=O)(=O)N,4.32,239.072847656,0.4714,2,3,3,16,16,62.865900000000025,77.12,0,c1ccc2[nH]ccc2c1,AC
Cc1c(c2ccccc2o1)CNS(=O)(=O)N,4.6,240.056863244,1.03432,2,3,3,16,16,60.89790000000002,85.33,0,c1ccc2occc2c1,AC
c1ccc2c(c1)c(co2)CNS(=O)(=O)N,5.15,226.04121318,0.7259,2,3,3,15,15,56.16090000000002,85.33,0,c1ccc2occc2c1,AC
c1ccc2c(c1)c(cs2)CNS(=O)(=O)N,4.18,242.01836956,1.1944,2,3,3,15,15,61.77190000000002,72.19,0,c1ccc2sccc2c1,AC
c1cc2c(cc1Br)c(cs2)CNS(=O)(=O)N,4.0,319.928881628,1.9569,2,3,3,16,16,69.4719,72.19,0,c1ccc2sccc2c1,AC
c1cc2c(cc1Cl)c(cs2)CNS(=O)(=O)N,5.08,275.979397208,1.8478,2,3,3,16,16,66.78190000000002,72.19,0,c1ccc2sccc2c1,AC
Cc1ccc2c(c1)c(cs2)CNS(=O)(=O)N,4.35,256.034019624,1.5028199999999998,2,3,3,16,16,66.50890000000003,72.19,0,c1ccc2sccc2c1,AC
c1ccc(cc1)CNC(=O)c2cc(ccc2Sc3ccccc3)S(=O)(=O)N,7.91,398.075884436,3.4152000000000022,2,4,6,27,27,105.99240000000002,89.26,0,O=C(NCc1ccccc1)c1ccccc1Sc1ccccc1,nonAC
CCNC(=O)c1cc(ccc1Sc2ccccc2)S(=O)(=O)N,7.67,336.060234372,2.2349,2,4,5,22,22,86.38740000000004,89.26,0,c1ccc(Sc2ccccc2)cc1,nonAC
c1ccc(cc1)CNC(=O)c2cc(ccc2Oc3ccccc3)S(=O)(=O)N,7.45,382.098728056,3.056300000000001,2,4,6,27,27,101.94340000000004,98.49,0,O=C(NCc1ccccc1)c1ccccc1Oc1ccccc1,nonAC
c1ccc(cc1)CNC(=O)c2cc(ccc2SCc3ccccc3)S(=O)(=O)N,8.0,412.0915345,3.556300000000002,2,4,7,28,28,111.4304,89.26,0,O=C(NCc1ccccc1)c1ccccc1SCc1ccccc1,nonAC
c1ccc(c(c1)CO)Sc2ccc(cc2C(=O)NCc3ccccn3)S(=O)(=O)N,6.98,429.08169808800005,2.3025,3,6,7,29,29,109.7102,122.37999999999998,0,O=C(NCc1ccccn1)c1ccccc1Sc1ccccc1,nonAC
c1ccnc(c1)CNC(=O)c2cc(ccc2Sc3ccccn3)S(=O)(=O)N,7.08,400.066382372,2.2052,2,6,6,27,27,101.5824,115.04,0,O=C(NCc1ccccn1)c1ccccc1Sc1ccccn1,nonAC
c1ccc(cc1)Sc2ccc(cc2C(=O)NCc3ccccn3)S(=O)(=O)N,7.17,399.071133404,2.810200000000001,2,5,6,27,27,103.78740000000002,102.15,0,O=C(NCc1ccccn1)c1ccccc1Sc1ccccc1,nonAC
COCCNC(=O)c1cc(ccc1SCCc2ccccc2)S(=O)(=O)N,7.7,394.102099184,2.0450000000000004,2,5,9,26,26,102.89440000000003,98.49,0,c1ccc(CCSc2ccccc2)cc1,nonAC
CC(C)CNC(=O)c1cc(ccc1SC(C)C)S(=O)(=O)N,7.67,330.107184564,2.2203,2,4,6,21,21,85.97940000000004,89.26,0,c1ccccc1,AC
CCNC(=O)c1cc(ccc1SC2CCCC2)S(=O)(=O)N,7.78,328.0915345,2.1184000000000003,2,4,5,21,21,83.93540000000004,89.26,0,c1ccc(SC2CCCC2)cc1,nonAC
CCNC(=O)c1cc(cnc1Sc2ccccc2)S(=O)(=O)N,7.7,337.05548334,1.6299,2,5,5,22,22,84.18240000000003,102.15,0,c1ccc(Sc2ccccn2)cc1,AC
CN(C)CCNC(=O)c1cc(cnc1Sc2ccccc2)S(=O)(=O)N,5.57,380.0976825,1.1716,2,6,7,25,25,97.06240000000004,105.39,0,c1ccc(Sc2ccccn2)cc1,AC
COCCNC(=O)c1cc(cnc1Sc2ccccc2)S(=O)(=O)N,7.24,367.06604802400005,1.2564000000000002,2,6,7,24,24,90.38440000000004,111.37999999999998,0,c1ccc(Sc2ccccn2)cc1,AC
COCCCNC(=O)c1cc(cnc1Sc2ccccc2)S(=O)(=O)N,7.32,381.08169808800005,1.6465,2,6,8,25,25,95.00140000000005,111.37999999999998,0,c1ccc(Sc2ccccn2)cc1,AC
CCCNC(=O)c1cc(cnc1Sc2ccccc2)S(=O)(=O)N,7.57,351.071133404,2.02,2,5,6,23,23,88.79940000000003,102.15,0,c1ccc(Sc2ccccn2)cc1,AC
c1ccc(cc1)CCNC(=O)c2cc(cnc2Sc3ccccc3)S(=O)(=O)N,7.58,413.086783468,2.8527,2,5,7,28,28,108.6544,102.15,0,O=C(NCCc1ccccc1)c1cccnc1Sc1ccccc1,nonAC
c1ccnc(c1)CNC(=O)c2cc(cnc2Sc3c(c(cc(c3F)F)F)F)S(=O)(=O)N,7.64,472.028695124,2.7616,2,6,6,31,31,101.41440000000004,115.04,0,O=C(NCc1ccccn1)c1cccnc1Sc1ccccc1,nonAC
CCNC(=O)c1cc(cnc1Sc2cccc(c2)F)S(=O)(=O)N,7.7,355.046061528,1.769,2,5,5,23,23,84.14040000000003,102.15,0,c1ccc(Sc2ccccn2)cc1,AC
COc1ccc(cc1)CNC(=O)c2cc(cnc2Sc3ccc(c(c3)F)F)S(=O)(=O)N,8.66,465.06285446400005,3.0970000000000004,2,6,7,31,31,110.25540000000004,111.37999999999998,0,O=C(NCc1ccccc1)c1cccnc1Sc1ccccc1,nonAC
COCCCNC(=O)c1cc(cnc1Sc2cccc(c2)F)S(=O)(=O)N,7.59,399.072276276,1.7856,2,6,8,26,26,94.95940000000004,111.37999999999998,0,c1ccc(Sc2ccccn2)cc1,AC
COCCCNC(=O)c1cc(cnc1Sc2c(c(cc(c2F)F)F)F)S(=O)(=O)N,7.98,453.04401084000006,2.2029,2,6,8,29,29,94.83340000000004,111.37999999999998,0,c1ccc(Sc2ccccn2)cc1,AC
COCCCNC(=O)c1cc(cnc1Sc2ccc(c(c2)F)F)S(=O)(=O)N,7.46,417.06285446400005,1.9247,2,6,8,27,27,94.91740000000004,111.37999999999998,0,c1ccc(Sc2ccccn2)cc1,AC
c1ccnc(c1)CCNC(=O)c2cc(ccc2Sc3c(c(cc(c3F)F)F)F)S(=O)(=O)N,7.74,485.04909622,3.4091000000000005,2,5,7,32,32,108.48640000000005,102.15,0,O=C(NCCc1ccccn1)c1ccccc1Sc1ccccc1,nonAC
c1c(cnc(c1C(=O)NCCCCN)Sc2c(c(cc(c2F)F)F)F)S(=O)(=O)N,7.34,452.059995252,1.9053,3,6,8,29,29,96.62880000000004,128.17000000000002,0,c1ccc(Sc2ccccn2)cc1,AC
c1cc(c(cc1Sc2c(cc(cn2)S(=O)(=O)N)CO)F)F,7.1,332.01009062,1.6506999999999998,2,5,4,21,21,72.01400000000001,93.28,0,c1ccc(Sc2ccccn2)cc1,AC
COc1ccc(cc1)CNCc2cc(cnc2Sc3ccc(c(c3)F)F)S(=O)(=O)N,7.28,451.083589908,3.456800000000001,2,6,8,30,30,109.62890000000004,94.31,0,c1ccc(CNCc2cccnc2Sc2ccccc2)cc1,nonAC
CCNCc1cc(cnc1Sc2ccc(c(c2)F)F)S(=O)(=O)N,6.49,359.05737516,2.2679000000000005,2,5,6,23,23,83.47190000000002,85.08,0,c1ccc(Sc2ccccn2)cc1,AC
COCCCNCc1cc(cnc1Sc2ccc(c(c2)F)F)S(=O)(=O)N,6.41,403.083589908,2.2845,2,6,9,26,26,94.29090000000004,94.31,0,c1ccc(Sc2ccccn2)cc1,AC
CCNC(=O)c1cc(cc(c1SC(C)C)F)S(=O)(=O)N,8.42,320.066462624,1.7233000000000005,2,4,5,20,20,76.77340000000002,89.26,0,c1ccccc1,AC
CCNC(=O)c1cc(cc(c1SCC(C)C)F)S(=O)(=O)N,8.55,334.082112688,1.9709,2,4,6,21,21,81.34240000000003,89.26,0,c1ccccc1,AC
c1cc(ncc1S(=O)(=O)N)Sc2c(c(cc(c2F)F)F)F,8.08,337.980682312,2.4366000000000003,1,4,3,21,21,66.0072,73.05,0,c1ccc(Sc2ccccn2)cc1,AC
c1ccc2c(c1)C3CC(C2C3O)O[N+](=O)[O-],4.01,221.068807832,1.2089,1,4,2,16,16,54.41520000000002,72.6,0,c1ccc2c(c1)C1CCC2C1,nonAC
C1C(C(CC(C1O)O[N+](=O)[O-])O[N+](=O)[O-])O,4.06,238.04371528,-1.3441999999999998,2,8,4,16,16,44.98240000000003,145.2,0,C1CCCCC1,nonAC
C1CC2C(CC1C2O)O[N+](=O)[O-],4.14,173.068807832,0.3540999999999999,1,4,2,12,12,38.70520000000001,72.6,0,C1CC2CCC1C2,nonAC
C1CC2C(CC1C2O)O[N+](=O)[O-],4.19,173.068807832,0.3540999999999999,1,4,2,12,12,38.70520000000001,72.6,0,C1CC2CCC1C2,nonAC
Cc1ccc(cc1)S(=O)(=O)n2cccc2,4.64,221.051049592,2.03352,0,3,2,15,15,58.19480000000003,39.07,0,O=S(=O)(c1ccccc1)n1cccc1,nonAC
Cc1ccc(cc1)S(=O)(=O)N2CC=CC2=O,4.74,237.045964212,1.08212,0,3,2,16,16,59.21780000000002,54.45,0,O=C1C=CCN1S(=O)(=O)c1ccccc1,nonAC
Cc1ccc(cc1)S(=O)(=O)N2C(C=CC2=O)O,5.22,253.040878832,0.40052,1,4,2,17,17,60.35760000000002,74.68,0,O=C1C=CCN1S(=O)(=O)c1ccccc1,nonAC
Cc1ccc(cc1)S(=O)(=O)N2C(C=CC2=O)OC(=O)C,5.1,295.051443516,0.97132,0,5,3,20,20,69.90480000000002,80.75,0,O=C1C=CCN1S(=O)(=O)c1ccccc1,nonAC
c1cc(ccc1[N+](=O)[O-])OP(=O)(O)O,7.2,218.99327354200005,1.0662999999999996,2,4,3,14,14,45.76850000000002,109.9,0,c1ccccc1,AC
CCOP(=O)(OCC)Oc1ccc(cc1)[N+](=O)[O-],7.23,275.055873798,3.154700000000002,0,6,7,18,18,64.58290000000002,87.9,0,c1ccccc1,AC
CCCCC(CC)COC(=O)c1ccccc1C(=O)OCC(CC)CCCC,4.18,390.277009696,6.433000000000007,0,4,14,28,28,113.61900000000009,52.60000000000001,0,c1ccccc1,AC
c1ccc2c(c1)C(=O)NC2(c3ccc(c(c3)S(=O)(=O)N)Cl)O,6.17,338.012805512,0.9242,3,4,2,22,22,79.73220000000002,109.49,0,O=C1NC(c2ccccc2)c2ccccc21,nonAC
CC1(CCCCC1)COc2ccc(cc2)CC3C(=O)NC(=O)S3,7.07,333.139864596,3.9299000000000017,1,4,5,23,23,91.75070000000004,55.4,0,O=C1NC(=O)C(Cc2ccc(OCC3CCCCC3)cc2)S1,nonAC
c1ccc(cc1)C(c2ccccc2)(c3ccccc3Cl)n4ccnc4,4.52,344.10802622400007,5.376700000000004,0,2,4,25,25,101.84300000000005,17.82,0,c1ccc(C(c2ccccc2)(c2ccccc2)n2ccnc2)cc1,nonAC
CCc1ccc(nc1)CCOc2ccc(cc2)CC3C(=O)NC(=O)S3,6.94,356.11946349999994,3.159600000000001,1,5,7,25,25,97.87770000000005,68.28999999999999,0,O=C1NC(=O)C(Cc2ccc(OCCc3ccccn3)cc2)S1,nonAC
Cc1c(c2c(c(c1O)C)CCC(O2)(C)COc3ccc(cc3)CC4C(=O)NC(=O)S4)C,6.01,441.160993964,4.374260000000003,2,6,5,31,31,120.23050000000003,84.85999999999999,0,O=C1NC(=O)C(Cc2ccc(OCC3CCc4ccccc4O3)cc2)S1,nonAC
CN(CCOc1ccc(cc1)CC2C(=O)NC(=O)S2)c3ccccn3,5.39,357.11471246800005,2.490900000000001,1,6,7,25,25,98.06570000000002,71.53,0,O=C1NC(=O)C(Cc2ccc(OCCNc3ccccn3)cc2)S1,nonAC
c1ccc(cc1)c2c(=O)c3ccccc3oc2N,5.03,237.078978592,3.0422,1,3,1,18,18,72.33240000000002,56.23,0,O=c1c(-c2ccccc2)coc2ccccc12,nonAC
c1ccc(cc1)c2c(=O)c3cc(ccc3oc2N)Cl,4.44,271.04000624,3.6956000000000007,1,3,1,19,19,77.34240000000003,56.23,0,O=c1c(-c2ccccc2)coc2ccccc12,nonAC
c1ccc(cc1)c2c(=O)c3ccc(cc3oc2N)Cl,5.17,271.04000624,3.6956000000000007,1,3,1,19,19,77.34240000000003,56.23,0,O=c1c(-c2ccccc2)coc2ccccc12,nonAC
c1ccc2c(c1)c(=O)c(c(o2)N)c3ccc(cc3)Cl,5.06,271.04000624,3.6956000000000016,1,3,1,19,19,77.34240000000003,56.23,0,O=c1c(-c2ccccc2)coc2ccccc12,nonAC
c1cc(ccc1c2c(=O)c3cc(ccc3oc2N)Cl)Cl,5.44,305.001033888,4.349000000000001,1,3,1,20,20,82.3524,56.23,0,O=c1c(-c2ccccc2)coc2ccccc12,nonAC
c1cc(ccc1c2c(=O)c3ccc(cc3oc2N)Cl)Cl,5.08,305.001033888,4.349000000000001,1,3,1,20,20,82.3524,56.23,0,O=c1c(-c2ccccc2)coc2ccccc12,nonAC
COc1ccc(cc1)c2c(=O)c3ccccc3oc2N,5.19,267.08954327600003,3.0508000000000006,1,4,2,20,20,78.88440000000003,65.46,0,O=c1c(-c2ccccc2)coc2ccccc12,nonAC
COc1ccc(cc1)c2c(=O)c3cc(ccc3oc2N)Cl,5.44,301.050570924,3.704200000000001,1,4,2,21,21,83.89440000000002,65.46,0,O=c1c(-c2ccccc2)coc2ccccc12,nonAC
COc1ccc(cc1)c2c(=O)c3ccc(cc3oc2N)Cl,5.09,301.050570924,3.704200000000001,1,4,2,21,21,83.89440000000002,65.46,0,O=c1c(-c2ccccc2)coc2ccccc12,nonAC
COc1ccc(cc1OC)c2c(=O)c3ccccc3oc2N,5.08,297.10010796000006,3.059400000000001,1,5,3,22,22,85.43640000000003,74.69,0,O=c1c(-c2ccccc2)coc2ccccc12,nonAC
COc1ccc(cc1OC)c2c(=O)c3cc(ccc3oc2N)Cl,5.12,331.06113560800003,3.7128000000000014,1,5,3,23,23,90.44640000000004,74.69,0,O=c1c(-c2ccccc2)coc2ccccc12,nonAC
COc1ccc(cc1OC)c2c(=O)c3ccc(cc3oc2N)Cl,4.86,331.06113560800003,3.7128000000000014,1,5,3,23,23,90.44640000000004,74.69,0,O=c1c(-c2ccccc2)coc2ccccc12,nonAC
COc1ccc2c(c1)oc(c(c2=O)c3ccccc3)N,5.1,267.08954327600003,3.0508000000000006,1,4,2,20,20,78.88440000000003,65.46,0,O=c1c(-c2ccccc2)coc2ccccc12,nonAC
COc1ccc2c(c1)oc(c(c2=O)c3ccc(cc3)Cl)N,4.44,301.05057092400006,3.704200000000002,1,4,2,21,21,83.89440000000002,65.46,0,O=c1c(-c2ccccc2)coc2ccccc12,nonAC
COc1ccc(cc1)c2c(=O)c3ccc(cc3oc2N)OC,5.06,297.10010796,3.0594,1,5,3,22,22,85.43640000000003,74.69,0,O=c1c(-c2ccccc2)coc2ccccc12,nonAC
COc1ccc2c(c1)oc(c(c2=O)c3ccc(c(c3)OC)OC)N,5.08,327.11067264400003,3.0680000000000005,1,6,4,24,24,91.98840000000004,83.92,0,O=c1c(-c2ccccc2)coc2ccccc12,nonAC
c1ccc(cc1)c2c(=O)c3cc(ccc3[nH]c2N)Cl,5.05,270.05599065200005,3.4307000000000007,2,2,1,19,19,79.42710000000002,58.88,0,O=c1c(-c2ccccc2)c[nH]c2ccccc12,nonAC
c1ccc(cc1)c2c(=O)c3ccc(cc3[nH]c2N)Cl,5.19,270.05599065200005,3.4307000000000007,2,2,1,19,19,79.42710000000002,58.88,0,O=c1c(-c2ccccc2)c[nH]c2ccccc12,nonAC
COc1ccc(cc1)c2cc3cc(ccc3oc2=O)Cl,5.03,286.03967189200006,4.122000000000002,0,3,2,20,20,79.48200000000003,39.44,0,O=c1oc2ccccc2cc1-c1ccccc1,nonAC
c1ccc(cc1)Oc2ccc(cc2)C(=O)NCCNC(=O)P(=O)(O)O,6.22,364.08242289399993,2.096,4,4,7,25,25,90.73400000000002,124.96,0,c1ccc(Oc2ccccc2)cc1,nonAC
c1ccc(cc1)Oc2ccc(cc2)S(=O)(=O)NCCCCCCNC(=O)P(=O)(O)O,7.0,456.11200876999993,3.204900000000002,4,5,12,30,30,112.05730000000004,142.03,0,c1ccc(Oc2ccccc2)cc1,nonAC
c1ccc(cc1)Oc2ccc(cc2)S(=O)(=O)NCCCCCNC(=O)P(=O)(O)O,6.51,442.09635870599993,2.8148000000000017,4,5,11,29,29,107.44030000000004,142.03,0,c1ccc(Oc2ccccc2)cc1,nonAC
c1ccc(cc1)Oc2ccc(cc2)S(=O)(=O)NCCCCNC(=O)P(=O)(O)O,7.0,428.08070864199993,2.4247000000000005,4,5,10,28,28,102.82330000000005,142.03,0,c1ccc(Oc2ccccc2)cc1,nonAC
c1ccc(cc1)Oc2ccc(cc2)S(=O)(=O)NCCCNC(=O)P(=O)(O)O,6.24,414.06505857799993,2.0346,4,5,9,27,27,98.20630000000004,142.03,0,c1ccc(Oc2ccccc2)cc1,nonAC
c1ccc(cc1)Oc2ccc(cc2)S(=O)(=O)NCCNC(=O)P(=O)(O)O,6.09,400.049408514,1.6444999999999994,4,5,8,26,26,93.58930000000004,142.03,0,c1ccc(Oc2ccccc2)cc1,nonAC
C1CCC(C(C1)N)NC(=O)P(=O)(O)O,5.88,222.07694359,0.1436000000000002,4,3,2,14,14,50.807200000000016,112.65,0,C1CCCCC1,nonAC
C1CCC(C(C1)N)NC(=O)P(=O)(O)O,5.08,222.07694359,0.1436000000000002,4,3,2,14,14,50.807200000000016,112.65,0,C1CCCCC1,nonAC
C1CCN(C1)CCNC(=O)P(=O)(O)O,5.02,222.07694359,-0.0305,3,3,4,14,14,51.116800000000026,89.87,0,C1CCNC1,nonAC
C1CCN(CC1)CCNC(=O)P(=O)(O)O,5.07,236.092593654,0.3596,3,3,4,15,15,55.73380000000003,89.87,0,C1CCNCC1,nonAC
CCOP(=O)(C(=O)NCCCCNC(=O)P(=O)(OCC)OCC)OCC,5.02,416.1477391799999,3.718000000000002,2,8,15,26,26,97.74840000000006,129.26,0,,nonAC
C(CCNC(=O)P(=O)(O)O)CNC(=O)P(=O)(O)O,5.06,304.0225386679999,-0.4588,6,4,7,18,18,60.11960000000002,173.26,0,,nonAC
CC(C1CCCCC1)NC(=O)P(=O)(O)O,5.05,235.097344686,1.8425,3,2,3,15,15,56.61280000000004,86.63000000000001,0,C1CCCCC1,nonAC
CC(C1CCCCC1)NC(=O)P(=O)(O)O,5.03,235.097344686,1.8425,3,2,3,15,15,56.61280000000004,86.63000000000001,0,C1CCCCC1,nonAC
c1ccc(cc1)CCNC(=O)P(=O)(O)O,5.1,229.050394494,1.1163999999999998,3,2,4,15,15,55.58880000000003,86.63000000000001,0,c1ccccc1,AC
C1CCCC(CCC1)NC(=O)P(=O)(O)O,5.1,235.097344686,1.9866,3,2,2,15,15,56.68280000000004,86.63000000000001,0,C1CCCCCCC1,nonAC
C1CCC(CC1)CNC(=O)P(=O)(O)O,5.04,221.081694622,1.4539999999999995,3,2,3,14,14,52.01780000000003,86.63000000000001,0,C1CCCCC1,nonAC
C1CCC(CC1)NC(=O)P(=O)(O)O,5.06,207.066044558,1.2064,3,2,2,13,13,47.44880000000003,86.63000000000001,0,C1CCCCC1,nonAC
C1CCC(C1)NC(=O)P(=O)(O)O,5.13,193.050394494,0.8162999999999998,3,2,2,12,12,42.83180000000001,86.63000000000001,0,C1CCCC1,nonAC
CCC(CC)NC(=O)P(=O)(O)O,5.06,195.066044558,1.0622999999999998,3,2,4,12,12,44.94580000000001,86.63000000000001,0,,nonAC
CC(C)NC(=O)P(=O)(O)O,4.86,167.03474443,0.2820999999999998,3,2,2,10,10,35.71179999999999,86.63000000000001,0,,nonAC
Cc1cc(ccc1S(=O)(=O)N)c2c3ccccc3c(nn2)Nc4ccc(cc4)S(=O)(=O)N,7.57,469.0878460880001,2.6436199999999994,3,7,5,32,32,122.18210000000002,158.13,0,c1ccc(Nc2nnc(-c3ccccc3)c3ccccc23)cc1,nonAC
Cc1ccc(cc1S(=O)(=O)N)c2c3ccccc3c(nn2)Nc4ccc(cc4)S(=O)(=O)N,6.26,469.0878460880001,2.6436199999999994,3,7,5,32,32,122.18210000000002,158.13,0,c1ccc(Nc2nnc(-c3ccccc3)c3ccccc23)cc1,nonAC
c1ccc2c(c1)c(nnc2Nc3ccc(cc3)S(=O)(=O)N)c4cccc(c4)S(=O)(=O)N,6.34,455.072196024,2.3352,3,7,5,31,31,117.4451,158.13,0,c1ccc(Nc2nnc(-c3ccccc3)c3ccccc23)cc1,nonAC
c1ccc2c(c1)c(nnc2Nc3ccc(cc3)N)c4cccc(c4)S(=O)(=O)N,6.83,391.110295784,3.2700000000000005,3,6,4,28,28,110.4843,123.99,0,c1ccc(Nc2nnc(-c3ccccc3)c3ccccc23)cc1,nonAC
COc1cccc(c1)c2c3ccccc3c(nn2)Nc4cccc(c4)S(=O)(=O)N,7.21,406.109961436,3.6964000000000015,2,6,5,29,29,112.6239,107.2,0,c1ccc(Nc2nnc(-c3ccccc3)c3ccccc23)cc1,nonAC
C(CSc1c(c(c(c(c1F)F)S(=O)(=O)N)F)F)O,8.0,304.980347964,0.9748,2,4,4,18,18,55.457,80.39,0,c1ccccc1,AC
CC1=NN(C(=O)C1)c2cccc(c2)S(=O)(=O)N,6.09,253.052112212,0.4466000000000002,1,4,2,17,17,63.02720000000002,92.83,0,O=C1CC=NN1c1ccccc1,nonAC
COc1ccc(cc1OC)CNc2ccc(cc2)S(=O)(=O)N,7.9,322.098728056,1.9633,2,5,6,22,22,84.68790000000004,90.65,0,c1ccc(CNc2ccccc2)cc1,nonAC
c1cc(cc(c1)Br)N2C(=O)CC(C2=O)NCc3ccc(cc3)S(=O)(=O)N,7.32,437.004489092,1.5182,2,5,5,26,26,99.6949,109.57,0,O=C1CC(NCc2ccccc2)C(=O)N1c1ccccc1,nonAC
COc1ccc(cc1CNCCc2ccc(cc2)S(=O)(=O)N)Cl,6.17,354.080491148,2.3283,2,4,7,23,23,91.22990000000004,81.42,0,c1ccc(CCNCc2ccccc2)cc1,nonAC
c1cc(cc(c1)S(=O)(=O)N)NS(=O)(=O)c2ccc3c4c2cccc4C(=O)N3,5.41,403.029662516,1.8537,3,5,4,27,27,100.52490000000002,135.42999999999998,0,O=C1Nc2ccc(S(=O)(=O)Nc3ccccc3)c3cccc1c23,nonAC
c1cc(cc(c1)N2C(=O)CCC2=O)C(=O)Nc3ccc(cc3)S(=O)(=O)N,7.47,373.07324158000006,1.2397,2,5,4,26,26,93.9374,126.64,0,O=C(Nc1ccccc1)c1cccc(N2C(=O)CCC2=O)c1,nonAC
CC1=NN(C(=O)C1=CC=Cc2ccccc2)c3ccc(cc3)S(=O)(=O)N,7.48,367.099062404,2.6963,1,4,4,26,26,101.9692,92.83,0,O=C1C(=CC=Cc2ccccc2)C=NN1c1ccccc1,nonAC
c1ccc2c(c1)cccc2CNCCc3ccc(cc3)S(=O)(=O)N,6.82,340.12454888,2.8195,2,3,6,24,24,97.17390000000005,72.19,0,c1ccc(CCNCc2cccc3ccccc23)cc1,nonAC
Cc1ccc(cc1)N2C(=O)C(=Cc3cccn3c4ccc(cc4)S(=O)(=O)N)C(=O)N2,7.57,422.104876056,1.8945199999999995,2,5,4,30,30,111.92690000000005,114.5,0,O=C1NN(c2ccccc2)C(=O)C1=Cc1cccn1-c1ccccc1,nonAC
c1ccc(cc1)OCCNC(=O)c2cc(c(cc2Cl)Cl)S(=O)(=O)N,7.98,388.0051332879999,2.4496,2,4,6,24,24,92.10540000000002,98.49,0,O=C(NCCOc1ccccc1)c1ccccc1,nonAC
c1cc(ccc1N=C2NC(=O)C(=Cc3cc(ccc3Br)O)S2)S(=O)(=O)N,8.03,452.945259964,2.693700000000001,3,6,3,26,26,104.42770000000002,121.84999999999998,0,O=C1NC(=Nc2ccccc2)SC1=Cc1ccccc1,nonAC
c1cc(n(c1)c2ccc(cc2)S(=O)(=O)N)C=C3C(=O)NN(C3=O)c4ccc(cc4)F,7.38,426.07980418000005,1.7251999999999996,2,5,4,30,30,107.1479,114.5,0,O=C1NN(c2ccccc2)C(=O)C1=Cc1cccn1-c1ccccc1,nonAC
c1ccc(cc1)C(=O)NC(=S)Nc2ccc(cc2)S(=O)(=O)N,7.22,335.039833276,1.4608,3,4,3,22,22,87.94410000000002,101.29,0,O=C(NC(=S)Nc1ccccc1)c1ccccc1,nonAC
Cc1ccc2c(c1)c(c(c(=O)o2)C=Nc3ccc(cc3)S(=O)(=O)Nc4nccc(n4)C)Cl,7.22,468.0659037040001,4.404640000000003,1,7,5,32,32,123.5045,114.52,0,O=c1oc2ccccc2cc1C=Nc1ccc(S(=O)(=O)Nc2ncccn2)cc1,nonAC
Cc1ccc2c(c1)c(c(c(=O)o2)C=Nc3ccc(cc3)S(=O)(=O)Nc4cc(on4)C)Cl,6.66,457.049919292,4.602640000000003,1,7,5,31,31,117.9755,114.77,0,O=c1oc2ccccc2cc1C=Nc1ccc(S(=O)(=O)Nc2ccon2)cc1,nonAC
Cc1ccc2c(c1)c(c(c(=O)o2)C=Nc3ccc(cc3)S(=O)(=O)Nc4nc(cc(n4)C)C)Cl,6.85,482.0815537680001,4.713060000000003,1,7,5,33,33,128.2415,114.52,0,O=c1oc2ccccc2cc1C=Nc1ccc(S(=O)(=O)Nc2ncccn2)cc1,nonAC
Cc1ccc2c(c1)c(c(c(=O)o2)C=Nc3ccc(cc3)S(=O)(=O)NC(=N)N)Cl,7.0,418.0502536400001,2.67719,3,6,4,28,28,108.1626,138.61,0,O=c1oc2ccccc2cc1C=Nc1ccccc1,nonAC
Cc1ccc2c(c1)c(c(c(=O)o2)C=Nc3ccc(cc3)S(=O)(=O)Nc4nccs4)Cl,6.92,459.011425608,4.7627200000000025,1,7,5,30,30,118.8495,101.63,0,O=c1oc2ccccc2cc1C=Nc1ccc(S(=O)(=O)Nc2nccs2)cc1,nonAC
Cc1ccc2c(c1)c(c(c(=O)o2)C=Nc3ccc(cc3)S(=O)(=O)N)Cl,7.06,376.028455576,3.152820000000001,1,5,3,25,25,97.3002,102.73,0,O=c1oc2ccccc2cc1C=Nc1ccccc1,nonAC
CC(C)(C)c1cc2c(c(c1)C(C)(C)C)oc(=O)c(c2Cl)C=Nc3ccc(cc3)S(=O)(=O)N,6.95,474.138006024,5.439400000000005,1,5,3,32,32,129.96320000000006,102.73,0,O=c1oc2ccccc2cc1C=Nc1ccccc1,nonAC
Cc1ccnc(n1)NS(=O)(=O)c2ccc(cc2)N=Cc3c(c4ccccc4oc3=O)Cl,7.29,454.05025364,4.096220000000002,1,7,5,31,31,118.76750000000004,114.52,0,O=c1oc2ccccc2cc1C=Nc1ccc(S(=O)(=O)Nc2ncccn2)cc1,nonAC
Cc1cc(no1)NS(=O)(=O)c2ccc(cc2)N=Cc3c(c4ccccc4oc3=O)Cl,7.59,443.034269228,4.294220000000002,1,7,5,30,30,113.23850000000002,114.77,0,O=c1oc2ccccc2cc1C=Nc1ccc(S(=O)(=O)Nc2ccon2)cc1,nonAC
Cc1cc(nc(n1)NS(=O)(=O)c2ccc(cc2)N=Cc3c(c4ccccc4oc3=O)Cl)C,7.64,468.065903704,4.404640000000003,1,7,5,32,32,123.50450000000002,114.52,0,O=c1oc2ccccc2cc1C=Nc1ccc(S(=O)(=O)Nc2ncccn2)cc1,nonAC
c1ccc2c(c1)c(c(c(=O)o2)C=Nc3ccc(cc3)S(=O)(=O)NC(=N)N)Cl,7.07,404.03460357600005,2.36877,3,6,4,27,27,103.42560000000002,138.61,0,O=c1oc2ccccc2cc1C=Nc1ccccc1,nonAC
c1ccc2c(c1)c(c(c(=O)o2)C=Nc3ccc(cc3)S(=O)(=O)Nc4nccs4)Cl,7.24,444.995775544,4.454300000000002,1,7,5,29,29,114.1125,101.63,0,O=c1oc2ccccc2cc1C=Nc1ccc(S(=O)(=O)Nc2nccs2)cc1,nonAC
c1ccc2c(c1)c(c(c(=O)o2)C=Nc3ccc(cc3)S(=O)(=O)N)Cl,7.48,362.012805512,2.8444000000000003,1,5,3,24,24,92.5632,102.73,0,O=c1oc2ccccc2cc1C=Nc1ccccc1,nonAC
c1ccc2c(c1)OCC(O2)CNS(=O)(=O)N,4.01,244.051777864,-0.3805000000000004,2,4,3,16,16,57.46290000000001,90.65,0,c1ccc2c(c1)OCCO2,nonAC
CN(CC1COc2ccccc2O1)S(=O)(=O)N,4.07,258.06742792800003,-0.0382999999999998,1,4,3,17,17,62.09020000000003,81.86,0,c1ccc2c(c1)OCCO2,nonAC
c1ccc2c(c1)OCC(O2)CNS(=O)(=O)N,4.11,244.051777864,-0.3805000000000004,2,4,3,16,16,57.46290000000001,90.65,0,c1ccc2c(c1)OCCO2,nonAC
c1cc2c(cc1F)OCC(O2)CNS(=O)(=O)N,4.13,262.042356052,-0.2413999999999999,2,4,3,17,17,57.42090000000001,90.65,0,c1ccc2c(c1)OCCO2,nonAC
c1ccc2c(c1)OC(O2)CNS(=O)(=O)N,4.15,230.0361278,-0.4230000000000006,2,4,3,15,15,52.59590000000001,90.65,0,c1ccc2c(c1)OCO2,AC
c1cc2c(c(c1)F)OCC(O2)CNS(=O)(=O)N,4.16,262.042356052,-0.2413999999999999,2,4,3,17,17,57.42090000000001,90.65,0,c1ccc2c(c1)OCCO2,nonAC
c1cc2c(c(c1)Cl)OC(CO2)CNS(=O)(=O)N,4.25,278.01280551200006,0.2728999999999998,2,4,3,17,17,62.47290000000002,90.65,0,c1ccc2c(c1)OCCO2,nonAC
c1cc2c(cc1Br)OCC(O2)CNS(=O)(=O)N,4.44,321.962289932,0.3819999999999996,2,4,3,17,17,65.16290000000002,90.65,0,c1ccc2c(c1)OCCO2,nonAC
c1cc2c(cc1Cl)OC(CO2)CNS(=O)(=O)N,4.44,278.01280551200006,0.2728999999999998,2,4,3,17,17,62.47290000000002,90.65,0,c1ccc2c(c1)OCCO2,nonAC
c1cc2c(cc1Cl)OCC(O2)CNS(=O)(=O)N,4.88,278.01280551200006,0.2728999999999998,2,4,3,17,17,62.47290000000002,90.65,0,c1ccc2c(c1)OCCO2,nonAC
c1c2c(cc(c1Cl)Cl)OC(CO2)CNS(=O)(=O)N,4.52,311.97383316,0.9262999999999996,2,4,3,18,18,67.48290000000001,90.65,0,c1ccc2c(c1)OCCO2,nonAC
Cc1ccc2c(c1)OC(CO2)CNS(=O)(=O)N,4.54,258.06742792800003,-0.0720800000000002,2,4,3,17,17,62.19990000000002,90.65,0,c1ccc2c(c1)OCCO2,nonAC
c1ccc2c(c1)OCC(O2)CCNS(=O)(=O)N,4.6,258.06742792800003,0.0095999999999997,2,4,4,17,17,62.079900000000016,90.65,0,c1ccc2c(c1)OCCO2,nonAC
c1ccc2c(c1)OCC(CO2)CNS(=O)(=O)N,4.77,258.06742792800003,-0.1329000000000005,2,4,3,17,17,62.03190000000002,90.65,0,c1ccc2c(c1)OCCCO2,nonAC
c1cn(cn1)CC(O)(P(=O)(O)O)P(=O)(O)O,7.21,271.99632391999995,-1.1154000000000002,5,5,4,16,16,51.26500000000002,153.11,0,c1c[nH]cn1,nonAC
c1cc(ccc1NC(P(=O)(O)O)P(=O)(O)O)O,5.09,283.001074952,0.4430999999999994,6,4,4,17,17,59.60570000000003,147.32,0,c1ccccc1,AC
c1ccc(cc1)c2cccc(c2)NC(P(=O)(O)O)P(=O)(O)O,5.03,343.0374604599999,2.4045000000000014,5,3,5,22,22,83.37690000000002,127.09,0,c1ccc(-c2ccccc2)cc1,AC
c1cc(ccc1NC(P(=O)(O)O)P(=O)(O)O)Oc2ccc(cc2)Cl,5.03,392.993402728,3.183200000000002,5,4,6,24,24,89.4669,136.32,0,c1ccc(Oc2ccccc2)cc1,nonAC
c1cc(ccc1NC(P(=O)(O)O)P(=O)(O)O)Oc2ccc(cc2)Br,5.13,436.942887148,3.292300000000002,5,4,6,24,24,92.1569,136.32,0,c1ccc(Oc2ccccc2)cc1,nonAC
c1ccc2c(c1)cccc2NC(P(=O)(O)O)P(=O)(O)O,5.04,317.0218103959999,1.8907000000000007,5,3,4,20,20,75.4469,127.09,0,c1ccc2ccccc2c1,nonAC
c1cc(ccc1S(=O)(=O)NC(P(=O)(O)O)P(=O)(O)O)Cl,5.21,364.9290882199999,0.2572999999999997,5,4,5,20,20,69.6497,161.23,0,c1ccccc1,AC
c1cc(ccc1[N+](=O)[O-])S(=O)(=O)NC(P(=O)(O)O)P(=O)(O)O,5.74,375.9531387799999,-0.4879000000000002,5,6,6,22,22,71.2941,204.37,0,c1ccccc1,AC
c1cc(cc(c1)S(=O)(=O)NC(P(=O)(O)O)P(=O)(O)O)[N+](=O)[O-],5.42,375.9531387799999,-0.4879000000000002,5,6,6,22,22,71.2941,204.37,0,c1ccccc1,AC
c1ccc(cc1)c2ccc(cc2)S(=O)(=O)NC(P(=O)(O)O)P(=O)(O)O,5.85,406.9993606999999,1.2708999999999993,5,4,6,25,25,90.07570000000004,161.23,0,c1ccc(-c2ccccc2)cc1,AC
c1cc(sc1)c2ccc(cc2)S(=O)(=O)NC(P(=O)(O)O)P(=O)(O)O,6.3,412.9557816359999,1.3323999999999998,5,5,6,24,24,87.95270000000002,161.23,0,c1ccc(-c2cccs2)cc1,nonAC
c1cc(ccc1c2ccc(cc2)Cl)S(=O)(=O)NC(P(=O)(O)O)P(=O)(O)O,5.58,440.9603883479999,1.9243000000000023,5,4,6,26,26,95.08570000000005,161.23,0,c1ccc(-c2ccccc2)cc1,AC
COc1ccc(cc1)c2ccc(cc2)S(=O)(=O)NC(P(=O)(O)O)P(=O)(O)O,7.16,437.0099253839999,1.2794999999999996,5,5,7,27,27,96.62770000000005,170.45999999999998,0,c1ccc(-c2ccccc2)cc1,AC
c1cc(ccc1c2ccc(cc2)S(=O)(=O)NC(P(=O)(O)O)P(=O)(O)O)[N+](=O)[O-],7.15,451.9844389079999,1.1791,5,6,7,28,28,96.73010000000004,204.37,0,c1ccc(-c2ccccc2)cc1,AC
c1ccc2c(c1)CC=C(C=C2)C#N,5.36,167.073499288,2.7058800000000014,0,1,0,13,13,52.87600000000002,23.79,0,C1=CCc2ccccc2C=C1,nonAC
c1ccc2c(c1)CC=CC(=C2)C#N,5.39,167.073499288,2.7058800000000014,0,1,0,13,13,52.87600000000002,23.79,0,C1=CCc2ccccc2C=C1,nonAC
c1ccc2c(c1)cc(ccc2=O)C#N,5.42,181.052763844,2.07168,0,2,0,14,14,54.933000000000014,40.86,0,O=c1ccccc2ccccc12,nonAC
c1ccc2c(c1)cccc(c2=O)C#N,5.44,181.052763844,2.07168,0,2,0,14,14,54.933000000000014,40.86,0,O=c1ccccc2ccccc12,nonAC
c1ccc2cc(c(=O)ccc2c1)C#N,5.49,181.052763844,2.07168,0,2,0,14,14,54.933000000000014,40.86,0,O=c1ccc2ccccc2cc1,nonAC
c1ccc2c(c1)ccc(cc2=O)C#N,5.43,181.052763844,2.07168,0,2,0,14,14,54.933000000000014,40.86,0,O=c1ccccc2ccccc12,nonAC
c1ccc(cc1)NS(=O)(=O)c2ccc(cc2)[N+](=O)[O-],5.14,278.0361278,2.3956,1,4,4,19,19,70.34690000000002,89.31,0,O=S(=O)(Nc1ccccc1)c1ccccc1,AC
Cc1ccc(cc1)S(=O)(=O)Nc2ccccc2c3ccccc3,5.29,323.097999784,4.462820000000003,1,2,4,23,23,93.86550000000004,46.17,0,O=S(=O)(Nc1ccccc1-c1ccccc1)c1ccccc1,nonAC
Cc1ccc(cc1)S(=O)(=O)NCCCN(C)C,5.18,256.12454888,1.22502,1,3,6,17,17,69.53850000000004,49.41,0,c1ccccc1,AC
Cc1ccc(cc1)S(=O)(=O)NCC(=O)O,5.44,229.040878832,0.3579199999999998,2,3,4,15,15,54.00330000000002,83.47,0,c1ccccc1,AC
CCCC(C)NS(=O)(=O)c1ccc(cc1)C,5.09,241.113649848,2.461920000000001,1,2,5,16,16,65.87050000000004,46.17,0,c1ccccc1,AC
Cc1ccc(cc1)S(=O)(=O)NC(=O)C2C3CCC(C2C(=O)OCc4ccccc4)C=C3,6.92,439.1453439,3.3717200000000016,1,5,6,31,31,115.07950000000002,89.54,0,O=C(NS(=O)(=O)c1ccccc1)C1C2C=CC(CC2)C1C(=O)OCc1ccccc1,nonAC
Cc1ccc(cc1)S(=O)(=O)NC(=O)C2C3CC(C2C(=O)OCc4ccccc4)C=C3,6.96,425.129693836,2.9816200000000013,1,5,6,30,30,110.46250000000003,89.54,0,O=C(NS(=O)(=O)c1ccccc1)C1C2C=CC(C2)C1C(=O)OCc1ccccc1,nonAC
Cc1ccc(cc1)S(=O)(=O)NC(=O)C2CC=CCC2C(=O)OCc3ccccc3,6.96,413.129693836,3.125720000000002,1,5,6,29,29,108.0995,89.54,0,O=C(NS(=O)(=O)c1ccccc1)C1CC=CCC1C(=O)OCc1ccccc1,nonAC
Cc1ccc(cc1)S(=O)(=O)NC(=O)C2CC(=CCC2C(=O)OCc3ccccc3)C,6.88,427.1453439,3.5158200000000024,1,5,6,30,30,112.7165,89.54,0,O=C(NS(=O)(=O)c1ccccc1)C1CC=CCC1C(=O)OCc1ccccc1,nonAC
Cc1ccc(cc1)S(=O)(=O)NC(=O)C2C3CCC(C2C(=O)O)C(C3O)O,6.9,383.1038730119999,-0.1214799999999999,4,6,4,26,26,89.35090000000004,141.0,0,O=C(NS(=O)(=O)c1ccccc1)C1CC2CCC1CC2,nonAC
Cc1ccc(cc1)S(=O)(=O)NC(=O)C2C3CC(C2C(=O)O)C(C3O)O,6.96,369.0882229479999,-0.5115799999999997,4,6,4,25,25,84.73390000000002,141.0,0,O=C(NS(=O)(=O)c1ccccc1)C1CC2CCC1C2,nonAC
Cc1ccc(cc1)S(=O)(=O)NC(=O)C2CC(C(CC2C(=O)O)O)O,6.81,357.0882229479999,-0.36748,4,6,4,24,24,82.37090000000002,141.0,0,O=C(NS(=O)(=O)c1ccccc1)C1CCCCC1,nonAC
Cc1ccc(cc1)S(=O)(=O)NC(=O)C2CC(C(CC2C(=O)O)O)(C)O,6.84,371.1038730119999,0.0226200000000001,4,6,4,25,25,86.98790000000002,141.0,0,O=C(NS(=O)(=O)c1ccccc1)C1CCCCC1,nonAC
CCNC1CN(S(=O)(=O)c2c1cc(s2)S(=O)(=O)N)CCCO,6.78,369.048683708,-0.5671999999999988,3,7,6,22,22,82.57150000000003,129.8,0,O=S1(=O)NCCc2ccsc21,AC
CCNC1CN(S(=O)(=O)c2c1cc(s2)S(=O)(=O)N)CCCO[N+](=O)[O-],7.51,414.033761916,-0.351199999999999,2,9,8,25,25,88.43210000000003,161.94000000000003,0,O=S1(=O)NCCc2ccsc21,AC
CCNC1CC(S(=O)(=O)c2c1cc(s2)S(=O)(=O)N)CCCO,7.09,368.05343474,0.3646,3,7,6,22,22,84.02050000000003,126.56,0,O=S1(=O)CCCc2ccsc21,AC
CCNC1CC(S(=O)(=O)c2c1cc(s2)S(=O)(=O)N)CO[N+](=O)[O-],6.81,385.00721282,-0.1995999999999997,2,9,6,23,23,80.64710000000002,158.70000000000002,0,O=S1(=O)CCCc2ccsc21,AC
CCNC1CC(S(=O)(=O)c2c1cc(s2)S(=O)(=O)N)CCO[N+](=O)[O-],7.33,399.022862884,0.1904999999999999,2,9,7,24,24,85.26410000000004,158.70000000000002,0,O=S1(=O)CCCc2ccsc21,AC
CCNC1CC(S(=O)(=O)c2c1cc(s2)S(=O)(=O)N)CCCO[N+](=O)[O-],7.51,413.038512948,0.5806000000000001,2,9,8,25,25,89.88110000000005,158.70000000000002,0,O=S1(=O)CCCc2ccsc21,AC
CC(CO)Nc1c(cnc(n1)Nc2ccc(cc2)[S+](N)[O-])Br,6.29,385.020807852,1.7566999999999997,4,7,6,22,22,90.223,119.15,0,c1ccc(Nc2ncccn2)cc1,nonAC
CC(C(C)O)Nc1c(cnc(n1)Nc2ccc(cc2)[S+](N)[O-])Br,6.4,399.036457916,2.1452,4,7,6,23,23,94.818,119.15,0,c1ccc(Nc2ncccn2)cc1,nonAC
c1cc2c(cc1OS(=O)(=O)N)OC(=O)C3C2CCCCC3,7.66,311.08274364400006,1.8518,1,5,2,21,21,75.12820000000002,95.69,0,O=C1Oc2ccccc2C2CCCCCC12,nonAC
CN(C)C(=O)NC1CCc2cc(ccc2C1)O,7.28,234.136827816,1.5206999999999995,2,2,1,17,17,66.13850000000002,52.57000000000001,0,c1ccc2c(c1)CCCC2,nonAC
CN(C)C(=O)NC1CCc2c(cccc2O)C1,7.13,234.136827816,1.5207,2,2,1,17,17,66.13850000000004,52.57000000000001,0,c1ccc2c(c1)CCCC2,nonAC
CN(C)S(=O)(=O)NC1CCc2ccc(cc2C1)OC,8.06,284.1194635,0.9485,1,3,4,19,19,74.54950000000005,58.64,0,c1ccc2c(c1)CCCC2,nonAC
CN(C)S(=O)(=O)NC1CCc2cc(ccc2C1)OC,8.08,284.1194635,0.9485,1,3,4,19,19,74.54950000000005,58.64,0,c1ccc2c(c1)CCCC2,nonAC
CN(C)S(=O)(=O)NC1CCc2c(cccc2OC)C1,7.15,284.1194635,0.9485,1,3,4,19,19,74.54950000000005,58.64,0,c1ccc2c(c1)CCCC2,nonAC
CN(C)C(=O)NC1CCc2ccc(cc2C1)OC,8.03,248.15247788,1.8237,1,2,2,18,18,71.02570000000004,41.57000000000001,0,c1ccc2c(c1)CCCC2,nonAC
CN(C)C(=O)NC1CCc2cc(ccc2C1)OC,7.93,248.15247788,1.8237,1,2,2,18,18,71.02570000000004,41.57000000000001,0,c1ccc2c(c1)CCCC2,nonAC
CN(C)C(=O)NC1CCc2c(cccc2OC)C1,7.76,248.15247788,1.8237,1,2,2,18,18,71.02570000000004,41.57000000000001,0,c1ccc2c(c1)CCCC2,nonAC
CN(C)C(=O)NC1CCc2ccc(cc2C1)O,7.22,234.136827816,1.5206999999999995,2,2,1,17,17,66.13850000000002,52.57000000000001,0,c1ccc2c(c1)CCCC2,nonAC
CN(C)S(=O)(=O)NC1CCc2c(cccc2O)C1,7.81,270.103813436,0.6455,2,3,3,18,18,69.66230000000003,69.64,0,c1ccc2c(c1)CCCC2,nonAC
CN(C)S(=O)(=O)NC1CCc2cc(ccc2C1)O,7.89,270.103813436,0.6455000000000002,2,3,3,18,18,69.66230000000003,69.64,0,c1ccc2c(c1)CCCC2,nonAC
CN(C)S(=O)(=O)NC1CCc2ccc(cc2C1)O,7.97,270.103813436,0.6454999999999997,2,3,3,18,18,69.66230000000003,69.64,0,c1ccc2c(c1)CCCC2,nonAC
