SMILES,label,mw,logp,nhbd,nhba,nrbonds,natoms,nhatoms,mr,tpsa,fcharge,scaffold,AC_status
CCc1cc(cc(c1O)CC)Cc2cnc(nc2N)N,6.92,272.16371126,2.0622,3,5,4,20,20,80.52560000000001,98.05,0,c1ccc(Cc2cncnc2)cc1,AC
CC(C)(C)c1cc(cc(c1O)C(C)(C)C)Cc2cnc(nc2N)N,7.22,328.22631151600007,3.5324,3,5,2,24,24,99.16960000000005,98.05,0,c1ccc(Cc2cncnc2)cc1,AC
CCCc1cc(cc(c1OC)CC)Cc2cnc(nc2N)N,7.36,300.195011388,2.7553,2,5,6,22,22,90.02980000000004,87.05,0,c1ccc(Cc2cncnc2)cc1,AC
CC=Cc1cc(cc(c1OC)OC)Cc2cnc(nc2N)N,7.03,300.15862588000005,2.2821,2,6,5,22,22,87.91680000000004,96.28,0,c1ccc(Cc2cncnc2)cc1,AC
CN(Cc1cnc2c(n1)c(nc(n2)N)N)c3ccc(cc3)C(=O)NC(CCCN)C(=O)O,8.13333333333,439.20803566,0.1425000000000005,5,10,9,32,32,119.68020000000004,199.26,0,c1ccc(NCc2cnc3ncncc3n2)cc1,AC
COc1cc(cc(c1OC)OC)Cc2cnc(nc2N)N,6.056,290.137890436,1.2575999999999996,2,7,5,21,21,79.76080000000002,105.51,0,c1ccc(Cc2cncnc2)cc1,AC
CN(Cc1cnc2c(n1)c(nc(n2)N)N)c3ccc(cc3)C(=O)NC(CCC(=O)O)C(=O)O,8.02389830508,454.1713158039999,0.2684000000000003,5,10,9,33,33,118.26160000000006,210.54,0,c1ccc(NCc2cnc3ncncc3n2)cc1,AC
c1cc(ccc1C(=O)NC(CCC(=O)O)C(=O)O)NCc2c[nH]c3c2c(=O)[nH]c(n3)N,5.0,428.14443236000005,0.4933000000000009,7,7,9,31,31,110.65530000000004,203.29,0,O=c1[nH]cnc2[nH]cc(CNc3ccccc3)c12,nonAC
COc1cc(cc(c1OC)CC=C)Cc2cnc(nc2N)N,6.96,300.15862588000005,1.9775,2,6,6,22,22,87.10980000000002,96.28,0,c1ccc(Cc2cncnc2)cc1,AC
c1cc(ccc1CCc2c[nH]c3c2c(=O)[nH]c(n3)N)C(=O)NC(CCC(=O)O)C(=O)O,5.33533333333,427.149183392,0.6664,6,6,9,31,31,110.73660000000004,191.26,0,O=c1[nH]cnc2[nH]cc(CCc3ccccc3)c12,nonAC
c1cc(ccc1C(=O)NC(CCC(=O)O)C(=O)O)N(CC#N)Cc2ccc3c(c2)c(=O)[nH]c(n3)N,6.34,478.16008242400005,1.0832799999999998,5,8,10,35,35,125.64090000000002,202.5,0,O=c1[nH]cnc2ccc(CNc3ccccc3)cc12,AC
CCc1cc(cc(c1OC)C)Cc2cnc(nc2N)N,6.51,272.16371126,2.11122,2,5,4,20,20,80.77180000000001,87.05,0,c1ccc(Cc2cncnc2)cc1,AC
CCCc1cc(cc(c1OC)OC)Cc2cnc(nc2N)N,7.17,302.17427594400004,2.2015,2,6,6,22,22,87.20380000000003,96.28,0,c1ccc(Cc2cncnc2)cc1,AC
CN(Cc1cnc2c(n1)c(nc(n2)N)N)c3ccc(cc3)C(=O)NC(CC(CN)(F)F)C(=O)O,8.89,475.189192036,0.3877000000000004,5,10,9,34,34,120.01020000000004,199.26,0,c1ccc(NCc2cnc3ncncc3n2)cc1,AC
Cc1c(ccc2c1c(nc(n2)N)N)CNc3cc(c(c(c3)OC)OC)OC,7.87333333333,369.1800895959999,2.740520000000001,3,8,6,27,27,106.52450000000005,117.54,0,c1ccc(NCc2ccc3ncncc3c2)cc1,AC
CCOc1cc(cc(c1OC)OC)Cc2cnc(nc2N)N,6.77,304.1535405,1.6477,2,7,6,22,22,84.37780000000002,105.51,0,c1ccc(Cc2cncnc2)cc1,AC
C#CCN(Cc1ccc2c(c1)c(=O)[nH]c(n2)N)c3ccc(cc3)C(=O)NC(CCC(=O)O)C(=O)O,5.69142857143,477.164833456,1.192900000000001,5,7,10,35,35,128.86090000000004,178.70999999999998,0,O=c1[nH]cnc2ccc(CNc3ccccc3)cc12,AC
CC(C)c1cc(cc(c1O)C(C)C)Cc2cnc(nc2N)N,7.54,300.195011388,3.1842000000000006,3,5,4,22,22,89.94760000000002,98.05,0,c1ccc(Cc2cncnc2)cc1,AC
Cc1cc(cc(c1OC)C)Cc2cnc(nc2N)N,6.43,258.148061196,1.85724,2,5,3,19,19,76.13080000000002,87.05,0,c1ccc(Cc2cncnc2)cc1,AC
CC(C)(C)c1cc(cc(c1OC)C(C)(C)C)Cc2cnc(nc2N)N,7.24,342.24196158000007,3.835400000000001,2,5,3,25,25,104.05680000000004,87.05,0,c1ccc(Cc2cncnc2)cc1,AC
CCCc1cc(cc(c1O)CC=C)Cc2cnc(nc2N)N,7.7,298.179361324,2.6184,3,5,6,22,22,89.66560000000003,98.05,0,c1ccc(Cc2cncnc2)cc1,AC
CCCc1cc(cc(c1O)CC)Cc2cnc(nc2N)N,7.31,286.179361324,2.4523,3,5,5,21,21,85.14260000000002,98.05,0,c1ccc(Cc2cncnc2)cc1,AC
c1cc(ccc1CCc2ccc3cc(cc(c3c2)N)N)C(=O)NC(CCC(=O)O)C(=O)O,7.85,435.1794208999999,2.8372,5,5,9,32,32,122.38260000000008,155.74,0,c1ccc(CCc2ccc3ccccc3c2)cc1,nonAC
c1cc(ccc1C(=O)NC(CCCN)C(=O)O)NCc2ccc3c(c2Cl)c(=O)[nH]c(n3)N,6.37,458.1469308960001,1.6927,6,7,9,32,32,122.7332,176.22,0,O=c1[nH]cnc2ccc(CNc3ccccc3)cc12,AC
c1cc(ccc1C(=O)NC(CCC(=O)O)C(=O)O)NCc2cnc3c(n2)c(ncn3)N,4.72,425.1447667080001,0.6618999999999998,5,9,9,31,31,109.06890000000004,193.31,0,c1ccc(NCc2cnc3ncncc3n2)cc1,AC
Cc1c(sc2c1c(nc(n2)N)N)Cc3cc(ccc3OC)OC,6.14,330.115046816,2.772120000000001,2,7,4,23,23,93.32880000000004,96.28,0,c1ccc(Cc2cc3cncnc3s2)cc1,nonAC
c1cc(ccc1C(=O)NC(CCCN)C(=O)O)NCC2Cc3c(=O)[nH]c(nc3NC2)N,5.7,429.2124523440001,-0.0296999999999979,7,8,9,31,31,117.06390000000005,188.25,0,O=c1[nH]cnc2c1CC(CNc1ccccc1)CN2,nonAC
Cc1c2c(nc(nc2sc1c3cc(ccc3OC)OC)N)N,6.13,316.099396752,2.84832,2,7,3,22,22,89.51680000000002,96.28,0,c1ccc(-c2cc3cncnc3s2)cc1,nonAC
CN(Cc1cnc2c(n1)c(nc(n2)N)N)c3ccc(cc3)C(=O)NC(CC(=C)C(=O)O)C(=O)O,7.775,466.1713158039999,0.4345000000000004,5,10,9,34,34,122.78460000000008,210.54,0,c1ccc(NCc2cnc3ncncc3n2)cc1,AC
c1cc(ccc1CCc2cnc3c(n2)c(nc(n3)N)N)C(=O)NC(C(CC(=O)O)O)C(=O)O,8.23,455.1553313919999,-0.6119999999999988,6,10,9,33,33,114.95240000000004,227.53,0,c1ccc(CCc2cnc3ncncc3n2)cc1,nonAC
CCC(Cc1cnc2c(n1)c(nc(n2)N)N)c3ccc(cc3)C(=O)NC(CC(=C)C(=O)O)C(=O)O,8.24,479.1917168999999,1.5344000000000009,5,9,10,35,35,127.41360000000007,207.29999999999995,0,c1ccc(CCc2cnc3ncncc3n2)cc1,nonAC
CN(Cc1cnc2c(n1)c(nc(n2)N)N)c3ccc(cc3)C(=O)NC(C(CC(=O)O)O)C(=O)O,8.28,470.1662304239999,-0.7607999999999988,6,11,9,34,34,119.65140000000004,230.76999999999995,0,c1ccc(NCc2cnc3ncncc3n2)cc1,AC
C=C(CC(C(=O)O)NC(=O)c1ccc(cc1)CCc2cnc3c(n2)c(nc(n3)N)N)C(=O)O,8.06,451.1604167720001,0.5833000000000013,5,9,9,33,33,118.08560000000004,207.3,0,c1ccc(CCc2cnc3ncncc3n2)cc1,nonAC
CCC(Cc1cnc2c(n1)c(nc(n2)N)N)c3ccc(cc3)C(=O)NC(CCC(=O)O)C(=O)O,8.475,467.1917168999999,1.3683,5,9,10,34,34,122.89060000000006,207.29999999999995,0,c1ccc(CCc2cnc3ncncc3n2)cc1,nonAC
c1cc(ccc1CCc2cnc3c(n2)c(nc(n3)N)N)C(=O)NC(CCC(=O)O)C(=O)O,8.39,439.1604167719999,0.4172000000000003,5,9,9,32,32,113.56260000000006,207.29999999999995,0,c1ccc(CCc2cnc3ncncc3n2)cc1,nonAC
CN(Cc1cnc2c(n1)c(ncn2)N)c3ccc(cc3)C(=O)NC(CCC(=O)O)C(=O)O,5.22,439.1604167719999,0.6862000000000003,4,9,9,32,32,113.84920000000008,184.52,0,c1ccc(NCc2cnc3ncncc3n2)cc1,AC
COc1ccc(cc1Cc2cnc(nc2N)N)C#CCCC(=O)O,4.91,326.137890436,1.4567,3,6,5,24,24,90.40460000000004,124.35,0,c1ccc(Cc2cncnc2)cc1,AC
c1cc(ccc1C(=O)NC(CCC(=O)O)C(=O)O)NCc2cnc3c(n2)c(nc(n3)N)N,7.79333333333,440.1556657400001,0.2441000000000013,6,10,9,32,32,113.48130000000003,219.33,0,c1ccc(NCc2cnc3ncncc3n2)cc1,AC
CCOc1cc(cc2c1OCO2)Cc3cnc(nc3N)N,6.85,288.122240372,1.3592,2,7,4,21,21,77.39680000000001,105.51,0,c1ncc(Cc2ccc3c(c2)OCO3)cn1,nonAC
Cc1c(cnc2c1c(nc(n2)N)N)Cc3cc(cc(c3)OC)OC,8.82,325.153874848,2.10562,2,7,4,24,24,93.24680000000002,109.17,0,c1ccc(Cc2cnc3ncncc3c2)cc1,nonAC
Cc1cc(cc2c1OC(C2)(C)C)Cc3cnc(nc3N)N,6.72,284.16371126,2.25372,2,5,2,21,21,83.25280000000002,87.05,0,c1ncc(Cc2ccc3c(c2)CCO3)cn1,nonAC
COc1ccc(cc1Cc2cnc(nc2N)N)OCCCCC(=O)O,5.16666666667,346.16410518399994,1.8741,3,7,9,25,25,93.63860000000004,133.57999999999998,0,c1ccc(Cc2cncnc2)cc1,AC
CCCc1cc(cc2c1OC(C2)C)Cc3cnc(nc3N)N,7.18,298.179361324,2.5077,2,5,4,22,22,87.89380000000003,87.05,0,c1ncc(Cc2ccc3c(c2)CCO3)cn1,nonAC
CCCc1cc(cc2c1OC(C2)(C)C)Cc3cnc(nc3N)N,7.34,312.195011388,2.8978,2,5,4,23,23,92.51080000000005,87.05,0,c1ncc(Cc2ccc3c(c2)CCO3)cn1,nonAC
CCCc1cc(cc2c1OC(C2C)C)Cc3cnc(nc3N)N,7.85,312.195011388,3.0687,2,5,4,23,23,92.60480000000004,87.05,0,c1ncc(Cc2ccc3c(c2)CCO3)cn1,nonAC
CCc1cc(cc2c1OC(C2)C)Cc3cnc(nc3N)N,6.96,284.16371126,2.1175999999999995,2,5,3,21,21,83.27680000000002,87.05,0,c1ncc(Cc2ccc3c(c2)CCO3)cn1,nonAC
COc1ccc(cc1)CN2CCc3c(cc4c(nc(nc4n3)N)N)C2,4.57,336.16985926000007,1.7560999999999996,2,7,3,25,25,96.96980000000002,103.18,0,c1ccc(CN2CCc3nc4ncncc4cc3C2)cc1,nonAC
c1ccc(cc1)CN2CCc3c(cc4c(nc(nc4n3)N)N)C2,4.5,306.15929457600004,1.7474999999999998,2,6,2,23,23,90.4178,93.95,0,c1ccc(CN2CCc3nc4ncncc4cc3C2)cc1,nonAC
c1ccc(cc1)COC(=O)N2CCc3c(cc4c(nc(nc4n3)N)N)C2,4.52,350.1491238160001,1.8841,2,7,2,26,26,96.89880000000002,120.25,0,O=C(OCc1ccccc1)N1CCc2nc3ncncc3cc2C1,nonAC
c1cc(ccc1CN2CCc3c(cc4c(nc(nc4n3)N)N)C2)C(=O)NC(CCC(=O)O)C(=O)O,5.27,479.1917169,0.7953000000000015,5,9,8,35,35,126.17760000000008,197.65,0,c1ccc(CN2CCc3nc4ncncc4cc3C2)cc1,nonAC
COc1cc(cc(c1)OC)CN2CCc3c(cc4c(nc(nc4n3)N)N)C2,4.66,366.1804239440001,1.7646999999999995,2,8,4,27,27,103.52180000000004,112.41,0,c1ccc(CN2CCc3nc4ncncc4cc3C2)cc1,nonAC
c1cc(c(cc1Cl)Cl)CN2CCc3c(cc4c(nc(nc4n3)N)N)C2,5.89,374.0813498720001,3.0543000000000005,2,6,2,25,25,100.4378,93.95,0,c1ccc(CN2CCc3nc4ncncc4cc3C2)cc1,nonAC
CCc1c2c(c([nH]c2nc(n1)N)C)CCc3ccc(cc3)C(=O)NC(CCC(=O)O)C(=O)O,4.66,453.2012189639999,2.2439199999999992,5,6,10,33,33,122.02590000000008,171.28999999999996,0,c1ccc(CCc2c[nH]c3ncncc23)cc1,nonAC
Cc1c2c(c[nH]c2nc(n1)N)CCc3ccc(cc3)C(=O)NC(CCC(=O)O)C(=O)O,6.01,425.1699188359999,1.6815199999999997,5,6,9,31,31,112.64790000000008,171.28999999999996,0,c1ccc(CCc2c[nH]c3ncncc23)cc1,nonAC
CCc1c2c(c[nH]c2nc(n1)N)CCc3ccc(cc3)C(=O)NC(CCC(=O)O)C(=O)O,6.04,439.1855688999999,1.9355,5,6,10,32,32,117.28890000000008,171.28999999999996,0,c1ccc(CCc2c[nH]c3ncncc23)cc1,nonAC
c1cc(ccc1C(=O)NC(CCC(=O)O)C(=O)O)SCc2ccc3c(c2)c(=O)[nH]c(n3)N,6.48,456.1103553600001,1.8454,5,7,9,32,32,118.53890000000004,175.47,0,O=c1[nH]cnc2ccc(CSc3ccccc3)cc12,nonAC
c1cc(ccc1C(=O)NC(CCC(=O)O)C(=O)O)SCc2ccc3c(c2)c(=O)[nH]cn3,6.19,441.0994563280001,2.2632000000000003,4,6,9,31,31,114.12650000000004,149.45,0,O=c1[nH]cnc2ccc(CSc3ccccc3)cc12,nonAC
c1cc(ccc1C(=O)NC(CCCN)C(=O)O)SCc2ccc3c(c2)c(=O)[nH]cn3,5.42,426.136176184,2.1373000000000006,4,6,9,30,30,115.54510000000003,138.17000000000002,0,O=c1[nH]cnc2ccc(CSc3ccccc3)cc12,nonAC
c1cc(ccc1C(=O)NC(CCCN)C(=O)O)SCc2ccc3c(c2)c(=O)[nH]c(n3)N,5.82,441.1470752160001,1.7194999999999998,5,7,9,31,31,119.95750000000004,164.19000000000003,0,O=c1[nH]cnc2ccc(CSc3ccccc3)cc12,nonAC
c1cc(ccc1C(=O)NC(CCCN)C(=O)O)NCc2ccc3c(c2Cl)c(nc(n3)N)N,8.52,457.1629153080001,1.9816,6,8,9,32,32,124.3199,182.27000000000004,0,c1ccc(NCc2ccc3ncncc3c2)cc1,AC
c1cc(ccc1C(=O)NC(CCCN)C(=O)O)OCc2ccc3c(c2)c(=O)[nH]c(n3)N,6.28,425.1699188360001,1.0061999999999998,5,7,9,31,31,114.72850000000004,173.42,0,O=c1[nH]cnc2ccc(COc3ccccc3)cc12,nonAC
c1cc(ccc1C(=O)NC(CCCN)C(=O)O)OCc2ccc3c(c2)c(=O)[nH]cn3,5.42,410.159019804,1.423999999999999,4,6,9,30,30,110.31610000000003,147.39999999999998,0,O=c1[nH]cnc2ccc(COc3ccccc3)cc12,nonAC
c1cc(ccc1C(=O)NC(CCC(=O)O)C(=O)O)OCc2ccc3c(c2)c(=O)[nH]c(n3)N,6.77,440.1331989800001,1.132099999999999,5,7,9,32,32,113.30990000000004,184.7,0,O=c1[nH]cnc2ccc(COc3ccccc3)cc12,nonAC
CN(Cc1cnc2c(n1)c(nc(n2)N)N)c3ccc(cc3)C(=O)NC(CC(C(=O)O)F)C(=O)O,8.87,472.16189399199993,0.2164000000000009,5,10,9,34,34,118.54060000000004,210.54,0,c1ccc(NCc2cnc3ncncc3n2)cc1,AC
CN(Cc1cnc2c(n1)c(nc(n2)N)N)c3ccc(cc3)C(=O)NC(CC(C(=O)O)F)C(=O)O,9.08,472.16189399199993,0.2164000000000009,5,10,9,34,34,118.54060000000004,210.54,0,c1ccc(NCc2cnc3ncncc3n2)cc1,AC
c1cc(ccc1C(=O)NC(CCC(=O)O)C(=O)O)NCc2ccc3c(c2Cl)c(=O)[nH]c(n3)N,7.0,473.11021104,1.8186,6,7,9,33,33,121.3146,187.50000000000003,0,O=c1[nH]cnc2ccc(CNc3ccccc3)cc12,AC
c1cc(ccc1C(=O)NC(CCC(=O)O)C(=O)O)NCc2ccc3c(c2Cl)c(nc(n3)N)N,8.42,472.1261954520001,2.1075,6,8,9,33,33,122.9013,193.55,0,c1ccc(NCc2ccc3ncncc3c2)cc1,AC
CN(Cc1cnc2c(n1)c(nc(n2)N)N)c3ccc(cc3)C(=O)NC(C(=O)O)C(CC(=O)O)(F)F,8.87,490.1524721799999,0.5136000000000005,5,10,9,35,35,118.59160000000006,210.54,0,c1ccc(NCc2cnc3ncncc3n2)cc1,AC
c1cc(ccc1C(=O)NC(CCC(=O)O)C(=O)O)OCc2ccc3c(c2)c(=O)[nH]cn3,6.59,425.1222999480001,1.5498999999999992,4,6,9,31,31,108.89750000000004,158.68,0,O=c1[nH]cnc2ccc(COc3ccccc3)cc12,nonAC
c1cc2c(c(c1)Sc3ccc(cc3)N)c(nc(n2)N)N,6.5,283.089166416,2.5276,3,6,2,20,20,83.34020000000001,103.84,0,c1ccc(Sc2cccc3ncncc23)cc1,AC
c1cc2c(c(c1)Sc3ccc(cc3)C(F)(F)F)c(nc(n2)N)N,5.59,336.06565201200016,3.964200000000001,2,5,2,23,23,83.9298,77.82,0,c1ccc(Sc2cccc3ncncc23)cc1,AC
c1cc(cc(c1)Cl)Sc2cccc3c2c(nc(n3)N)N,6.57,302.0392950320001,3.5988000000000016,2,5,2,20,20,83.93780000000001,77.82,0,c1ccc(Sc2cccc3ncncc23)cc1,AC
c1ccc(c(c1)Sc2cccc3c2c(nc(n3)N)N)Cl,7.04,302.039295032,3.5988000000000016,2,5,2,20,20,83.93780000000001,77.82,0,c1ccc(Sc2cccc3ncncc23)cc1,AC
CCc1c(c(nc(n1)N)N)c2ccc(cc2)Cl,5.6075,248.082874096,2.5238000000000005,2,4,2,17,17,70.68080000000002,77.82,0,c1ccc(-c2cncnc2)cc1,nonAC
CC(C)(C)c1ccc(cc1)Sc2c(ccc3c2c(nc(n3)N)N)N,5.37,339.1517666720001,3.825100000000001,3,6,2,24,24,102.04020000000004,103.84,0,c1ccc(Sc2cccc3ncncc23)cc1,AC
Cc1c(cnc2c1c(nc(n2)N)N)Cc3cc(ccc3OC)OC,8.61,325.153874848,2.10562,2,7,4,24,24,93.24680000000002,109.17,0,c1ccc(Cc2cnc3ncncc3c2)cc1,nonAC
c1cc2c(c(c1)Sc3ccc(cc3)OC4CCOCC4)c(nc(n2)N)N,6.7,368.1306968800001,3.5032000000000005,2,7,4,26,26,103.39680000000004,96.28,0,c1cc(Sc2ccc(OC3CCOCC3)cc2)c2cncnc2c1,nonAC
COc1ccc(cc1)Sc2cccc3c2c(nc(n3)N)N,5.46,298.08883206800004,2.954,2,6,3,21,21,85.47980000000003,87.05,0,c1ccc(Sc2cccc3ncncc23)cc1,AC
CC(C)COc1ccc2c(c1Sc3ccc(cc3)C(C)(C)C)c(nc(n2)N)N,7.52,396.1983825160001,5.277700000000004,2,6,5,28,28,117.96080000000006,87.05,0,c1ccc(Sc2cccc3ncncc23)cc1,AC
CCN(CC)c1ccc(cc1)Sc2cccc3c2c(nc(n3)N)N,5.37,339.1517666720001,3.7916000000000007,2,6,5,24,24,102.48880000000004,81.06,0,c1ccc(Sc2cccc3ncncc23)cc1,AC
c1cc2c(c(c1)Sc3ccc(cc3)C#N)c(nc(n2)N)N,4.48,293.07351635200007,2.8170800000000003,2,6,2,21,21,83.64280000000001,101.61,0,c1ccc(Sc2cccc3ncncc23)cc1,AC
COc1cccc(c1)Sc2cccc3c2c(nc(n3)N)N,5.89,298.08883206800004,2.954,2,6,3,21,21,85.47980000000003,87.05,0,c1ccc(Sc2cccc3ncncc23)cc1,AC
CC(Cc1ccc(cc1)C(=O)NC(CCC(=O)O)C(=O)O)c2cnc3c(n2)c(nc(n3)N)N,7.4,453.1760668360001,0.9782000000000004,5,9,9,33,33,118.27360000000004,207.3,0,c1ccc(CCc2cnc3ncncc3n2)cc1,nonAC
c1cc2c(c(c1)Sc3ccc(cc3)Br)c(nc(n2)N)N,5.51,345.98877945200013,3.707900000000001,2,5,2,20,20,86.62780000000001,77.82,0,c1ccc(Sc2cccc3ncncc23)cc1,AC
COc1ccc(cc1OC)Sc2cccc3c2c(nc(n3)N)N,5.39,328.0993967520001,2.9626,2,7,4,23,23,92.03180000000002,96.28,0,c1ccc(Sc2cccc3ncncc23)cc1,AC
CC(C)(C)c1ccc(cc1)Sc2cccc3c2c(nc(n3)N)N,5.7,324.14086764000007,4.242900000000002,2,5,2,23,23,97.62780000000004,77.82,0,c1ccc(Sc2cccc3ncncc23)cc1,AC
c1cc2c(c(c1)Sc3ccc(cc3)N4CCOCC4)c(nc(n2)N)N,4.16,353.1310312280001,2.782,2,7,3,25,25,101.95980000000004,90.29,0,c1cc(Sc2ccc(N3CCOCC3)cc2)c2cncnc2c1,nonAC
COc1ccccc1Sc2cccc3c2c(nc(n3)N)N,6.4,298.08883206800004,2.954,2,6,3,21,21,85.47980000000003,87.05,0,c1ccc(Sc2cccc3ncncc23)cc1,AC
CC(C)c1ccc(cc1)Sc2cccc3c2c(nc(n3)N)N,5.62,310.12521757600007,4.068800000000002,2,5,3,22,22,93.01680000000005,77.82,0,c1ccc(Sc2cccc3ncncc23)cc1,AC
CCCCCCc1ccc(cc1)Sc2cccc3c2c(nc(n3)N)N,6.26,352.1721677680001,5.068200000000004,2,5,7,25,25,106.77380000000004,77.82,0,c1ccc(Sc2cccc3ncncc23)cc1,AC
c1cc2c(c(c1)Sc3ccc(cc3)Cl)c(nc(n2)N)N,5.68,302.0392950320001,3.5988000000000007,2,5,2,20,20,83.93780000000001,77.82,0,c1ccc(Sc2cccc3ncncc23)cc1,AC
COc1cc(cc(c1OC)OC)Sc2cccc3c2c(nc(n3)N)N,5.36,358.1099614360001,2.971199999999999,2,8,5,25,25,98.58380000000002,105.51,0,c1ccc(Sc2cccc3ncncc23)cc1,AC
c1cc2c(c(c1)Sc3ccc(cc3)[N+](=O)[O-])c(nc(n2)N)N,4.62,313.06334559200013,2.8536,2,7,3,22,22,85.5822,120.96,0,c1ccc(Sc2cccc3ncncc23)cc1,AC
CCC(Cc1ccc(cc1)C(=O)NC(CCC(=O)O)C(=O)O)c2cnc3c(n2)c(nc(n3)N)N,7.16,467.1917169000001,1.3683,5,9,10,34,34,122.89060000000003,207.3,0,c1ccc(CCc2cnc3ncncc3n2)cc1,nonAC
CCOc1ccc2c(c1Sc3ccc(cc3)C(C)(C)C)c(nc(n2)N)N,6.09,368.1670823880001,4.641600000000003,2,6,4,26,26,108.79680000000003,87.05,0,c1ccc(Sc2cccc3ncncc23)cc1,AC
c1cc2c(c(c1)Sc3ccc(cc3)O)c(nc(n2)N)N,6.75,284.07318200400005,2.651,3,6,2,20,20,80.5926,98.05,0,c1ccc(Sc2cccc3ncncc23)cc1,AC
c1cc2c(c(c1)Sc3ccc(cc3)F)c(nc(n2)N)N,5.7,286.06884557200004,3.0845,2,5,2,20,20,78.8858,77.82,0,c1ccc(Sc2cccc3ncncc23)cc1,AC
c1ccc(cc1)Sc2cccc3c2c(nc(n3)N)N,6.21,268.078267384,2.9454,2,5,2,19,19,78.92780000000002,77.82,0,c1ccc(Sc2cccc3ncncc23)cc1,AC
Cc1ccc(cc1)Sc2cccc3c2c(nc(n3)N)N,6.03,282.093917448,3.25382,2,5,2,20,20,83.66480000000001,77.82,0,c1ccc(Sc2cccc3ncncc23)cc1,AC
CCC(C)(C)c1ccc(cc1)Sc2cccc3c2c(nc(n3)N)N,5.41,338.15651770400007,4.633000000000003,2,5,4,24,24,102.24480000000004,77.82,0,c1ccc(Sc2cccc3ncncc23)cc1,AC
CC(C)(C)c1ccc(cc1)Sc2c(ccc3c2c(nc(n3)N)N)C#N,5.04,349.1361166080001,4.114580000000002,2,6,2,25,25,102.34280000000004,101.61,0,c1ccc(Sc2cccc3ncncc23)cc1,AC
CC(Cc1coc2c1c(cc(n2)N)N)c3ccc(cc3)C(=O)NC(CCC(=O)O)C(=O)O,6.38,440.1695844879999,2.3862,5,7,9,32,32,117.15460000000007,181.76999999999995,0,c1ccc(CCc2coc3ncccc23)cc1,nonAC
c1cc(ccc1CCc2coc3c2c(cc(n3)N)N)C(=O)NC(CCC(=O)O)C(=O)O,6.0,426.1539344239999,1.8252,5,7,9,31,31,112.44360000000006,181.76999999999995,0,c1ccc(CCc2coc3ncccc23)cc1,nonAC
c1cc(ccc1C(=O)NC(CCC(=O)O)C(=O)O)C(=O)OCc2cnc3c(n2)c(nc(n3)N)N,5.51,469.13459594800014,-0.0109999999999992,5,11,9,34,34,115.27410000000002,233.6,0,O=C(OCc1cnc2ncncc2n1)c1ccccc1,nonAC
CCC(Cc1coc2c1c(cc(n2)N)N)c3ccc(cc3)C(=O)NC(CCC(=O)O)C(=O)O,6.66,454.1852345519999,2.7763,5,7,10,33,33,121.77160000000008,181.76999999999995,0,c1ccc(CCc2coc3ncccc23)cc1,nonAC
C=C(CC(C(=O)O)NC(=O)c1ccc(cc1)NCc2cnc3c(n2)c(nc(n3)N)N)C(=O)O,7.06,452.1556657400001,0.4102000000000009,6,10,9,33,33,118.00430000000004,219.33,0,c1ccc(NCc2cnc3ncncc3n2)cc1,AC
c1cc(ccc1C(=O)NC(CCC(=O)O)C(=O)O)C(=O)OCc2ccc3c(c2)c(nc(n3)N)N,6.9,467.1440980120001,1.1989999999999996,5,9,9,34,34,119.68410000000002,207.82,0,O=C(OCc1ccc2ncncc2c1)c1ccccc1,nonAC
CN(Cc1cnc2c(n1)c(nc(n2)N)N)c3ccc(cc3)C(=O)NC(CC(C#N)C(=O)O)C(=O)O,7.24,479.166564772,0.0180800000000002,5,11,9,35,35,122.74760000000003,234.33,0,c1ccc(NCc2cnc3ncncc3n2)cc1,AC
COc1cc(cc(c1OC)OC)CNc2cc3c(nc(nc3nc2)N)N,4.12,356.1596885000001,1.8270999999999995,3,9,6,26,26,99.5825,130.43,0,c1ccc(CNc2cnc3ncncc3c2)cc1,AC
CN(Cc1cc(ccc1OC)OC)c2cc3c(nc(nc3nc2)N)N,5.07,340.16477388000004,1.8428,2,8,5,25,25,97.81080000000004,112.41,0,c1ccc(CNc2cnc3ncncc3c2)cc1,AC
COc1ccc(c(c1)OC)CNc2ccc3c(c2)c(nc(n3)N)N,4.59,325.1538748480001,2.4235,3,7,5,24,24,95.23550000000002,108.31,0,c1ccc(CNc2ccc3ncncc3c2)cc1,AC
c1cc2c(c(c1)CNc3ccc4c(c3)c(nc(n4)N)N)CCCC2,6.22,319.179695672,3.2851000000000017,3,5,3,24,24,98.77350000000004,89.85,0,c1cc2c(c(CNc3ccc4ncncc4c3)c1)CCCC2,nonAC
CN(Cc1cc(ccc1OC)OC)c2ccc3c(c2)c(nc(n3)N)N,7.59,339.1695249120001,2.4477999999999995,2,7,5,25,25,100.01580000000004,99.52,0,c1ccc(CNc2ccc3ncncc3c2)cc1,AC
COc1cc(c(c(c1)OC)CNc2ccc3c(c2)c(nc(n3)N)N)OC,4.6,355.1644395320001,2.4321,3,8,6,26,26,101.78750000000004,117.54,0,c1ccc(CNc2ccc3ncncc3c2)cc1,AC
CN(Cc1ccc(cc1OC)OC)c2ccc3c(c2)c(nc(n3)N)N,7.3,339.1695249120001,2.4477999999999995,2,7,5,25,25,100.01580000000004,99.52,0,c1ccc(CNc2ccc3ncncc3c2)cc1,AC
CN(Cc1cccc2c1CCCC2)c3ccc4c(c3)c(nc(n4)N)N,7.57,333.1953457360001,3.3094,2,5,3,25,25,103.55380000000004,81.06,0,c1cc2c(c(CNc3ccc4ncncc4c3)c1)CCCC2,nonAC
COc1cc(cc(c1OC)OC)CNc2ccc3c(c2)c(nc(n3)N)N,4.64,355.16443953200013,2.4321,3,8,6,26,26,101.78750000000004,117.54,0,c1ccc(CNc2ccc3ncncc3c2)cc1,AC
COc1ccc(c(c1)CNc2cc3c(nc(nc3nc2)N)N)OC,4.89,326.149123816,1.8185,3,8,5,24,24,93.03050000000002,121.2,0,c1ccc(CNc2cnc3ncncc3c2)cc1,AC
CN(Cc1cc(cc(c1)OC)OC)c2cc3c(nc(nc3nc2)N)N,5.54,340.16477388000004,1.8428,2,8,5,25,25,97.81080000000004,112.41,0,c1ccc(CNc2cnc3ncncc3c2)cc1,AC
CN(Cc1ccc(c(c1OC)OC)OC)c2ccc3c(c2)c(nc(n3)N)N,6.85,369.1800895960001,2.4564,2,8,6,27,27,106.56780000000003,108.75,0,c1ccc(CNc2ccc3ncncc3c2)cc1,AC
COc1cc(cc(c1)OC)CNc2ccc3c(c2)c(nc(n3)N)N,4.55,325.1538748480001,2.4235,3,7,5,24,24,95.23550000000002,108.31,0,c1ccc(CNc2ccc3ncncc3c2)cc1,AC
COc1ccc(c(c1OC)OC)CNc2ccc3c(c2)c(nc(n3)N)N,4.57,355.16443953200013,2.4321,3,8,6,26,26,101.78750000000004,117.54,0,c1ccc(CNc2ccc3ncncc3c2)cc1,AC
COc1ccc(c(c1)CNc2ccc3c(c2)c(nc(n3)N)N)OC,4.55,325.15387484800004,2.4235,3,7,5,24,24,95.23550000000004,108.31,0,c1ccc(CNc2ccc3ncncc3c2)cc1,AC
CN(Cc1cc(cc(c1)OC)OC)c2ccc3c(c2)c(nc(n3)N)N,7.96,339.1695249120001,2.4477999999999995,2,7,5,25,25,100.01580000000004,99.52,0,c1ccc(CNc2ccc3ncncc3c2)cc1,AC
c1ccc(cc1)CNc2ccc3c(c2)c(nc(n3)N)N,5.62,265.13274548,2.4063,3,5,3,20,20,82.13150000000002,89.85,0,c1ccc(CNc2ccc3ncncc3c2)cc1,AC
COc1cc(c(cc1OC)OC)CNc2ccc3c(c2)c(nc(n3)N)N,5.85,355.16443953200013,2.4321,3,8,6,26,26,101.78750000000004,117.54,0,c1ccc(CNc2ccc3ncncc3c2)cc1,AC
Cc1c(ccc2c1c(=O)[nH]c(n2)N)N(C)Cc3ccc(cc3)C(=O)NC(CCC(=O)O)C(=O)O,5.5,467.18048352,1.4979200000000004,5,7,9,34,34,125.82190000000006,178.70999999999995,0,O=c1[nH]cnc2ccc(NCc3ccccc3)cc12,nonAC
Cc1c(ccc2c1c(nc(n2)N)N)NCc3ccc(cc3)C(=O)NC(CCC(=O)O)C(=O)O,8.39,452.1808178679999,1.7625199999999996,6,8,9,33,33,122.62830000000004,193.54999999999995,0,c1ccc(CNc2ccc3ncncc3c2)cc1,AC
c1cc(ccc1CNc2ccc3c(c2)c(=O)[nH]c(n3)N)C(=O)NC(CCC(=O)O)C(=O)O,6.96,439.149183392,1.1651999999999996,6,7,9,32,32,116.30460000000006,187.5,0,O=c1[nH]cnc2ccc(NCc3ccccc3)cc12,nonAC
CN(Cc1ccc(cc1)C(=O)NC(CCC(=O)O)C(=O)O)c2ccc3c(c2)c(nc(n3)N)N,8.34,452.1808178680001,1.4784,5,8,9,33,33,122.67160000000004,184.76000000000005,0,c1ccc(CNc2ccc3ncncc3c2)cc1,AC
CN(Cc1ccc2c(c1)c(=O)[nH]c(n2)N)c3ccc(cc3)C(=O)NC(CCC(=O)O)C(=O)O,7.08,453.164833456,1.189500000000001,5,7,9,33,33,121.08490000000006,178.70999999999998,0,O=c1[nH]cnc2ccc(CNc3ccccc3)cc12,AC
c1cc(ccc1CN(C=O)c2ccc3c(c2)c(nc(n3)N)N)C(=O)NC(CCC(=O)O)C(=O)O,8.24,466.160082424,1.005,5,8,10,34,34,122.81160000000008,201.83,0,c1ccc(CNc2ccc3ncncc3c2)cc1,AC
c1cc(ccc1CN(C=O)c2ccc3c(c2)c(=O)[nH]c(n3)N)C(=O)NC(CCC(=O)O)C(=O)O,6.55,467.144098012,0.7161000000000002,5,7,10,34,34,121.22490000000006,195.78,0,O=c1[nH]cnc2ccc(NCc3ccccc3)cc12,nonAC
c1cc(ccc1C(=O)NC(CCC(=O)O)C(=O)O)N(Cc2ccc3c(c2)c(=O)[nH]c(n3)N)C=O,7.96,467.144098012,0.7161000000000004,5,7,10,34,34,121.22490000000003,195.78,0,O=c1[nH]cnc2ccc(CNc3ccccc3)cc12,AC
Cc1c(ccc2c1c(=O)[nH]c(n2)N)NCc3ccc(cc3)C(=O)NC(CCC(=O)O)C(=O)O,6.34,453.164833456,1.4736199999999997,6,7,9,33,33,121.04160000000006,187.5,0,O=c1[nH]cnc2ccc(NCc3ccccc3)cc12,nonAC
c1cc(ccc1C(=O)NC(CCS(=O)(=O)O)C(=O)O)NCc2cc3c(=O)[nH]c(nc3nc2)N,6.4,476.11141798000006,-0.0266999999999982,6,9,9,33,33,118.26240000000004,217.45999999999995,0,O=c1[nH]cnc2ncc(CNc3ccccc3)cc12,nonAC
c1cc(ccc1C(=O)NC(CCC(=O)O)C(=O)O)N(Cc2ccc3c(c2)c(nc(n3)N)N)C=O,8.24,466.16008242400005,1.0050000000000003,5,8,10,34,34,122.81160000000004,201.83,0,c1ccc(NCc2ccc3ncncc3c2)cc1,AC
C=CCN(Cc1ccc(cc1)C(=O)NC(CCC(=O)O)C(=O)O)c2ccc3c(c2)c(=O)[nH]c(n3)N,5.85,479.18048352000005,1.7456999999999996,5,7,11,35,35,130.22490000000008,178.71,0,O=c1[nH]cnc2ccc(NCc3ccccc3)cc12,nonAC
c1cc(ccc1C(=O)NC(CCP(=O)(O)O)C(=O)O)NCc2cc3c(=O)[nH]c(nc3nc2)N,5.33,476.1209336420001,0.2631999999999996,7,8,9,33,33,118.7579,220.62,0,O=c1[nH]cnc2ncc(CNc3ccccc3)cc12,nonAC
CN(Cc1ccc(cc1)C(=O)NC(CCC(=O)O)C(=O)O)c2ccc3c(c2)c(=O)[nH]c(n3)N,6.52,453.16483345600005,1.1894999999999991,5,7,9,33,33,121.08490000000003,178.71,0,O=c1[nH]cnc2ccc(NCc3ccccc3)cc12,nonAC
C=CCN(Cc1ccc(cc1)C(=O)NC(CCC(=O)O)C(=O)O)c2ccc3c(c2)c(nc(n3)N)N,8.27,478.1964679320001,2.0346,5,8,11,35,35,131.81160000000008,184.76000000000005,0,c1ccc(CNc2ccc3ncncc3c2)cc1,AC
c1cc(ccc1C(=O)NC(CCS(=O)(=O)O)C(=O)O)NCC2Cc3c(=O)[nH]c(nc3NC2)N,4.92,480.14271810800005,-0.4906999999999981,7,9,9,33,33,119.80810000000004,216.6,0,O=c1[nH]cnc2c1CC(CNc1ccccc1)CN2,nonAC
c1cc(ccc1C(=O)NC(CCC(=O)O)C(=O)O)NCc2ccc3c(c2)c(=O)[nH]c(n3)N,7.47,439.14918339200005,1.1651999999999991,6,7,9,32,32,116.30460000000004,187.50000000000003,0,O=c1[nH]cnc2ccc(CNc3ccccc3)cc12,AC
C#CCN(Cc1ccc(cc1)C(=O)NC(CCC(=O)O)C(=O)O)c2ccc3c(c2)c(nc(n3)N)N,8.28,476.1808178680001,1.4818,5,8,10,35,35,130.44760000000005,184.76000000000005,0,c1ccc(CNc2ccc3ncncc3c2)cc1,AC
c1cc(ccc1CNc2ccc3c(c2)c(nc(n3)N)N)C(=O)NC(CCC(=O)O)C(=O)O,8.07,438.1651678039999,1.4540999999999995,6,8,9,32,32,117.89130000000009,193.54999999999995,0,c1ccc(CNc2ccc3ncncc3c2)cc1,AC
c1cc(ccc1C(=O)NC(CCC(=O)O)C(=O)O)NCc2ccc3c(c2)c(nc(n3)N)N,8.35,438.1651678040001,1.4541000000000002,6,8,9,32,32,117.89130000000004,193.55,0,c1ccc(NCc2ccc3ncncc3c2)cc1,AC
C#CCN(Cc1ccc(cc1)C(=O)NC(CCC(=O)O)C(=O)O)c2ccc3c(c2)c(=O)[nH]c(n3)N,5.52,477.16483345600005,1.1928999999999992,5,7,10,35,35,128.86090000000004,178.71,0,O=c1[nH]cnc2ccc(NCc3ccccc3)cc12,nonAC
CN(Cc1ccc2c(c1)c(nc(n2)N)N)c3ccc(cc3)C(=O)NC(CCC(=O)O)C(=O)O,8.41,452.1808178679999,1.4784,5,8,9,33,33,122.67160000000004,184.76,0,c1ccc(NCc2ccc3ncncc3c2)cc1,AC
c1cc(ccc1CNc2ccc3c(c2Cl)c(=O)[nH]c(n3)N)C(=O)NC(CCC(=O)O)C(=O)O,7.0,473.11021104,1.8186,6,7,9,33,33,121.31460000000006,187.5,0,O=c1[nH]cnc2ccc(NCc3ccccc3)cc12,nonAC
CC1=C(C2C(N1)N=C(NC2=O)N)Sc3ccc(cc3)C(=O)NC(CCC(=O)O)C(=O)O,6.285,447.1212543919999,0.0479999999999997,6,8,8,31,31,110.93760000000007,183.21,0,O=C1NC=NC2NC=C(Sc3ccccc3)C12,nonAC
Cc1cc(c2cc(cc(c2n1)OC)Cc3cnc(nc3N)N)N(C)C,6.85,338.18550932400007,2.1630199999999995,2,7,4,25,25,101.02180000000004,103.18,0,c1cnc2ccc(Cc3cncnc3)cc2c1,nonAC
Cc1cc(nc2c1ccc(c2)Cc3cnc(nc3N)N)N4CCOCC4,6.2,350.18550932399995,1.925019999999999,2,7,3,26,26,103.17480000000003,103.18,0,c1ncc(Cc2ccc3ccc(N4CCOCC4)nc3c2)cn1,nonAC
Cc1cc(nc2c1ccc(c2)Cc3cnc(nc3N)N)OC,6.52,295.143310164,2.097019999999999,2,6,3,22,22,86.69480000000003,99.94,0,c1cnc2cc(Cc3cncnc3)ccc2c1,nonAC
Cc1cc(cc2c1nc(cc2C)OC)Cc3cnc(nc3N)N,5.75,309.15896022800007,2.405439999999999,2,6,3,23,23,91.43180000000002,99.94,0,c1cnc2ccc(Cc3cncnc3)cc2c1,nonAC
Cc1cc(c2cc(cc(c2n1)OC)Cc3cnc(nc3N)N)OC,6.27,325.15387484800004,2.105619999999999,2,7,4,24,24,93.24680000000004,109.17,0,c1cnc2ccc(Cc3cncnc3)cc2c1,nonAC
c1cc(ccc1C(=O)NC(CCCN)C(=O)O)NCc2ccc3c(n2)c(nc(n3)N)N,7.8,424.1971366280001,0.7232000000000014,6,9,9,31,31,117.10490000000004,195.16000000000005,0,c1ccc(NCc2ccc3ncncc3n2)cc1,nonAC
c1cc(ccc1C(=O)NC(CCCN)C(=O)O)NCc2cnc3c(n2)c(nc(n3)N)N,7.14,425.1923855960002,0.118200000000002,6,10,9,31,31,114.89990000000004,208.05,0,c1ccc(NCc2cnc3ncncc3n2)cc1,AC
c1cc(ccc1C(=O)NC(CCCN)C(=O)O)NCc2cc3c(nc(nc3nc2)N)N,4.57,424.1971366280001,0.7232000000000014,6,9,9,31,31,117.10490000000004,195.16000000000005,0,c1ccc(NCc2cnc3ncncc3c2)cc1,AC
C#CN(Cc1ccc2c(c1)c(=O)[nH]c(n2)N)c3ccc(cc3)C(=O)NC(CCC=O)C(=O)O,6.19,447.154268772,1.2646999999999995,4,7,9,33,33,122.42210000000004,158.48,0,O=c1[nH]cnc2ccc(CNc3ccccc3)cc12,AC
c1cc(ccc1C(=O)NC(CCCN)C(=O)O)NCc2ccc3c(c2)c(nc(n3)N)N,7.46,423.2018876600001,1.3282000000000007,6,8,9,31,31,119.30990000000004,182.27000000000004,0,c1ccc(NCc2ccc3ncncc3c2)cc1,AC
c1cc(ccc1C(=O)NC(CCCN)C(=O)O)NCc2ccc3c(c2)c(=O)[nH]c(n3)N,6.13,424.1859032480001,1.0393000000000008,6,7,9,31,31,117.72320000000003,176.22,0,O=c1[nH]cnc2ccc(CNc3ccccc3)cc12,AC
CN(Cc1cnc2c(n1)c(nc(n2)N)N)c3ccc(cc3)C(=O)NC(CCCNCC(=O)O)C(=O)O,7.3,497.213514964,-0.141999999999998,6,11,12,36,36,131.13130000000007,222.57,0,c1ccc(NCc2cnc3ncncc3n2)cc1,AC
c1cc(ccc1C(=O)NC(CCCN)C(=O)O)NCc2cc3c(=O)[nH]c(nc3nc2)N,5.07,425.1811522160001,0.4343000000000016,6,8,9,31,31,115.51820000000004,189.11,0,O=c1[nH]cnc2ncc(CNc3ccccc3)cc12,nonAC
Cc1c(cnc2c1c(nc(n2)N)N)CNc3ccc(cc3)OC(F)F,7.7,346.135365572,2.71112,3,7,5,25,25,91.2955,111.97,0,c1ccc(NCc2cnc3ncncc3c2)cc1,AC
Cc1ccc(cc1NCc2cnc3c(c2C)c(nc(n3)N)N)Cl,8.22,328.12032222400006,3.07154,3,6,3,23,23,94.4105,102.74,0,c1ccc(NCc2cnc3ncncc3c2)cc1,AC
COCc1c(cnc2c1c(nc(n2)N)N)CNc3ccc(cc3)Cl,5.59,344.115236844,2.6011000000000006,3,7,5,24,24,95.6495,111.97,0,c1ccc(NCc2cnc3ncncc3c2)cc1,AC
CCOc1ccc(c(c1)NCc2cnc3c(c2C)c(nc(n3)N)N)OCC,5.64,368.196074008,2.90712,3,8,7,27,27,107.00150000000004,121.2,0,c1ccc(NCc2cnc3ncncc3c2)cc1,AC
Cc1cc(cc(c1NCc2cnc3c(c2C)c(nc(n3)N)N)C)Br,5.72,386.0854567080001,3.489060000000001,3,6,3,24,24,101.83750000000002,102.74,0,c1ccc(NCc2cnc3ncncc3c2)cc1,AC
c1cc(ccc1NCc2cc3c(nc(nc3nc2)N)N)Cl,6.17,300.089022096,2.4546999999999994,3,6,3,21,21,84.93650000000001,102.74,0,c1ccc(NCc2cnc3ncncc3c2)cc1,AC
Cc1c(cnc2c1c(nc(n2)N)N)CNC3c4ccccc4-c5c3cccc5,5.28,368.17494464,3.3572200000000016,3,6,3,28,28,111.4555,102.74,0,c1ccc2c(c1)-c1ccccc1C2NCc1cnc2ncncc2c1,nonAC
Cc1ccc(cc1NCc2cnc3c(c2C)c(nc(n3)N)N)OC,6.82,324.16985926,2.42674,3,7,4,24,24,95.9525,111.97,0,c1ccc(NCc2cnc3ncncc3c2)cc1,AC
Cc1ccc(c(c1)NCc2cnc3c(c2C)c(nc(n3)N)N)C,7.24,308.17494464000004,2.72656,3,6,3,23,23,94.13750000000002,102.74,0,c1ccc(NCc2cnc3ncncc3c2)cc1,AC
Cc1cc(c(cc1F)Cl)NCc2cnc3c(c2C)c(nc(n3)N)N,7.48,346.1109004120001,3.2106400000000006,3,6,3,24,24,94.3685,102.74,0,c1ccc(NCc2cnc3ncncc3c2)cc1,AC
Cc1c(cnc2c1c(nc(n2)N)N)CNc3cc(cc(c3)OC)OC,7.82,340.1647738799999,2.12692,3,8,5,25,25,97.7675,121.2,0,c1ccc(NCc2cnc3ncncc3c2)cc1,AC
Cc1ccc(cc1NCc2cnc3c(c2C)c(nc(n3)N)N)F,7.72,312.14987276400007,2.55724,3,6,3,23,23,89.35850000000002,102.74,0,c1ccc(NCc2cnc3ncncc3c2)cc1,AC
Cc1c(cccc1Cl)NCc2cnc3c(c2C)c(nc(n3)N)N,8.28,328.1203222240001,3.07154,3,6,3,23,23,94.41050000000004,102.74,0,c1ccc(NCc2cnc3ncncc3c2)cc1,AC
CC(=Cc1coc2c1c(nc(n2)N)N)c3ccc(cc3)C(=O)NC(CCC(=O)O)C(=O)O,4.38,439.149183392,1.9955,5,8,8,32,32,116.37560000000006,194.66,0,C(=Cc1coc2ncncc12)c1ccccc1,nonAC
Cc1ccc(cc1Br)NCc2cnc3c(c2C)c(nc(n3)N)N,8.43,372.0698066440001,3.1806399999999995,3,6,3,23,23,97.10050000000004,102.74,0,c1ccc(NCc2cnc3ncncc3c2)cc1,AC
Cc1cc(ccc1NCc2cnc3c(c2C)c(nc(n3)N)N)Cl,8.55,328.12032222400006,3.07154,3,6,3,23,23,94.4105,102.74,0,c1ccc(NCc2cnc3ncncc3c2)cc1,AC
Cc1c(cnc2c1c(nc(n2)N)N)CNc3ccc(c(c3)OC)OC,8.29,340.1647738799999,2.12692,3,8,5,25,25,97.7675,121.2,0,c1ccc(NCc2cnc3ncncc3c2)cc1,AC
Cc1c(cnc2c1c(nc(n2)N)N)CN(C)c3cccc4c3CCCC4,6.15,348.206244768,3.0128200000000014,2,6,3,26,26,106.08580000000003,93.95,0,c1cc2c(c(NCc3cnc4ncncc4c3)c1)CCCC2,nonAC
Cc1c(cnc2c1c(nc(n2)N)N)CNc3ccc4ccc5cccc6c5c4c3cc6,8.42,404.17494464,5.007120000000002,3,6,3,31,31,128.36749999999998,102.74,0,c1cc2ccc3ccc(NCc4cnc5ncncc5c4)c4ccc(c1)c2c34,nonAC
Cc1c(cnc2c1c(nc(n2)N)N)CNc3ccc(cc3)Cl,7.57,314.10467216,2.7631200000000007,3,6,3,22,22,89.67349999999999,102.74,0,c1ccc(NCc2cnc3ncncc3c2)cc1,AC
COc1cc(cc(c1OC)OC)NCc2cc3c(nc(nc3nc2)N)N,5.41,356.1596885000001,1.8270999999999995,3,9,6,26,26,99.5825,130.43,0,c1ccc(NCc2cnc3ncncc3c2)cc1,AC
Cc1c(cnc2c1c(nc(n2)N)N)CNc3cccc4c3cccc4,8.37,330.159294576,3.262920000000001,3,6,3,25,25,102.1695,102.74,0,c1ccc2c(NCc3cnc4ncncc4c3)cccc2c1,AC
Cc1c(cnc2c1c(nc(n2)N)N)CNc3ccccc3OC(F)F,6.56,346.135365572,2.71112,3,7,5,25,25,91.2955,111.97,0,c1ccc(NCc2cnc3ncncc3c2)cc1,AC
Cc1c(cnc2c1c(nc(n2)N)N)CN(C)c3cc(ccc3OC)C(F)(F)F,7.44,392.157243888,3.161420000000001,2,7,4,28,28,100.9978,103.18,0,c1ccc(NCc2cnc3ncncc3c2)cc1,AC
Cc1cc(ccc1Br)NCc2cnc3c(c2C)c(nc(n3)N)N,8.22,372.0698066440001,3.1806399999999995,3,6,3,23,23,97.10050000000004,102.74,0,c1ccc(NCc2cnc3ncncc3c2)cc1,AC
Cc1c(cnc2c1c(nc(n2)N)N)CNc3ccc(c(c3)Cl)Cl,8.3,348.065699808,3.41652,3,6,3,23,23,94.68349999999998,102.74,0,c1ccc(NCc2cnc3ncncc3c2)cc1,AC
Cc1c(cnc2c1c(nc(n2)N)N)CNc3cccc4c3CCCC4,6.85,334.190594704,2.988520000000001,3,6,3,25,25,101.30550000000002,102.74,0,c1cc2c(c(NCc3cnc4ncncc4c3)c1)CCCC2,nonAC
Cc1c(cnc2c1c(nc(n2)N)N)CNc3cc4ccccc4nc3,7.92,331.15454354400003,2.6579200000000007,3,7,3,25,25,99.9645,115.63,0,c1ccc2ncc(NCc3cnc4ncncc4c3)cc2c1,nonAC
Cc1c(cnc2c1c(nc(n2)N)N)CSc3ccc(cc3)Cl,6.23,331.065844128,3.443320000000001,2,6,3,22,22,91.9078,90.71,0,c1ccc(SCc2cnc3ncncc3c2)cc1,nonAC
Cc1c(cnc2c1c(nc(n2)N)N)CNc3ccccc3Cl,6.92,314.10467216,2.7631200000000007,3,6,3,22,22,89.67349999999999,102.74,0,c1ccc(NCc2cnc3ncncc3c2)cc1,AC
Cc1c(cnc2c1c(nc(n2)N)N)CNc3cc(cc(c3)OC)C(F)(F)F,8.26,378.141593824,3.137120000000001,3,7,4,27,27,96.21750000000002,111.97,0,c1ccc(NCc2cnc3ncncc3c2)cc1,AC
Cc1cc(ccc1NCc2cnc3c(c2C)c(nc(n3)N)N)Br,8.23,372.0698066440001,3.1806400000000004,3,6,3,23,23,97.1005,102.74,0,c1ccc(NCc2cnc3ncncc3c2)cc1,AC
Cc1c(cnc2c1c(nc(n2)N)N)CN(C)c3cc(cc(c3)OC)OC,8.06,354.1804239439999,2.1512199999999995,2,8,5,26,26,102.54780000000002,112.41,0,c1ccc(NCc2cnc3ncncc3c2)cc1,AC
Cc1c(cnc2c1c(nc(n2)N)N)CNc3ccc(c4c3cccc4)Cl,8.7,364.120322224,3.9163200000000007,3,6,3,26,26,107.1795,102.74,0,c1ccc2c(NCc3cnc4ncncc4c3)cccc2c1,AC
Cc1c(cnc2c1c(nc(n2)N)N)CNc3ccc(cc3OC)c4ccccc4,7.17,386.185509324,3.785320000000002,3,7,5,29,29,116.65149999999998,111.97,0,c1ccc(-c2ccc(NCc3cnc4ncncc4c3)cc2)cc1,nonAC
CCCOc1ccc(cc1OC)NCc2cnc3c(c2C)c(nc(n3)N)N,7.82,368.1960740080001,2.90712,3,8,7,27,27,107.00150000000004,121.2,0,c1ccc(NCc2cnc3ncncc3c2)cc1,AC
Cc1c(cnc2c1c(nc(n2)N)N)CNc3cc(c(c(c3)OC)OC)OC,8.33,370.1753385639999,2.13552,3,9,6,27,27,104.31950000000002,130.43,0,c1ccc(NCc2cnc3ncncc3c2)cc1,AC
Cc1c(cnc2c1c(nc(n2)N)N)CNc3ccc4ccccc4c3,8.0,330.159294576,3.262920000000001,3,6,3,25,25,102.1695,102.74,0,c1ccc2cc(NCc3cnc4ncncc4c3)ccc2c1,nonAC
CCc1c(cnc2c1c(nc(n2)N)N)CNc3cc(ccc3OC)OC,6.0,354.1804239439999,2.3809000000000005,3,8,6,26,26,102.40850000000002,121.2,0,c1ccc(NCc2cnc3ncncc3c2)cc1,AC
Cc1ccc(c(c1)NCc2cnc3c(c2C)c(nc(n3)N)N)OC,6.52,324.16985926,2.42674,3,7,4,24,24,95.9525,111.97,0,c1ccc(NCc2cnc3ncncc3c2)cc1,AC
Cc1c(cnc2c1c(nc(n2)N)N)CCc3cc(ccc3OC)OC,5.57,339.169524912,2.30002,2,7,5,25,25,97.84880000000004,109.17,0,c1ccc(CCc2cnc3ncncc3c2)cc1,nonAC
CCCOc1ccc(c(c1)NCc2cnc3c(c2C)c(nc(n3)N)N)OCCC,5.14,396.227374136,3.6873200000000006,3,8,9,29,29,116.23550000000006,121.2,0,c1ccc(NCc2cnc3ncncc3c2)cc1,AC
CC(Cc1coc2c1c(nc(n2)N)N)c3ccc(cc3)C(=O)NC(CCC(=O)O)C(=O)O,6.38,441.164833456,1.7812,5,8,9,32,32,114.94960000000006,194.66,0,c1ccc(CCc2coc3ncncc23)cc1,AC
Cc1c(cnc2c1c(nc(n2)N)N)CNc3cc(ccc3OC)OC,6.0,340.1647738799999,2.12692,3,8,5,25,25,97.7675,121.2,0,c1ccc(NCc2cnc3ncncc3c2)cc1,AC
Cc1ccc(cc1Cl)NCc2cnc3c(c2C)c(nc(n3)N)N,8.17,328.1203222240001,3.07154,3,6,3,23,23,94.41050000000004,102.74,0,c1ccc(NCc2cnc3ncncc3c2)cc1,AC
Cc1c(cnc2c1c(nc(n2)N)N)CNc3cccc4c3ccnc4,8.4,331.15454354400003,2.6579200000000007,3,7,3,25,25,99.9645,115.63,0,c1cc(NCc2cnc3ncncc3c2)c2ccncc2c1,nonAC
Cc1c(cnc2c1c(nc(n2)N)N)CNc3ccc-4c(c3)Cc5c4cccc5,8.17,368.17494464,3.680920000000001,3,6,3,28,28,112.9055,102.74,0,c1ccc2c(c1)Cc1cc(NCc3cnc4ncncc4c3)ccc1-2,nonAC
c1cc(ccc1C(=O)NC(CCC(=O)O)C(=O)O)NCc2coc3c2c(nc(n3)N)N,6.4275,428.14443236000005,1.0471,6,9,9,31,31,110.15730000000002,206.69,0,c1ccc(NCc2coc3ncncc23)cc1,nonAC
Cc1c(cnc2c1c(nc(n2)N)N)CNc3cc(ccc3Br)Br,8.34,435.964668648,3.6347200000000006,3,6,3,23,23,100.0635,102.74,0,c1ccc(NCc2cnc3ncncc3c2)cc1,AC
CN(Cc1coc2c1c(nc(n2)N)N)c3ccc(cc3)C(=O)NC(CCC(=O)O)C(=O)O,6.66,442.1600824239999,1.0714000000000006,5,9,9,32,32,114.93760000000006,197.9,0,c1ccc(NCc2coc3ncncc23)cc1,nonAC
Cc1cc(c(c(c1)Cl)NCc2cnc3c(c2C)c(nc(n3)N)N)C,6.07,342.1359722880001,3.37996,3,6,3,24,24,99.14750000000002,102.74,0,c1ccc(NCc2cnc3ncncc3c2)cc1,AC
CCc1c(cnc2c1c(nc(n2)N)N)CNc3cc(ccc3OC)C,6.43,338.18550932399995,2.680720000000001,3,7,5,25,25,100.5935,111.97,0,c1ccc(NCc2cnc3ncncc3c2)cc1,AC
Cc1cc(c(cc1Cl)OC)NCc2cnc3c(c2C)c(nc(n3)N)N,8.0,358.1308869080001,3.080139999999999,3,7,4,25,25,100.96250000000002,111.97,0,c1ccc(NCc2cnc3ncncc3c2)cc1,AC
c1cc(ccc1CCc2coc3c2c(nc(n3)N)N)C(=O)NC(CCC(=O)O)C(=O)O,6.21,427.149183392,1.2201999999999993,5,8,9,31,31,110.23860000000006,194.66,0,c1ccc(CCc2coc3ncncc23)cc1,AC
CCOc1ccc(cc1OC)NCc2cnc3c(c2C)c(nc(n3)N)N,7.75,354.1804239440001,2.51702,3,8,6,26,26,102.38450000000005,121.2,0,c1ccc(NCc2cnc3ncncc3c2)cc1,AC
COCc1c(cnc2c1c(nc(n2)N)N)CNc3ccc(c(c3)OC)OC,5.22,370.1753385639999,1.9649,3,9,7,27,27,103.7435,130.43,0,c1ccc(NCc2cnc3ncncc3c2)cc1,AC
Cc1c(cnc2c1c(nc(n2)N)N)CNc3cc(ccc3Br)C(F)(F)F,8.5,426.041541208,3.891020000000001,3,6,3,26,26,97.36550000000004,102.74,0,c1ccc(NCc2cnc3ncncc3c2)cc1,AC
Cc1c(cnc2c1c(nc(n2)N)N)CNc3ccc4c(c3)cccn4,8.15,331.15454354400003,2.6579200000000007,3,7,3,25,25,99.9645,115.63,0,c1cnc2ccc(NCc3cnc4ncncc4c3)cc2c1,nonAC
Cc1c(cnc2c1c(nc(n2)N)N)CCc3cc(cc(c3)OC)OC,6.0,339.169524912,2.30002,2,7,5,25,25,97.84880000000004,109.17,0,c1ccc(CCc2cnc3ncncc3c2)cc1,nonAC
c1cc(ccc1CNCc2coc3c2c(nc(n3)N)N)C(=O)NC(CCC(=O)O)C(=O)O,4.76,442.1600824239999,0.7248000000000001,6,9,10,32,32,113.37430000000006,206.69,0,c1ccc(CNCc2coc3ncncc23)cc1,nonAC
Cc1c(cnc2c1c(nc(n2)N)N)CNc3cc(ccc3Cl)Cl,8.1,348.065699808,3.41652,3,6,3,23,23,94.68349999999998,102.74,0,c1ccc(NCc2cnc3ncncc3c2)cc1,AC
C#CCN(Cc1ccc2c(c1)c(=O)[nH]cn2)c3ccc(cc3)C(=O)NC(CCC(=O)O)C(=O)O,5.16,462.1539344239999,1.6107,4,6,10,34,34,124.44850000000008,152.69,0,O=c1[nH]cnc2ccc(CNc3ccccc3)cc12,AC
CCOc1ccc(c(c1)N(C)Cc2cnc3c(c2C)c(nc(n3)N)N)OCC,6.0,382.211724072,2.931420000000001,2,8,7,28,28,111.78180000000005,112.41,0,c1ccc(NCc2cnc3ncncc3c2)cc1,AC
Cc1ccc(c(c1)NCc2cnc3c(c2C)c(nc(n3)N)N)F,6.6,312.14987276400007,2.55724,3,6,3,23,23,89.35850000000002,102.74,0,c1ccc(NCc2cnc3ncncc3c2)cc1,AC
c1ccc2c(c1)cccc2NCc3cc4c(nc(nc4nc3)N)N,6.09,316.14364451200004,2.9544999999999986,3,6,3,24,24,97.4325,102.74,0,c1ccc2c(NCc3cnc4ncncc4c3)cccc2c1,AC
Cc1c(cnc2c1c(nc(n2)N)N)CNc3cccc4c3cccn4,8.37,331.15454354400003,2.6579200000000007,3,7,3,25,25,99.9645,115.63,0,c1cc(NCc2cnc3ncncc3c2)c2cccnc2c1,nonAC
Cc1c(cnc2c1c(nc(n2)N)N)CNc3cc(ccc3OC)C(F)(F)F,8.57,378.141593824,3.137120000000001,3,7,4,27,27,96.21750000000002,111.97,0,c1ccc(NCc2cnc3ncncc3c2)cc1,AC
COCc1c(cnc2c1c(nc(n2)N)N)CNc3cc(c(c(c3)OC)OC)OC,5.89,400.1859032479999,1.9735,3,10,8,29,29,110.29550000000002,139.66,0,c1ccc(NCc2cnc3ncncc3c2)cc1,AC
Cc1c(cnc2c1c(nc(n2)N)N)CNc3cc(ccc3F)C(F)(F)F,8.39,366.121607328,3.267620000000001,3,6,3,26,26,89.62350000000002,102.74,0,c1ccc(NCc2cnc3ncncc3c2)cc1,AC
Cc1cccc(c1)SCc2cnc3c(c2C)c(nc(n3)N)N,6.07,311.12046654400007,3.0983399999999994,2,6,3,22,22,91.6348,90.71,0,c1ccc(SCc2cnc3ncncc3c2)cc1,nonAC
Cc1c(cnc2c1c(nc(n2)N)N)CSc3cc(c(c(c3)OC)OC)OC,5.92,387.13651053199993,2.8157200000000007,2,9,6,27,27,106.55380000000002,118.4,0,c1ccc(SCc2cnc3ncncc3c2)cc1,nonAC
Cc1c(cnc2c1c(nc(n2)N)N)CNC3CCCc4c3cccc4,5.47,334.190594704,2.6648200000000006,3,6,3,25,25,99.8555,102.74,0,c1ccc2c(c1)CCCC2NCc1cnc2ncncc2c1,nonAC
Cc1c(cnc2c1c(nc(n2)N)N)CNc3cc(ccc3F)F,7.16,316.124800888,2.3879200000000003,3,6,3,23,23,84.57950000000001,102.74,0,c1ccc(NCc2cnc3ncncc3c2)cc1,AC
c1cc(ccc1CNc2ccc3c(c2)c(=O)[nH]cn3)C(=O)NC(CCC(=O)O)C(=O)O,6.5,424.1382843599999,1.5829999999999995,5,6,9,31,31,111.89220000000007,161.48,0,O=c1[nH]cnc2ccc(NCc3ccccc3)cc12,nonAC
Cc1c(cnc2c1c(nc(n2)N)N)CNc3cccc(c3)Cl,7.77,314.10467216,2.7631200000000007,3,6,3,22,22,89.67349999999999,102.74,0,c1ccc(NCc2cnc3ncncc3c2)cc1,AC
Cc1c(cnc2c1c(nc(n2)N)N)CSc3ccc(c(c3)OC)OC,6.36,357.125945848,2.8071200000000003,2,8,5,25,25,100.00180000000002,109.17,0,c1ccc(SCc2cnc3ncncc3c2)cc1,nonAC
Cc1c(cnc2c1c(nc(n2)N)N)CN(C=O)c3cc(c(c(c3)Cl)Cl)Cl,4.74,410.021642076,3.620820000000001,2,6,4,26,26,104.61379999999996,111.01999999999998,0,c1ccc(NCc2cnc3ncncc3c2)cc1,AC
Cc1ccc(c(c1)NCc2cnc3c(c2C)c(nc(n3)N)N)Cl,7.36,328.12032222400006,3.07154,3,6,3,23,23,94.4105,102.74,0,c1ccc(NCc2cnc3ncncc3c2)cc1,AC
COCc1c(cnc2c1c(nc(n2)N)N)CNc3cc(ccc3OC)OC,4.51,370.1753385639999,1.9649,3,9,7,27,27,103.7435,130.43,0,c1ccc(NCc2cnc3ncncc3c2)cc1,AC
Cc1c(cnc2c1c(nc(n2)N)N)CSc3cccc(c3)OC,6.3,327.115381164,2.798520000000001,2,7,4,23,23,93.4498,99.94,0,c1ccc(SCc2cnc3ncncc3c2)cc1,nonAC
Cc1c(cnc2c1c(nc(n2)N)N)CSc3cc(ccc3OC)OC,5.6,357.125945848,2.807120000000001,2,8,5,25,25,100.00180000000002,109.17,0,c1ccc(SCc2cnc3ncncc3c2)cc1,nonAC
Cc1c(cnc2c1c(nc(n2)N)N)CNc3ccc(c(c3)F)OC,7.85,328.144787384,2.25742,3,7,4,24,24,91.17350000000002,111.97,0,c1ccc(NCc2cnc3ncncc3c2)cc1,AC
Cc1c(cnc2c1c(nc(n2)N)N)CSc3cccc(c3)Cl,6.38,331.065844128,3.443320000000001,2,6,3,22,22,91.9078,90.71,0,c1ccc(SCc2cnc3ncncc3c2)cc1,nonAC
Cc1c(cnc2c1c(nc(n2)N)N)CSc3cccc4c3cccc4,6.36,347.120466544,3.943120000000001,2,6,3,25,25,104.4038,90.71,0,c1ccc2c(SCc3cnc4ncncc4c3)cccc2c1,nonAC
Cc1c(cnc2c1c(nc(n2)N)N)CNc3ccc-4c5c3cccc5-c6c4cccc6,8.21,404.17494464,4.910320000000002,3,6,3,31,31,126.59949999999998,102.74,0,c1ccc2c(c1)-c1cccc3c(NCc4cnc5ncncc5c4)ccc-2c13,nonAC
CCc1c(cnc2c1c(nc(n2)N)N)CNc3cc(ccc3OC)C(F)(F)F,8.44,392.157243888,3.3911000000000016,3,7,5,28,28,100.8585,111.97,0,c1ccc(NCc2cnc3ncncc3c2)cc1,AC
c1cc(c(cc1NCc2cnc3c(n2)c(nc(n3)N)N)F)C(=O)NC(CCC(=O)O)C(=O)O,7.57,458.14624392799993,0.3831999999999999,6,10,9,33,33,113.43930000000005,219.33,0,c1ccc(NCc2cnc3ncncc3n2)cc1,AC
COc1ccc(cc1OC)Cc2cnc(nc2N)N,6.28,260.127325752,1.249,2,6,4,19,19,73.20880000000001,96.28,0,c1ccc(Cc2cncnc2)cc1,AC
CCc1cc(cc(c1CC)CC)Cc2cnc(nc2N)N,6.64,284.200096768,2.919,2,4,5,21,21,88.23880000000003,77.82,0,c1ccc(Cc2cncnc2)cc1,AC
CCc1ccc(cc1CC)Cc2cnc(nc2N)N,5.96,256.16879664,2.3566,2,4,4,19,19,78.86080000000003,77.82,0,c1ccc(Cc2cncnc2)cc1,AC
c1cc(c(cc1C(=O)NC(CCC(=O)O)C(=O)O)F)NCc2cnc3c(n2)c(nc(n3)N)N,7.72,458.1462439280002,0.3832000000000002,6,10,9,33,33,113.43930000000002,219.33,0,c1ccc(NCc2cnc3ncncc3n2)cc1,AC
CN(Cc1cnc2c(n1)c(nc(n2)N)N)c3ccc(cc3)C(=O)NC(CC(C(=O)O)(F)F)C(=O)O,5.82,490.1524721799999,0.5136000000000005,5,10,9,35,35,118.59160000000006,210.54,0,c1ccc(NCc2cnc3ncncc3n2)cc1,AC
CC1c2cc(c(n2CCN1Cc3cnc(nc3N)N)c4ccccc4)Cc5ccccc5,5.78666666667,424.237544896,4.277100000000003,2,6,5,32,32,128.7978,85.99,0,c1ccc(Cc2cc3n(c2-c2ccccc2)CCN(Cc2cncnc2)C3)cc1,nonAC
CC1c2c(cc(c3c2OCO3)OC)CCN1Cc4cnc(nc4N)N,7.49333333333,343.16443953200013,1.4975999999999996,2,8,3,25,25,92.50280000000002,108.75,0,c1ncc(CN2CCc3ccc4c(c3C2)OCO4)cn1,nonAC
CC1c2ccc3c4ccccc4n(c3c2CCN1Cc5cnc(nc5N)N)C,7.82333333333,372.2062447680001,3.4052,2,6,2,28,28,113.81080000000004,85.99,0,c1ccc2c(c1)[nH]c1c3c(ccc12)CN(Cc1cncnc1)CC3,nonAC
c1ccc2c(c1)c3c([nH]2)CN(CC3)Cc4cnc(nc4N)N,7.865,294.15929457600004,1.6805999999999996,3,5,2,22,22,86.97350000000002,96.85,0,c1ccc2c3c([nH]c2c1)CN(Cc1cncnc1)CC3,nonAC
COc1cc2c(cc1OC)C(CN(C2)Cc3cnc(nc3N)N)c4ccc(cc4Cl)Cl,7.14666666667,459.122880336,4.112700000000002,2,7,5,31,31,122.8218,99.52,0,c1ccc(C2CN(Cc3cncnc3)Cc3ccccc32)cc1,nonAC
CC1c2c(cc(c3c2OCO3)OC)CCN1Cc4cnc(nc4N)N,7.13,343.16443953200013,1.4975999999999996,2,8,3,25,25,92.50280000000002,108.75,0,c1ncc(CN2CCc3ccc4c(c3C2)OCO4)cn1,nonAC
COc1ccc2c(c1)CN(CC2c3cccc(c3)[N+](=O)[O-])Cc4cnc(nc4N)N,6.49,406.17533856400007,2.7055,2,8,5,30,30,112.90420000000005,133.43,0,c1ccc(C2CN(Cc3cncnc3)Cc3ccccc32)cc1,nonAC
CSc1c2ccc(cc2n3c1CN(CC3)Cc4cnc(nc4N)N)Cl,7.16333333333,374.1080432880001,2.986799999999999,2,7,3,25,25,103.6998,85.99,0,c1ccc2c(c1)cc1n2CCN(Cc2cncnc2)C1,nonAC
CC1c2c(cc(c3c2OCO3)OC)CCN1Cc4cnc(nc4N)N,7.16666666667,343.16443953200013,1.4975999999999996,2,8,3,25,25,92.50280000000002,108.75,0,c1ncc(CN2CCc3ccc4c(c3C2)OCO4)cn1,nonAC
COc1cc2c(cc1OC)CN(CC2)Cc3cnc(nc3N)N,6.47,315.16952491200004,1.2165,2,7,4,23,23,88.22080000000003,99.52,0,c1ccc2c(c1)CCN(Cc1cncnc1)C2,nonAC
c1ccc2c(c1)CCN(C2)Cc3cnc(nc3N)N,5.61,255.148395544,1.1992999999999998,2,5,2,19,19,75.11680000000001,81.06,0,c1ccc2c(c1)CCN(Cc1cncnc1)C2,nonAC
CC1c2cc(c(cc2CCN1Cc3cnc(nc3N)N)OC)OC,6.93666666667,329.185174976,1.7774999999999992,2,7,4,24,24,92.93180000000002,99.52,0,c1ccc2c(c1)CCN(Cc1cncnc1)C2,nonAC
CCC(CC)n1ccc2c1ccc3c2c(nc(n3)N)N,8.18,269.164045608,3.1100000000000003,2,5,3,20,20,83.47780000000003,82.75,0,c1ncc2c(ccc3[nH]ccc32)n1,nonAC
COc1cc(c2c(c1OC)OC(C=C2)C3CC3)Cc4cnc(nc4N)N,8.1,354.1691905640001,2.4332,2,7,5,26,26,99.38280000000005,105.51,0,C1=CC(C2CC2)Oc2cccc(Cc3cncnc3)c21,nonAC
CN(Cc1ccccc1)c2cc3c(nc(nc3nc2)N)N,6.16,280.143644512,1.8256,2,6,3,21,21,84.70680000000003,93.95,0,c1ccc(CNc2cnc3ncncc3c2)cc1,AC
CN(Cc1coc2c1c(nc(n2)N)N)c3ccc(cc3)C(=O)NC(CCC(=O)O)C(=O)O,6.66,442.1600824239999,1.0714000000000006,5,9,9,32,32,114.93760000000006,197.9,0,c1ccc(NCc2coc3ncncc23)cc1,nonAC
c1cc(ccc1CNc2cc3c(nc(nc3nc2)N)N)C(=O)NC(=O)C(CCC(=O)O)N,6.5,438.17640118399993,0.2498000000000012,6,10,8,32,32,117.24490000000004,212.23,0,c1ccc(CNc2cnc3ncncc3c2)cc1,AC
CN(Cc1ccc(cc1)C(=O)NC(=O)C(CCC(=O)O)N)c2cc3c(nc(nc3nc2)N)N,6.19,452.19205124800015,0.2741000000000013,5,10,8,33,33,122.02520000000004,203.44,0,c1ccc(CNc2cnc3ncncc3c2)cc1,AC
CN(Cc1ccc(c(c1OC)OC)OC)c2cc3c(nc(nc3nc2)N)N,6.28,370.1753385640001,1.8514,2,9,6,27,27,104.36280000000004,121.64,0,c1ccc(CNc2cnc3ncncc3c2)cc1,AC
c1ccc(cc1)CNc2cc3c(nc(nc3nc2)N)N,5.21,266.127994448,1.8012999999999997,3,6,3,20,20,79.92650000000002,102.74,0,c1ccc(CNc2cnc3ncncc3c2)cc1,AC
c1cc(ccc1C(=O)NC(CCC(=O)O)C(=O)O)NCc2coc3c2c(nc(n3)N)N,6.35,428.14443236000005,1.0471,6,9,9,31,31,110.15730000000002,206.69,0,c1ccc(NCc2coc3ncncc23)cc1,nonAC
CCOc1cc(cc(c1n2cccc2)OCC)Cc3cnc(nc3N)N,6.7,353.1851749760001,2.819899999999999,2,7,7,26,26,101.76980000000005,101.21,0,c1ccn(-c2ccc(Cc3cncnc3)cc2)c1,nonAC
c1cc(ccc1CNc2cc3c(=O)[nH]c(nc3nc2)N)C(=O)NC(CCC(=O)O)C(=O)O,6.68,440.1444323599999,0.5601999999999999,6,8,9,32,32,114.09960000000004,200.39,0,O=c1[nH]cnc2ncc(NCc3ccccc3)cc12,nonAC
CN(Cc1ccc(cc1)C(=O)NC(CCC(=O)O)C(=O)O)c2cc3c(=O)[nH]c(nc3nc2)N,6.6,454.16008242400005,0.5845000000000008,5,8,9,33,33,118.87990000000003,191.6,0,O=c1[nH]cnc2ncc(NCc3ccccc3)cc12,nonAC
c1cc(ccc1CN(C=O)c2cc3c(=O)[nH]c(nc3nc2)N)C(=O)NC(CCC(=O)O)C(=O)O,5.71,468.1393469799999,0.1111000000000007,5,8,10,34,34,119.01990000000004,208.67,0,O=c1[nH]cnc2ncc(NCc3ccccc3)cc12,nonAC
c1cc(ccc1C(=O)NC(CCC(=O)O)C(=O)O)OCc2cnc3c(n2)c(nc(n3)N)N,6.13,441.1396813280002,0.2109999999999998,5,10,9,32,32,110.48660000000002,216.53000000000003,0,c1ccc(OCc2cnc3ncncc3n2)cc1,nonAC
c1cc(ccc1C(=O)NC(CCC(=O)O)C(=O)O)SCCc2cnc3c(n2)c(nc(n3)N)N,4.6,471.1324877720002,0.9668000000000004,5,10,10,33,33,120.58260000000004,207.3,0,c1ccc(SCCc2cnc3ncncc3n2)cc1,nonAC
c1cc(ccc1C(=O)NC(CCC(=O)O)C(=O)O)SCc2cnc3c(n2)c(nc(n3)N)N,5.57,457.1168377080002,0.9243,5,10,9,32,32,115.71560000000004,207.3,0,c1ccc(SCc2cnc3ncncc3n2)cc1,nonAC
CN(C)S(=O)(=O)c1ccc(cc1)N(CC#C)Cc2ccc3c(c2)c(=O)[nH]c(n3)N,4.69,411.1365105320001,1.3954000000000002,2,6,6,29,29,113.97390000000006,112.39,0,O=c1[nH]cnc2ccc(CNc3ccccc3)cc12,AC
COc1cc(cc(c1OC)OC)N(CC#C)Cc2ccc3c(c2)c(=O)[nH]cn3,4.18,379.15320615200005,2.5887,1,6,7,28,28,108.34470000000005,76.68,0,O=c1[nH]cnc2ccc(CNc3ccccc3)cc12,AC
C#CCN(Cc1ccc2c(c1)c(=O)[nH]c(n2)N)c3ccc(cc3)C(=O)C(F)(F)F,4.99,400.11471038,2.890100000000001,2,5,5,29,29,103.48660000000002,92.08,0,O=c1[nH]cnc2ccc(CNc3ccccc3)cc12,AC
C#CCN(Cc1ccc2c(c1)c(=O)[nH]c(n2)N)c3ccc(cc3)C#N,4.18,329.12766010000007,2.01678,2,5,4,25,25,97.8161,98.8,0,O=c1[nH]cnc2ccc(CNc3ccccc3)cc12,AC
C#CCN(Cc1ccc2c(c1)c(=O)[nH]c(n2)N)c3ccc(cc3)[N+](=O)[O-],4.65,349.11748934,2.0533,2,6,5,26,26,99.75550000000004,118.15,0,O=c1[nH]cnc2ccc(CNc3ccccc3)cc12,AC
CC(=O)c1ccc(cc1)N(CC#C)Cc2ccc3c(c2)c(=O)[nH]cn3,4.0,331.13207678400005,2.7655000000000003,1,4,5,25,25,98.69320000000003,66.06,0,O=c1[nH]cnc2ccc(CNc3ccccc3)cc12,AC
CC(=O)c1ccc(cc1)N(CC#C)Cc2ccc3c(c2)c(=O)[nH]c(n3)N,4.43,346.14297581600005,2.3477,2,5,5,26,26,103.10560000000004,92.08,0,O=c1[nH]cnc2ccc(CNc3ccccc3)cc12,AC
C#CCN(Cc1ccc2c(c1)c(=O)[nH]c(n2)N)c3ccc(cc3)C(=O)N,4.14,347.13822478400004,1.2440000000000004,3,5,5,26,26,101.619,118.1,0,O=c1[nH]cnc2ccc(CNc3ccccc3)cc12,AC
c1cc(ccc1CCCc2coc3c2c(nc(n3)N)N)C(=O)NC(CCC(=O)O)C(=O)O,5.05,441.164833456,1.6102999999999998,5,8,10,32,32,114.85560000000008,194.66,0,c1ccc(CCCc2coc3ncncc23)cc1,nonAC
c1cc(ccc1CCCCc2coc3c2c(nc(n3)N)N)C(=O)NC(CCC(=O)O)C(=O)O,4.68,455.18048352,2.0003999999999995,5,8,11,33,33,119.47260000000009,194.66,0,c1ccc(CCCCc2coc3ncncc23)cc1,nonAC
Cc1c(c2c([nH]1)nc([nH]c2=O)N)Sc3ccc(cc3)C(=O)NC(CCC(=O)O)C(=O)O,5.676,445.1056043279999,1.3408199999999997,6,7,8,31,31,112.18860000000004,191.26,0,O=c1[nH]cnc2[nH]cc(Sc3ccccc3)c12,nonAC
CCc1c(c2c([nH]1)nc([nH]c2=O)N)Sc3ccc(cc3)C(=O)NC(CCC(=O)O)C(=O)O,6.38,459.1212543919999,1.594799999999999,6,7,9,32,32,116.82960000000006,191.26,0,O=c1[nH]cnc2[nH]cc(Sc3ccccc3)c12,nonAC
c1ccc(cc1)COCc2c(c(nc(n2)N)N)c3ccc(cc3)NC(=O)C4CC4,4.55,389.185174976,3.3733000000000013,3,6,7,29,29,112.58150000000002,116.15,0,O=C(Nc1ccc(-c2cncnc2COCc2ccccc2)cc1)C1CC1,nonAC
CCc1c(c(nc(n1)N)N)c2ccc3c(c2)nc(n3Cc4ccc(cc4)S(=O)(=O)C)c5ccccc5,5.64,498.1837950719999,4.338900000000003,2,8,6,36,36,143.05159999999978,129.77999999999997,0,c1ccc(Cn2c(-c3ccccc3)nc3cc(-c4cncnc4)ccc32)cc1,nonAC
c1ccc(cc1)COCc2c(c(nc(n2)N)N)c3ccc(cc3)NCc4ccc(cc4)Cl,6.52,445.166938068,5.290300000000003,3,6,8,32,32,130.0065,99.08,0,c1ccc(CNc2ccc(-c3cncnc3COCc3ccccc3)cc2)cc1,nonAC
CCc1c(c(nc(n1)N)N)c2ccc3c(c2)nc(n3Cc4ccc(cc4)S(=O)(=O)C)C5CCCC5,5.74,490.2150951999999,4.329500000000004,2,8,6,35,35,138.82459999999986,129.77999999999997,0,c1ccc(Cn2c(C3CCCC3)nc3cc(-c4cncnc4)ccc32)cc1,nonAC
Cc1c(c2c([nH]1)nc([nH]c2=O)N)Sc3ccc(c(c3)Cl)C(=O)NC(CCC(=O)O)C(=O)O,4.96,479.0666319759999,1.99422,6,7,8,32,32,117.19860000000004,191.26,0,O=c1[nH]cnc2[nH]cc(Sc3ccccc3)c12,nonAC
Cc1c(c2c([nH]1)nc([nH]c2=O)N)Sc3ccc(c(c3)F)C(=O)NC(CCC(=O)O)C(=O)O,5.68,463.0961825159999,1.4799199999999997,6,7,8,32,32,112.14660000000003,191.26,0,O=c1[nH]cnc2[nH]cc(Sc3ccccc3)c12,nonAC
Cc1c2c(nc(nc2[nH]c1Sc3ccc(cc3)C(=O)NC(CCC(=O)O)C(=O)O)N)N,6.68,444.12158874,1.6297199999999994,6,8,8,31,31,113.77530000000006,197.31000000000003,0,c1ccc(Sc2cc3cncnc3[nH]2)cc1,AC
Cc1[nH]c(=O)c2cc(ccc2n1)CN(C)c3ccc(s3)C(=O)NC(CCC(=O)O)C(=O)O,4.68,458.1260054239999,1.97722,4,7,9,32,32,119.28650000000007,152.69,0,O=c1[nH]cnc2ccc(CNc3cccs3)cc12,nonAC
CCc1c2c(nc(nc2[nH]c1Sc3c(cccc3C)C)N)N,4.5,313.13611660800007,3.4527400000000004,3,5,3,22,22,92.13050000000004,93.61,0,c1ccc(Sc2cc3cncnc3[nH]2)cc1,AC
CCc1c2c(nc(nc2[nH]c1Sc3cccc4c3nccc4)N)N,5.85,336.11571551200007,3.384100000000001,3,6,3,24,24,97.9575,106.5,0,c1cnc2c(Sc3cc4cncnc4[nH]3)cccc2c1,nonAC
CCc1c2c(nc(nc2[nH]c1Sc3ccccc3)N)N,4.75,285.10481648,2.8359,3,5,3,20,20,82.65650000000002,93.61,0,c1ccc(Sc2cc3cncnc3[nH]2)cc1,AC
CCc1c2c(nc(nc2[nH]c1Sc3cc(ccc3OC)OC)N)N,5.24,345.125945848,2.8530999999999995,3,7,5,24,24,95.76050000000004,112.07,0,c1ccc(Sc2cc3cncnc3[nH]2)cc1,AC
CCc1c2c(nc(nc2[nH]c1Sc3ccc(cc3)OC)N)N,5.54,315.11538116400004,2.8445,3,6,4,22,22,89.20850000000003,102.84,0,c1ccc(Sc2cc3cncnc3[nH]2)cc1,AC
CCc1c2c(nc(nc2[nH]c1Sc3ccc(cc3Cl)Cl)N)N,5.85,353.02687177600006,4.142700000000001,3,5,3,22,22,92.6765,93.61,0,c1ccc(Sc2cc3cncnc3[nH]2)cc1,AC
CCc1c2c(nc(nc2[nH]c1Sc3ccc(c(c3)Cl)Cl)C)N,5.55,352.031622808,4.868920000000002,2,4,3,22,22,93.00110000000002,67.59,0,c1ccc(Sc2cc3cncnc3[nH]2)cc1,AC
CCc1c2c(nc(nc2[nH]c1Sc3ccc(cc3)Br)N)N,5.57,363.015328548,3.5984000000000007,3,5,3,21,21,90.3565,93.61,0,c1ccc(Sc2cc3cncnc3[nH]2)cc1,AC
CCc1c2c(nc(nc2[nH]c1Sc3ccc(cc3)[N+](=O)[O-])N)N,5.24,330.089894688,2.7441000000000004,3,7,4,23,23,89.31090000000002,136.75,0,c1ccc(Sc2cc3cncnc3[nH]2)cc1,AC
CCc1c2c(nc(nc2[nH]c1Sc3ccc4ccccc4c3)N)N,5.22,335.12046654400007,3.9891000000000014,3,5,3,24,24,100.1625,93.61,0,c1ccc2cc(Sc3cc4cncnc4[nH]3)ccc2c1,nonAC
CCc1c2c(nc(nc2[nH]c1Sc3cccc4c3cccc4)N)N,5.54,335.12046654400007,3.9891000000000014,3,5,3,24,24,100.1625,93.61,0,c1ccc2c(Sc3cc4cncnc4[nH]3)cccc2c1,nonAC
CCc1c2c(nc(nc2[nH]c1Sc3ccc(cc3)C(=O)NC(CCC(=O)O)C(=O)O)N)N,7.18,458.137238804,1.8837,6,8,9,32,32,118.41630000000006,197.31000000000003,0,c1ccc(Sc2cc3cncnc3[nH]2)cc1,AC
CN(Cc1cnc2c(n1)c(nc(n2)N)N)c3ccc(cc3)C(=O)NC(CCC(=O)NO)C(=O)O,6.965,469.182214836,-0.3107999999999993,6,11,9,34,34,120.55500000000004,222.57,0,c1ccc(NCc2cnc3ncncc3n2)cc1,AC
C#CCN(Cc1ccc2c(c1)c(=O)[nH]c(n2)N)c3ccc(cc3)C(=O)NC(CCC(=O)O)C(=O)O,5.46666666667,477.164833456,1.192900000000001,5,7,10,35,35,128.86090000000004,178.70999999999998,0,O=c1[nH]cnc2ccc(CNc3ccccc3)cc12,AC
Cc1cc2c(n1Cc3ccc(cc3)[N+](=O)[O-])c(=O)[nH]c(n2)N,4.48,299.1018392760001,1.5717199999999996,2,6,3,22,22,81.70150000000001,119.83999999999996,0,O=c1[nH]cnc2ccn(Cc3ccccc3)c12,AC
Cc1cc2c(n1Cc3ccc(cc3)C(=O)NC(CCC(=O)O)C(=O)O)c(=O)[nH]c(n2)N,6.92,427.149183392,0.71132,5,7,8,31,31,110.80690000000006,180.4,0,O=c1[nH]cnc2ccn(Cc3ccccc3)c12,AC
CC(c1cccc(c1)Cl)Oc2cccc3c2c(nc(n3)N)N,7.6,314.0934387800001,3.587600000000002,2,5,3,22,22,88.85780000000003,87.05,0,c1ccc(COc2cccc3ncncc23)cc1,AC
CC(c1cccc(c1)Cl)Oc2cccc3c2c(nc(n3)N)N,7.47,314.0934387800001,3.587600000000002,2,5,3,22,22,88.85780000000003,87.05,0,c1ccc(COc2cccc3ncncc23)cc1,AC
c1cc(cc(c1)Cl)COc2cccc3c2c(nc(n3)N)N,4.01,300.0777887160001,3.0266,2,5,3,21,21,84.14680000000001,87.05,0,c1ccc(COc2cccc3ncncc23)cc1,AC
c1cc(c2c(c1)nc(nc2N)N)COc3ccc(cc3F)F,4.97,302.097917444,2.6514000000000006,2,5,3,22,22,79.05280000000002,87.05,0,c1ccc(OCc2cccc3ncncc23)cc1,AC
c1ccc(c(c1)OCc2cccc3c2c(nc(n3)N)N)F,7.41,284.10733925600005,2.5123,2,5,3,21,21,79.09480000000002,87.05,0,c1ccc(OCc2cccc3ncncc23)cc1,AC
c1cc(cc(c1)Cl)OCc2cccc3c2c(nc(n3)N)N,5.08,300.0777887160001,3.0266,2,5,3,21,21,84.14680000000001,87.05,0,c1ccc(OCc2cccc3ncncc23)cc1,AC
c1ccc(c(c1)COc2cccc3c2c(nc(n3)N)N)F,9.41,284.10733925600005,2.5123,2,5,3,21,21,79.09480000000002,87.05,0,c1ccc(COc2cccc3ncncc23)cc1,AC
c1cc(cc(c1)Cl)CN2CCC(CC2)COc3cccc4c3c(nc(n4)N)N,4.26,397.1669380680001,3.738600000000001,2,6,5,28,28,113.31080000000006,90.29,0,c1ccc(CN2CCC(COc3cccc4ncncc34)CC2)cc1,nonAC
Cc1c(c2c(=O)[nH]c(nc2s1)N)Sc3ccc(cc3)F,5.59,307.02493216,3.1655200000000008,2,5,2,20,20,79.9131,71.77,0,O=c1[nH]cnc2scc(Sc3ccccc3)c12,AC
Cc1c(c2c(=O)[nH]c(nc2s1)N)Sc3ccncc3,5.6,290.02960294,2.4214200000000003,2,6,2,19,19,77.7501,84.66,0,O=c1[nH]cnc2scc(Sc3ccncc3)c12,nonAC
Cc1c(c2c(=O)[nH]c(nc2s1)N)Sc3ccc4ccccc4c3,5.54,339.050004036,4.179620000000002,2,5,2,23,23,97.4611,71.77,0,O=c1[nH]cnc2scc(Sc3ccc4ccccc4c3)c12,nonAC
Cc1c(c2c(=O)[nH]c(nc2s1)N)Sc3cc(cc(c3)Cl)Cl,5.25,356.956409268,4.333220000000001,2,5,2,21,21,89.97509999999998,71.77,0,O=c1[nH]cnc2scc(Sc3ccccc3)c12,AC
Cc1c(c2c(=O)[nH]c(nc2s1)N)Sc3ccc(c(c3)Cl)Cl,5.55,356.956409268,4.333220000000001,2,5,2,21,21,89.97509999999998,71.77,0,O=c1[nH]cnc2scc(Sc3ccccc3)c12,AC
Cc1c(c2c([nH]1)nc([nH]c2=O)N)Sc3cc(ccc3OC)OC,4.66,332.09431137199994,2.31022,3,6,4,23,23,89.53280000000002,106.02,0,O=c1[nH]cnc2[nH]cc(Sc3ccccc3)c12,nonAC
Cc1c(c2c(=O)[nH]c(nc2s1)N)Sc3ccc(cc3)[N+](=O)[O-],6.25,334.01943218,2.9346200000000007,2,7,3,22,22,86.60950000000001,114.91,0,O=c1[nH]cnc2scc(Sc3ccccc3)c12,AC
Cc1c(c2c(=O)[nH]c(nc2s1)N)Sc3ccc(cc3)Cl,5.82,322.99538162,3.679820000000001,2,5,2,20,20,84.96509999999999,71.77,0,O=c1[nH]cnc2scc(Sc3ccccc3)c12,AC
Cc1c(c2c(=O)[nH]c(nc2s1)N)Sc3ccccc3,5.46,289.034353972,3.0264200000000008,2,5,2,19,19,79.9551,71.77,0,O=c1[nH]cnc2scc(Sc3ccccc3)c12,AC
Cc1c(c2c(=O)[nH]c(nc2s1)N)Sc3ccc(cc3)C(=O)N(CCC(=O)O)C(=O)O,7.7,448.0511262319999,2.62132,4,8,6,30,30,111.26920000000004,166.67999999999998,0,O=c1[nH]cnc2scc(Sc3ccccc3)c12,AC
COc1cc(cc(c1OC)OC)CC#Cc2cnc(nc2N)N,5.84,314.1378904360001,1.2609999999999997,2,7,4,23,23,87.53680000000001,105.51,0,C(#Cc1cncnc1)Cc1ccccc1,AC
Cc1c(c(nc(n1)N)N)C#CCc2cc(c(c(c2)OC)OC)OC,6.4,328.1535405,1.5694199999999996,2,7,4,24,24,92.27380000000002,105.51,0,C(#Cc1cncnc1)Cc1ccccc1,AC
CC(C#Cc1cnc(nc1N)N)c2cc(c(c(c2)OC)OC)OC,5.84,328.1535405,1.822,2,7,4,24,24,92.24780000000004,105.51,0,C(#Cc1cncnc1)Cc1ccccc1,AC
COc1cc(cc(c1OC)OC)C(C#Cc2cnc(nc2N)N)O,4.85,330.13280505600005,0.7518999999999996,3,8,4,24,24,88.79260000000002,125.74,0,C(#Cc1cncnc1)Cc1ccccc1,AC
COc1cc(cc(c1OC)OC)C(C#Cc2cnc(nc2N)N)OC,5.94,344.14845512000005,1.4059999999999997,2,8,5,25,25,93.58280000000002,114.74,0,C(#Cc1cncnc1)Cc1ccccc1,AC
Cc1c(c(nc(n1)N)N)C#CC(C)c2cc(c(c(c2)OC)OC)OC,5.86,342.169190564,2.13042,2,7,4,25,25,96.98480000000004,105.51,0,C(#Cc1cncnc1)Cc1ccccc1,AC
Cc1c(c(nc(n1)N)N)C#CC(c2cc(c(c(c2)OC)OC)OC)O,5.24,344.14845511999994,1.0603199999999997,3,8,4,25,25,93.52960000000004,125.74,0,C(#Cc1cncnc1)Cc1ccccc1,AC
Cc1c(c(nc(n1)N)N)C#CC(c2cc(c(c(c2)OC)OC)OC)OC,5.91,358.16410518399994,1.7144199999999994,2,8,5,26,26,98.31980000000004,114.74,0,C(#Cc1cncnc1)Cc1ccccc1,AC
COc1ccc(c(c1)CC#Cc2cnc(nc2N)N)OC,5.5,284.127325752,1.2524,2,6,3,21,21,80.9848,96.28,0,C(#Cc1cncnc1)Cc1ccccc1,AC
Cc1c(c(nc(n1)N)N)C#CCc2cc(ccc2OC)OC,5.89,298.142975816,1.5608199999999997,2,6,3,22,22,85.72180000000002,96.28,0,C(#Cc1cncnc1)Cc1ccccc1,AC
CCc1c(c(nc(n1)N)N)C#CCc2cc(ccc2OC)OC,5.89,312.15862588,1.8148,2,6,4,23,23,90.36280000000002,96.28,0,C(#Cc1cncnc1)Cc1ccccc1,AC
CCCc1c(c(nc(n1)N)N)C#CCc2cc(ccc2OC)OC,5.93,326.174275944,2.2049000000000003,2,6,5,24,24,94.97980000000004,96.28,0,C(#Cc1cncnc1)Cc1ccccc1,AC
CCc1c(c(nc(n1)N)N)C#CCc2cc(c(c(c2)OC)OC)OC,7.24,342.169190564,1.8234,2,7,5,25,25,96.91480000000004,105.51,0,C(#Cc1cncnc1)Cc1ccccc1,AC
CCc1c(c(nc(n1)N)N)C#CCc2cccc(c2OC)OC,6.89,312.15862588,1.8148,2,6,4,23,23,90.36280000000002,96.28,0,C(#Cc1cncnc1)Cc1ccccc1,AC
CCc1c(c(nc(n1)N)N)C#CCc2ccccc2,6.44,252.137496512,1.7976,2,4,2,19,19,77.25880000000001,77.82,0,C(#Cc1cncnc1)Cc1ccccc1,AC
c1cc(ccc1C(=O)NC(CCC(=O)O)C(=O)O)NCC2CCc3c(c(nc(n3)N)N)N2,6.25,443.1917169000001,0.5276000000000018,7,9,9,32,32,117.28000000000004,205.58,0,c1ccc(NCC2CCc3ncncc3N2)cc1,nonAC
C=CCN1c2c(nc(nc2N)N)CCC1CNc3ccc(cc3)C(=O)NC(CCC(=O)O)C(=O)O,5.85,483.2230170279999,1.1081000000000003,6,9,11,35,35,131.20030000000006,196.79,0,c1ccc(NCC2CCc3ncncc3N2)cc1,nonAC
Cc1c(c(nc(n1)N)N)C#CC(C)c2cc(c(c(c2)OC)OC)OC,5.86,342.169190564,2.13042,2,7,4,25,25,96.98480000000004,105.51,0,C(#Cc1cncnc1)Cc1ccccc1,AC
Cc1c(c(nc(n1)N)N)C#CC(C)c2cc(cc(c2)OC)c3ccccc3,5.77,358.179361324,3.7802200000000026,2,5,3,27,27,109.3168,87.05,0,C(#Cc1cncnc1)Cc1cccc(-c2ccccc2)c1,nonAC
Cc1ccccc1c2cc(cc(c2)OC)C(C)C#Cc3c(nc(nc3N)N)C,5.87,372.19501138800007,4.088640000000002,2,5,3,28,28,114.05380000000002,87.05,0,C(#Cc1cncnc1)Cc1cccc(-c2ccccc2)c1,nonAC
Cc1cccc(c1c2cc(cc(c2)OC)C(C)C#Cc3c(nc(nc3N)N)C)C,5.9,386.21066145200007,4.397060000000002,2,5,3,29,29,118.79080000000005,87.05,0,C(#Cc1cncnc1)Cc1cccc(-c2ccccc2)c1,nonAC
Cc1c(c(nc(n1)N)N)C#CC(C)c2cc(cc(c2)OC)c3c(cccc3C(C)C)C(C)C,5.14,442.273261708,6.027020000000006,2,5,5,33,33,137.4947999999999,87.05,0,C(#Cc1cncnc1)Cc1cccc(-c2ccccc2)c1,nonAC
Cc1c(c(nc(n1)N)N)C#CC(C)c2ccc(c(c2)OC)c3ccccc3,5.85,358.179361324,3.7802200000000026,2,5,3,27,27,109.3168,87.05,0,C(#Cc1cncnc1)Cc1ccc(-c2ccccc2)cc1,nonAC
Cc1ccccc1c2ccc(cc2OC)C(C)C#Cc3c(nc(nc3N)N)C,5.56,372.19501138800007,4.088640000000002,2,5,3,28,28,114.05380000000002,87.05,0,C(#Cc1cncnc1)Cc1ccc(-c2ccccc2)cc1,nonAC
Cc1cccc(c1c2ccc(cc2OC)C(C)C#Cc3c(nc(nc3N)N)C)C,5.47,386.21066145200007,4.397060000000002,2,5,3,29,29,118.79080000000005,87.05,0,C(#Cc1cncnc1)Cc1ccc(-c2ccccc2)cc1,nonAC
Cc1c(c(nc(n1)N)N)C#CC(C)c2ccc(c(c2)OC)c3c(cccc3C(C)C)C(C)C,5.38,442.273261708,6.027020000000006,2,5,5,33,33,137.4947999999999,87.05,0,C(#Cc1cncnc1)Cc1ccc(-c2ccccc2)cc1,nonAC
Cc1c(c(nc(n1)N)N)C#CC(C)c2cc(cc(c2)OC)c3ccccc3,5.87,358.179361324,3.7802200000000026,2,5,3,27,27,109.3168,87.05,0,C(#Cc1cncnc1)Cc1cccc(-c2ccccc2)c1,nonAC
Cc1c(c(nc(n1)N)N)C#CC(C)c2cc(cc(c2)OC)c3ccccc3,5.86,358.179361324,3.7802200000000026,2,5,3,27,27,109.3168,87.05,0,C(#Cc1cncnc1)Cc1cccc(-c2ccccc2)c1,nonAC
CCCc1c2c(nc(nc2[nH]c1Sc3c(cccc3Cl)Cl)N)N,5.59,367.04252184000006,4.532800000000002,3,5,4,23,23,97.2935,93.61,0,c1ccc(Sc2cc3cncnc3[nH]2)cc1,AC
CC(C)c1c2c(nc(nc2[nH]c1Sc3ccc(c(c3)OC)OC)N)N,4.57,359.141595912,3.4140999999999995,3,7,5,25,25,100.47150000000003,112.07,0,c1ccc(Sc2cc3cncnc3[nH]2)cc1,AC
CC(C)c1c2c(nc(nc2[nH]c1Sc3ccc(cc3)OC)N)N,4.52,329.13103122800004,3.405500000000001,3,6,4,23,23,93.91950000000004,102.84,0,c1ccc(Sc2cc3cncnc3[nH]2)cc1,AC
CC(C)c1c2c(nc(nc2[nH]c1Sc3ccccc3)N)N,4.8,299.12046654400007,3.3969000000000005,3,5,3,21,21,87.36750000000002,93.61,0,c1ccc(Sc2cc3cncnc3[nH]2)cc1,AC
CCCc1c2c(nc(nc2[nH]c1Sc3cc(ccc3OC)OC)N)N,4.55,359.141595912,3.2432,3,7,6,25,25,100.37750000000004,112.07,0,c1ccc(Sc2cc3cncnc3[nH]2)cc1,AC
CCCc1c2c(nc(nc2[nH]c1Sc3ccccc3)N)N,4.48,299.12046654400007,3.226000000000001,3,5,4,21,21,87.27350000000003,93.61,0,c1ccc(Sc2cc3cncnc3[nH]2)cc1,AC
CCCc1c2c(nc(nc2[nH]c1Sc3c(cccc3C)C)N)N,5.52,327.15176667200006,3.8428400000000016,3,5,4,23,23,96.74750000000004,93.61,0,c1ccc(Sc2cc3cncnc3[nH]2)cc1,AC
CCc1c(c2c(=O)[nH]c(nc2s1)N)Sc3ccc(cc3)C(=O)NC(CCC(=O)O)C(=O)O,7.72,476.0824263599999,2.3282,5,8,9,32,32,120.35590000000003,175.46999999999997,0,O=c1[nH]cnc2scc(Sc3ccccc3)c12,AC
CCc1c(c2c(=O)[nH]c(nc2s1)N)Sc3ccccc3,5.59,303.050004036,3.280400000000001,2,5,3,20,20,84.5961,71.77,0,O=c1[nH]cnc2scc(Sc3ccccc3)c12,AC
CCc1c(c2c(=O)[nH]c(nc2s1)N)Sc3ccc(cc3)Cl,6.52,337.011031684,3.9338000000000015,2,5,3,21,21,89.6061,71.77,0,O=c1[nH]cnc2scc(Sc3ccccc3)c12,AC
CCc1c(c2c(=O)[nH]c(nc2s1)N)Sc3ccc(cc3)[N+](=O)[O-],6.59,348.035082244,3.188600000000001,2,7,4,23,23,91.25050000000002,114.91,0,O=c1[nH]cnc2scc(Sc3ccccc3)c12,AC
CCc1c(c2c(=O)[nH]c(nc2s1)N)Sc3cc(ccc3OC)OC,6.08,363.071133404,3.297600000000002,2,7,5,24,24,97.70010000000002,90.23,0,O=c1[nH]cnc2scc(Sc3ccccc3)c12,AC
CCc1c(c2c(=O)[nH]c(nc2s1)N)Sc3ccc(c(c3)Cl)Cl,6.54,370.972059332,4.587200000000002,2,5,3,22,22,94.6161,71.77,0,O=c1[nH]cnc2scc(Sc3ccccc3)c12,AC
CCc1c(c2c(=O)[nH]c(nc2s1)N)Sc3cc(cc(c3)Cl)Cl,6.55,370.972059332,4.587200000000001,2,5,3,22,22,94.6161,71.77,0,O=c1[nH]cnc2scc(Sc3ccccc3)c12,AC
CCc1c(c2c(=O)[nH]c(nc2s1)N)Sc3ccc4ccccc4c3,5.66,353.0656541,4.433600000000002,2,5,3,24,24,102.1021,71.77,0,O=c1[nH]cnc2scc(Sc3ccc4ccccc4c3)c12,nonAC
CCc1c(c2c(=O)[nH]c(nc2s1)N)Sc3ccncc3,6.46,304.045253004,2.6754000000000007,2,6,3,20,20,82.39110000000001,84.66,0,O=c1[nH]cnc2scc(Sc3ccncc3)c12,nonAC
CCc1c(c2c(=O)[nH]c(nc2s1)N)Sc3ccc(cc3)F,6.21,321.040582224,3.419500000000001,2,5,3,21,21,84.5541,71.77,0,O=c1[nH]cnc2scc(Sc3ccccc3)c12,AC
CCc1c(c2c(=O)[nH]c(nc2s1)N)Sc3ccc(cc3)Br,6.59,380.960516104,4.042900000000001,2,5,3,21,21,92.2961,71.77,0,O=c1[nH]cnc2scc(Sc3ccccc3)c12,AC
CCc1c(c2c(=O)[nH]c(nc2s1)N)Sc3cccc(c3)Cl,6.52,337.011031684,3.9338000000000015,2,5,3,21,21,89.60610000000001,71.77,0,O=c1[nH]cnc2scc(Sc3ccccc3)c12,AC
CCc1c(c2c(=O)[nH]c(nc2s1)N)Sc3cc(cc(c3)OC)OC,6.27,363.071133404,3.297600000000002,2,7,5,24,24,97.70010000000002,90.23,0,O=c1[nH]cnc2scc(Sc3ccccc3)c12,AC
CCc1c(c2c(=O)[nH]c(nc2s1)N)Sc3ccccc3Cl,6.22,337.011031684,3.9338000000000015,2,5,3,21,21,89.60610000000001,71.77,0,O=c1[nH]cnc2scc(Sc3ccccc3)c12,AC
CCC(C#Cc1c(nc(nc1N)N)C)c2cc(c(c(c2)OC)OC)OC,6.7,356.1848406279999,2.5205200000000003,2,7,5,26,26,101.60180000000004,105.51,0,C(#Cc1cncnc1)Cc1ccccc1,AC
Cc1c(c(nc(n1)N)N)C#CC(c2cc(c(c(c2)OC)OC)OC)C(C)C,6.54,370.200490692,2.7665200000000008,2,7,5,27,27,106.14880000000004,105.51,0,C(#Cc1cncnc1)Cc1ccccc1,AC
CCc1c(c(nc(n1)N)N)C#CC(C)c2cc(c(c(c2)OC)OC)OC,7.06,356.1848406279999,2.3844000000000003,2,7,5,26,26,101.62580000000004,105.51,0,C(#Cc1cncnc1)Cc1ccccc1,AC
Cc1c(c(nc(n1)N)N)C#CC(c2cc(ccc2OC)OC)O,5.92,314.137890436,1.0517199999999995,3,7,3,23,23,86.97760000000002,116.51,0,C(#Cc1cncnc1)Cc1ccccc1,AC
Cc1c(c(nc(n1)N)N)C#CC(c2cc(ccc2OC)OC)OC,7.22,328.1535405,1.7058199999999997,2,7,4,24,24,91.76780000000002,105.51,0,C(#Cc1cncnc1)Cc1ccccc1,AC
Cc1c(c(nc(n1)N)N)C#CC(C)c2cc(ccc2OC)OC,6.4,312.15862588,2.12182,2,6,3,23,23,90.43280000000004,96.28,0,C(#Cc1cncnc1)Cc1ccccc1,AC
Cc1c(c(nc(n1)N)N)C#CC(C)c2cc(cc(c2)OC)c3ccc(cc3)OC,6.75,388.189926008,3.788820000000003,2,6,4,29,29,115.8688,96.28,0,C(#Cc1cncnc1)Cc1cccc(-c2ccccc2)c1,nonAC
Cc1c(c(nc(n1)N)N)C#CC(c2cc(cc(c2)OC)c3ccccc3)O,5.64,360.15862588,2.710120000000001,3,6,3,27,27,105.8616,107.28,0,C(#Cc1cncnc1)Cc1cccc(-c2ccccc2)c1,nonAC
Cc1cccc(c1c2cc(cc(c2)OC)CC#Cc3c(nc(nc3N)N)C)C,5.8,372.19501138800007,3.8360600000000016,2,5,3,28,28,114.07980000000003,87.05,0,C(#Cc1cncnc1)Cc1cccc(-c2ccccc2)c1,nonAC
Cc1ccc(cc1)c2cc(cc(c2)OC)C(C)C#Cc3c(nc(nc3N)N)C,5.85,372.19501138800007,4.088640000000002,2,5,3,28,28,114.05380000000002,87.05,0,C(#Cc1cncnc1)Cc1cccc(-c2ccccc2)c1,nonAC
Cc1cc(cc(c1)c2cc(cc(c2)OC)C(C)C#Cc3c(nc(nc3N)N)C)C,6.13,386.21066145200007,4.397060000000002,2,5,3,29,29,118.79080000000005,87.05,0,C(#Cc1cncnc1)Cc1cccc(-c2ccccc2)c1,nonAC
Cc1c(c(nc(n1)N)N)C#CC(C)c2cc(cc(c2)OC)c3ccc(cc3)C(C)(C)C,6.68,414.24196158,5.077720000000005,2,5,3,31,31,128.01680000000002,87.05,0,C(#Cc1cncnc1)Cc1cccc(-c2ccccc2)c1,nonAC
CC(=Cc1coc2c1c(nc(n2)N)N)c3ccccc3OC,5.72,296.127325752,2.956300000000001,2,6,3,22,22,87.16780000000001,100.19,0,C(=Cc1coc2ncncc12)c1ccccc1,nonAC
COc1ccccc1C(Cc2coc3c2c(nc(n3)N)N)C4CC4,5.3,324.15862588,3.1321000000000003,2,6,5,24,24,92.79180000000002,100.19,0,c1ccc(C(Cc2coc3ncncc23)C2CC2)cc1,nonAC
CC(C)C(Cc1coc2c1c(nc(n2)N)N)c3ccccc3OC,5.29,326.174275944,3.3781000000000008,2,6,5,24,24,94.90580000000004,100.19,0,c1ccc(CCc2coc3ncncc23)cc1,AC
CC(C)C(=Cc1coc2c1c(nc(n2)N)N)c3ccccc3OC,5.2,324.15862588,3.5924000000000014,2,6,4,24,24,96.33180000000002,100.19,0,C(=Cc1coc2ncncc12)c1ccccc1,nonAC
CCC(C)C(=Cc1coc2c1c(nc(n2)N)N)c3ccccc3OC,5.06,338.174275944,3.9825000000000017,2,6,5,25,25,100.94880000000002,100.19,0,C(=Cc1coc2ncncc12)c1ccccc1,nonAC
COc1ccccc1C(=Cc2coc3c2c(nc(n3)N)N)C4CC4,4.99,322.142975816,3.346400000000001,2,6,4,24,24,94.2178,100.19,0,C(=C(c1ccccc1)C1CC1)c1coc2ncncc12,nonAC
CCCC(=Cc1coc2c1c(nc(n2)N)N)c3ccccc3OC,4.91,324.15862588,3.736500000000001,2,6,5,24,24,96.4018,100.19,0,C(=Cc1coc2ncncc12)c1ccccc1,nonAC
CC(=Cc1coc2c1c(nc(n2)N)N)c3ccccc3OC,4.79,296.127325752,2.956300000000001,2,6,3,22,22,87.16780000000001,100.19,0,C(=Cc1coc2ncncc12)c1ccccc1,nonAC
CCCC(Cc1coc2c1c(nc(n2)N)N)c3ccccc3OC,4.59,326.174275944,3.5222000000000016,2,6,6,24,24,94.97580000000002,100.19,0,c1ccc(CCc2coc3ncncc23)cc1,AC
CCCCC(=Cc1coc2c1c(nc(n2)N)N)c3ccccc3OC,4.48,338.174275944,4.1266000000000025,2,6,6,25,25,101.0188,100.19,0,C(=Cc1coc2ncncc12)c1ccccc1,nonAC
CCC(C)C(Cc1coc2c1c(nc(n2)N)N)c3ccccc3OC,4.38,340.189926008,3.768200000000001,2,6,6,25,25,99.52280000000005,100.19,0,c1ccc(CCc2coc3ncncc23)cc1,AC
CC(C)CC(Cc1coc2c1c(nc(n2)N)N)c3ccccc3OC,4.2,340.189926008,3.768200000000001,2,6,6,25,25,99.52280000000005,100.19,0,c1ccc(CCc2coc3ncncc23)cc1,AC
CC(C)CC(=Cc1coc2c1c(nc(n2)N)N)c3ccccc3OC,4.06,338.174275944,3.9825000000000017,2,6,5,25,25,100.94880000000002,100.19,0,C(=Cc1coc2ncncc12)c1ccccc1,nonAC
CCCCC(Cc1coc2c1c(nc(n2)N)N)c3ccccc3OC,4.03,340.189926008,3.912300000000002,2,6,7,25,25,99.59280000000004,100.19,0,c1ccc(CCc2coc3ncncc23)cc1,AC
Cc1c2c(nc(nc2oc1Sc3ccc(cc3)C(=O)NC(CCC(=O)O)C(=O)O)N)N,5.4,445.105604328,1.8946199999999995,5,9,8,31,31,111.69060000000005,194.66000000000005,0,c1ccc(Sc2cc3cncnc3o2)cc1,nonAC
CC(=Cc1coc2c1c(nc(n2)N)N)c3cccc4c3cccc4,5.0,316.132411132,4.100900000000001,2,5,2,24,24,98.1218,90.96,0,C(=Cc1coc2ncncc12)c1cccc2ccccc12,nonAC
C=CCSc1nc2ccc(cc2c(=O)n1Cc3ccccc3)NCC=Cc4ccccc4,5.52,439.17183342,5.848200000000005,1,5,9,32,32,136.4336999999999,46.92,0,O=c1c2cc(NCC=Cc3ccccc3)ccc2ncn1Cc1ccccc1,nonAC
CSc1nc2ccc(cc2c(=O)n1Cc3ccccc3)NCC=Cc4ccccc4,5.7,413.156183356,5.292000000000004,1,5,7,30,30,127.29370000000004,46.92,0,O=c1c2cc(NCC=Cc3ccccc3)ccc2ncn1Cc1ccccc1,nonAC
CN(CC=C)c1ccc2c(c1)c(=O)n(c(n2)SC)Cc3ccccc3,5.7,351.140533292,3.7889000000000026,0,5,6,25,25,106.79500000000002,38.13,0,O=c1c2ccccc2ncn1Cc1ccccc1,nonAC
C=CCN(CC=C)c1ccc2c(c1)c(=O)n(c(n2)SCC=C)Cc3ccccc3,6.05,403.17183342,4.901300000000004,0,5,10,29,29,125.07500000000005,38.13,0,O=c1c2ccccc2ncn1Cc1ccccc1,nonAC
C=CCNc1ccc2c(c1)c(=O)n(c(n2)SCC=C)Cc3ccccc3,6.0,363.140533292,4.320800000000003,1,5,8,26,26,111.1547,46.92,0,O=c1c2ccccc2ncn1Cc1ccccc1,nonAC
CSc1nc2ccc(cc2c(=O)n1Cc3ccccc3)N(CC=C)CC=C,6.0,377.156183356,4.345100000000004,0,5,8,27,27,115.93500000000007,38.13,0,O=c1c2ccccc2ncn1Cc1ccccc1,nonAC
CSc1nc2ccc(cc2c(=O)n1Cc3ccccc3)NCC=C,6.1,337.12488322800004,3.7646000000000015,1,5,6,24,24,102.01470000000003,46.92,0,O=c1c2ccccc2ncn1Cc1ccccc1,nonAC
C=CCSc1nc2ccc(cc2c(=O)n1Cc3ccccc3)NC(=O)C=Cc4ccccc4,6.3,453.151097976,5.374800000000004,1,5,8,33,33,136.57369999999992,63.99,0,O=C(C=Cc1ccccc1)Nc1ccc2ncn(Cc3ccccc3)c(=O)c2c1,nonAC
CSc1nc2ccc(cc2c(=O)n1Cc3ccccc3)NC(=O)C=Cc4ccccc4,6.0,427.135447912,4.818600000000004,1,5,6,31,31,127.43370000000002,63.99,0,O=C(C=Cc1ccccc1)Nc1ccc2ncn(Cc3ccccc3)c(=O)c2c1,nonAC
C=CC(=O)Nc1ccc2c(c1)c(=O)n(c(n2)SCC=Cc3ccccc3)Cc4ccccc4,5.7,453.151097976,5.374800000000004,1,5,8,33,33,136.57369999999986,63.99,0,O=c1c2ccccc2nc(SCC=Cc2ccccc2)n1Cc1ccccc1,nonAC
Cc1ccc2c(c1)c(=O)n(c(=S)n2C(C=Cc3ccccc3)O)Cc4ccccc4,5.52,414.140198944,5.0935100000000055,1,5,5,30,30,124.0448,47.16,0,O=c1c2ccccc2n(CC=Cc2ccccc2)c(=S)n1Cc1ccccc1,nonAC
CC(=O)NS(=O)(=O)c1ccc(cc1)N,4.75,214.04121318,0.0936,2,4,2,14,14,51.85690000000002,89.26,0,c1ccccc1,nonAC
c1ccc(cc1)Cn2c(=O)c3cc(ccc3nc2SCC=Cc4ccccc4)N,5.22,399.140533292,4.832500000000004,1,5,6,29,29,122.1594,60.91,0,O=c1c2ccccc2nc(SCC=Cc2ccccc2)n1Cc1ccccc1,nonAC
C=CCSc1nc2ccc(cc2c(=O)n1Cc3ccccc3)N,5.3,323.10923316400005,3.3051000000000013,1,5,5,23,23,96.8804,60.91,0,O=c1c2ccccc2ncn1Cc1ccccc1,nonAC
c1ccc(cc1)Cn2c(=O)c3cc(ccc3nc2SCC=Cc4ccccc4)[N+](=O)[O-],5.52,429.114712468,5.1585000000000045,0,6,7,31,31,124.40140000000002,78.03,0,O=c1c2ccccc2nc(SCC=Cc2ccccc2)n1Cc1ccccc1,nonAC
Cc1ccc2c(c1)c(=O)n(c(n2)SCC=Cc3ccccc3)Cc4ccccc4,6.0,398.145284324,5.5587200000000045,0,4,6,29,29,122.484,34.89,0,O=c1c2ccccc2nc(SCC=Cc2ccccc2)n1Cc1ccccc1,nonAC
C=CCSc1nc2ccc(cc2c(=O)n1Cc3ccccc3)[N+](=O)[O-],5.7,353.08341234,3.631100000000002,0,6,6,25,25,99.12240000000004,78.03,0,O=c1c2ccccc2ncn1Cc1ccccc1,nonAC
Cc1ccc2c(c1)c(=O)n(c(n2)SCC=C)Cc3ccccc3,5.4,322.113984196,4.031320000000003,0,4,5,23,23,97.205,34.89,0,O=c1c2ccccc2ncn1Cc1ccccc1,nonAC
COc1ccc(cc1OC)NCc2ccc3c(c2)c(nc(n3)N)N,7.07,325.1538748480001,2.4235,3,7,5,24,24,95.23550000000002,108.31,0,c1ccc(NCc2ccc3ncncc3c2)cc1,AC
CCOC(=O)CCCOc1cc(ccc1OC)NCc2ccc3c(c2)c(nc(n3)N)N,7.17,425.2063043440001,3.137,3,9,10,31,31,120.04550000000005,134.61,0,c1ccc(NCc2ccc3ncncc3c2)cc1,AC
COc1ccc(cc1OCCCCC(=O)OC)NCc2ccc3c(c2)c(nc(n3)N)N,7.03,425.2063043440001,3.137,3,9,10,31,31,120.04550000000005,134.61,0,c1ccc(NCc2ccc3ncncc3c2)cc1,AC
COc1ccc(cc1OCc2ccc(cc2)C(=O)OC)NCc3ccc4c(c3)c(nc(n4)N)N,6.76,459.19065428000016,3.7805,3,9,8,34,34,130.79700000000008,134.61,0,c1ccc(COc2cccc(NCc3ccc4ncncc4c3)c2)cc1,nonAC
CCCN(Cc1ccc2c(c1)c(nc(n2)N)N)c3ccc(c(c3)OCCCCC(=O)OC)OC,5.87,467.2532545359999,3.941500000000003,2,9,12,34,34,134.05979999999997,125.82000000000002,0,c1ccc(NCc2ccc3ncncc3c2)cc1,AC
COc1ccc(cc1OCCCC(=O)O)NCc2ccc3c(c2)c(nc(n3)N)N,6.45,397.1750042160001,2.6585,4,8,9,29,29,111.04830000000004,145.61,0,c1ccc(NCc2ccc3ncncc3c2)cc1,AC
c1cc(c2c(c1)sc3c2c(=O)[nH]c(n3)N)CNc4ccc(cc4)C(=O)NC(CCC(=O)O)C(=O)O,7.05,495.1212543919999,2.3799,6,8,9,35,35,131.68760000000003,187.5,0,O=c1[nH]cnc2sc3cccc(CNc4ccccc4)c3c12,nonAC
CC1(N=C(N=C(N1Cc2ccc(cc2)F)N)N)C,4.66,249.138973732,1.0068000000000004,2,5,2,18,18,69.26680000000002,80.0,0,C1=NC=NCN1Cc1ccccc1,nonAC
CC1(N=C(N=C(N1OCc2ccccc2)N)N)C,6.765,247.143310164,0.7993000000000001,2,6,3,18,18,70.39380000000003,89.22999999999999,0,C1=NC=NCN1OCc1ccccc1,nonAC
CCC1(N=C(N=C(N1OCc2ccccc2)N)N)C,6.81,261.158960228,1.1894,2,6,4,19,19,75.01080000000003,89.22999999999999,0,C1=NC=NCN1OCc1ccccc1,nonAC
c1ccc(cc1)CON2C(N=C(N=C2N)N)C3CC3,6.26,259.143310164,0.7993000000000001,2,6,4,19,19,72.82680000000002,89.22999999999999,0,C1=NC=NC(C2CC2)N1OCc1ccccc1,nonAC
c1ccc(cc1)CON2C(=NC(=NC23CCC3)N)N,6.87,259.143310164,0.9434000000000002,2,6,3,19,19,72.89680000000001,89.22999999999999,0,C1=NC=NC2(CCC2)N1OCc1ccccc1,nonAC
c1ccc(cc1)CON2C(=NC(=NC23CCCC3)N)N,6.76,273.158960228,1.3335,2,6,3,20,20,77.51380000000002,89.22999999999999,0,C1=NC=NC2(CCCC2)N1OCc1ccccc1,nonAC
c1ccc(cc1)CON2C(=NC(=NC23CCCCC3)N)N,5.75,287.174610292,1.7236,2,6,3,21,21,82.13080000000002,89.22999999999999,0,C1=NC=NC2(CCCCC2)N1OCc1ccccc1,nonAC
c1ccc(cc1)CON2C(=NC(=NC23CCCCCC3)N)N,5.27,301.19026035600007,2.1137,2,6,3,22,22,86.74780000000003,89.22999999999999,0,C1=NC=NC2(CCCCCC2)N1OCc1ccccc1,nonAC
COc1cc(cc2c1OCCN2)Cc3cnc(nc3N)N,6.47,287.13822478400004,1.0446999999999995,3,7,3,21,21,80.64150000000001,108.31,0,c1ncc(Cc2ccc3c(c2)NCCO3)cn1,nonAC
c1cc(ccc1C(=O)NC(CCC(=O)O)C(=O)O)N2CC3CCc4c(c(nc(n4)N)N)N3C2,6.1,455.1917169000001,0.2877000000000018,5,9,7,33,33,119.85960000000004,188.00000000000003,0,c1ccc(N2CC3CCc4ncncc4N3C2)cc1,nonAC
c1cc(ccc1C(=O)NC(CCC(=O)O)C(=O)O)NCc2ccc3c(n2)c(nc(n3)N)N,7.75,439.1604167720001,0.8491000000000009,6,9,9,32,32,115.68630000000005,206.44,0,c1ccc(NCc2ccc3ncncc3n2)cc1,nonAC
CN(CC1CCc2c(c(nc(n2)N)N)N1)c3ccc(cc3)C(=O)NC(CCC(=O)O)C(=O)O,7.48,457.2073669639999,0.5519000000000004,6,9,9,33,33,122.06030000000008,196.79,0,c1ccc(NCC2CCc3ncncc3N2)cc1,nonAC
CN(CC1CCc2c(c(nc(n2)N)N)N1C=O)c3ccc(cc3)C(=O)NC(CCC(=O)O)C(=O)O,7.5,485.2022815839999,0.1028000000000014,5,9,10,35,35,126.98060000000008,205.07,0,c1ccc(NCC2CCc3ncncc3N2)cc1,nonAC
CN(CC1CCc2c(c(nc(n2)N)N)N1CC=C)c3ccc(cc3)C(=O)NC(CCC(=O)O)C(=O)O,6.38,497.2386670919999,1.132400000000001,5,9,11,36,36,135.9806,188.0,0,c1ccc(NCC2CCc3ncncc3N2)cc1,nonAC
CC(=O)N(CC1CCc2c(c(nc(n2)N)N)N1)c3ccc(cc3)C(=O)NC(CCC(=O)O)C(=O)O,7.48,485.2022815839999,0.4686000000000009,6,9,9,35,35,126.81730000000006,213.86,0,c1ccc(NCC2CCc3ncncc3N2)cc1,nonAC
CCOC(=O)C1=C(NC(=NC1c2ccccc2)SC(=Cc3ccc(cc3)OC)C(=O)OCC)C,8.0,480.171892996,4.8700000000000045,1,8,8,34,34,134.28169999999994,86.22000000000001,0,C1=CC(c2ccccc2)N=C(SC=Cc2ccccc2)N1,nonAC
CCOC(=O)CSC1=NC(C(=C(N1)C)C(=O)OCC)c2ccccc2OC,5.14,392.140592868,2.828900000000001,1,8,7,27,27,104.72970000000004,86.22,0,C1=CC(c2ccccc2)N=CN1,nonAC
CCOC(=O)CSC1=NC(C(=C(N1)C)C(=O)OCC)c2ccccc2,6.08,362.130028184,2.8203000000000014,1,7,6,25,25,98.17770000000004,76.99,0,C1=CC(c2ccccc2)N=CN1,nonAC
CCOC(=O)C1=C(N=C(NC1c2ccccc2)SCC(=O)c3ccc(c(c3)[N+](=O)[O-])Cl)C,5.52,473.08121942,4.701700000000004,1,8,7,32,32,123.98160000000004,110.9,0,O=C(CSC1=NC=CC(c2ccccc2)N1)c1ccccc1,nonAC
CCOC(=O)C1=C(N=C(NC1c2ccccc2OC)SCCC(=O)O)C,8.05,378.124942804,2.740500000000001,2,7,7,26,26,100.34950000000008,97.22,0,C1=CC(c2ccccc2)NC=N1,nonAC
CC1=C(C(NC(=N1)SCCC(=O)O)c2cccc(c2)O)C(=O)C,7.03,334.098728056,2.4634,3,6,5,23,23,89.51030000000004,98.99,0,C1=CC(c2ccccc2)NC=N1,nonAC
CC1=C(C(NC(=N1)SCCC(=O)O)c2ccccc2)C(=O)C,8.89,318.103813436,2.7578000000000014,2,5,5,22,22,87.84550000000004,78.75999999999999,0,C1=CC(c2ccccc2)NC=N1,nonAC
CCOC(=O)C1=C(NC(=S)NC1C=Cc2ccccc2)C,5.54,302.108898816,2.3832000000000004,2,3,4,21,21,87.46640000000004,50.36,0,S=C1NC=CC(C=Cc2ccccc2)N1,nonAC
CCOC(=O)C1=C(NC(=S)NC1c2ccccc2OC)C,5.72,306.103813436,2.0511,2,4,4,21,21,83.93740000000004,59.59,0,S=C1NC=CC(c2ccccc2)N1,nonAC
CCOC(=O)C1=C(NC(=S)NC1c2ccccc2)C,6.24,276.093248752,2.0425,2,3,3,19,19,77.38540000000003,50.36,0,S=C1NC=CC(c2ccccc2)N1,nonAC
CC1=C(C(NC(=S)N1)c2cccc(c2)O)C(=O)C,5.03,262.077598688,1.7739999999999998,3,3,2,18,18,73.09820000000002,61.36,0,S=C1NC=CC(c2ccccc2)N1,nonAC
Cc1c(c(nc(n1)N)N)C#CC(C)(C)c2cc(c(c(c2)OC)OC)OC,6.54,356.1848406279999,2.30452,2,7,4,26,26,101.59580000000004,105.51,0,C(#Cc1cncnc1)Cc1ccccc1,AC
CCc1c(c(nc(n1)N)N)C#CC(C)c2cc(cc(c2)OC)c3ccc4c(c3)OCCO4,6.59,430.2004906919999,3.8054000000000014,2,7,4,32,32,124.9478,105.51,0,C(#Cc1cncnc1)Cc1cccc(-c2ccc3c(c2)OCCO3)c1,nonAC
CCc1c(c(nc(n1)N)N)C#CCc2cc(cc(c2)OC)c3ccc4c(c3)OCCO4,6.85,416.184840628,3.244400000000001,2,7,4,31,31,120.23680000000002,105.51,0,C(#Cc1cncnc1)Cc1cccc(-c2ccc3c(c2)OCCO3)c1,nonAC
CCc1c(c(nc(n1)N)N)C#CC(C)c2cc(cc(c2)OC)c3cccc4c3ccnc4,7.35,423.20591042,4.5824000000000025,2,6,4,32,32,129.25879999999998,99.94,0,C(#Cc1cncnc1)Cc1cccc(-c2cccc3cnccc23)c1,nonAC
CCc1c(c(nc(n1)N)N)C#CCc2cc(cc(c2)OC)c3cccc4c3ccnc4,7.22,409.19026035600007,4.0214000000000025,2,6,4,31,31,124.5478,99.94,0,C(#Cc1cncnc1)Cc1cccc(-c2cccc3cnccc23)c1,nonAC
CCc1c(c(nc(n1)N)N)C#CC(C)c2cc(cc(c2)OC)c3ccncc3,5.89,373.190260356,3.4292000000000025,2,6,4,28,28,111.7528,99.94,0,C(#Cc1cncnc1)Cc1cccc(-c2ccncc2)c1,nonAC
Cc1c(c(nc(n1)N)N)C#CC(C)c2cc(cc(c2)OC)c3ccncc3,5.82,359.17461029200007,3.175220000000002,2,6,3,27,27,107.1118,99.94,0,C(#Cc1cncnc1)Cc1cccc(-c2ccncc2)c1,nonAC
CCc1c(c(nc(n1)N)N)C#CC(C)c2cc(cc(c2)OC)N3CCOCC3,6.6,381.216475104,2.2038,2,7,4,28,28,111.55380000000004,99.52,0,C(#Cc1cncnc1)Cc1cccc(N2CCOCC2)c1,nonAC
Cc1c(c(nc(n1)N)N)C#CC(C)c2cc(cc(c2)OC)N3CCOCC3,6.4,367.20082504,1.94982,2,7,3,27,27,106.91280000000005,99.52,0,C(#Cc1cncnc1)Cc1cccc(N2CCOCC2)c1,nonAC
CN(c1cc(c(c(c1)F)F)F)c2cc3c(nc(nc3nc2)N)N,6.82,320.09972901200007,2.3744,2,6,2,23,23,80.53680000000001,93.95,0,c1ccc(Nc2cnc3ncncc3c2)cc1,AC
CN(c1cc2c(nc(nc2nc1)N)N)c3cc(ccc3F)F,7.34,302.109150824,2.2353,2,6,2,22,22,80.57880000000002,93.95,0,c1ccc(Nc2cnc3ncncc3c2)cc1,AC
CN(c1cccc2c1cccc2)c3cc4c(nc(nc4nc3)N)N,8.25,316.14364451200004,3.1103,2,6,2,24,24,98.16880000000002,93.95,0,c1ccc2c(Nc3cnc4ncncc4c3)cccc2c1,AC
CN(c1ccc(cc1)[N+](=O)[O-])c2cc3c(nc(nc3nc2)N)N,6.47,311.1130726560001,1.8652999999999995,2,8,3,23,23,87.3172,137.09,0,c1ccc(Nc2cnc3ncncc3c2)cc1,AC
CC(C)c1ccc(cc1)N(C)c2cc3c(nc(nc3nc2)N)N,7.28,308.17494464000004,3.0805,2,6,3,23,23,94.75180000000002,93.95,0,c1ccc(Nc2cnc3ncncc3c2)cc1,AC
Cc1ccc(cc1)N(C)c2cc3c(nc(nc3nc2)N)N,7.5,280.143644512,2.2655199999999995,2,6,2,21,21,85.39980000000003,93.95,0,c1ccc(Nc2cnc3ncncc3c2)cc1,AC
CN(c1cc(c(c(c1)OC)OC)OC)c2cc3c(nc(nc3nc2)N)N,8.34,356.1596885000001,1.9828999999999992,2,9,5,26,26,100.31880000000002,121.64,0,c1ccc(Nc2cnc3ncncc3c2)cc1,AC
CN(c1cc2c(nc(nc2nc1)N)N)c3cc(ccc3OC)OC,8.33,326.1491238159999,1.9743,2,8,4,24,24,93.76680000000002,112.41,0,c1ccc(Nc2cnc3ncncc3c2)cc1,AC
CN(c1ccccc1OC)c2cc3c(nc(nc3nc2)N)N,7.85,296.138559132,1.9657,2,7,3,22,22,87.21480000000001,103.18,0,c1ccc(Nc2cnc3ncncc3c2)cc1,AC
CN(c1ccc(cc1)OC)c2cc3c(nc(nc3nc2)N)N,7.92,296.138559132,1.9657,2,7,3,22,22,87.21480000000001,103.18,0,c1ccc(Nc2cnc3ncncc3c2)cc1,AC
CN(c1ccccc1)c2cc3c(nc(nc3nc2)N)N,7.24,266.127994448,1.9571,2,6,2,20,20,80.66280000000002,93.95,0,c1ccc(Nc2cnc3ncncc3c2)cc1,AC
c1c(cc(c(c1F)F)F)Nc2cc3c(nc(nc3nc2)N)N,5.51,306.08407894800007,2.3501,3,6,2,22,22,75.7565,102.74,0,c1ccc(Nc2cnc3ncncc3c2)cc1,AC
c1cc(c(cc1F)Nc2cc3c(nc(nc3nc2)N)N)F,6.35,288.09350076,2.211,3,6,2,21,21,75.79850000000002,102.74,0,c1ccc(Nc2cnc3ncncc3c2)cc1,AC
c1ccc2c(c1)cccc2Nc3cc4c(nc(nc4nc3)N)N,5.68,302.12799444800004,3.0859999999999994,3,6,2,23,23,93.3885,102.74,0,c1ccc2c(Nc3cnc4ncncc4c3)cccc2c1,AC
c1cc(ccc1Nc2cc3c(nc(nc3nc2)N)N)[N+](=O)[O-],5.14,297.097422592,1.8409999999999995,3,8,3,22,22,82.53690000000002,145.88,0,c1ccc(Nc2cnc3ncncc3c2)cc1,AC
c1ccc2cc(ccc2c1)Nc3cc4c(nc(nc4nc3)N)N,5.66,302.12799444800004,3.0859999999999994,3,6,2,23,23,93.3885,102.74,0,c1ccc2cc(Nc3cnc4ncncc4c3)ccc2c1,nonAC
CC(C)c1ccc(cc1)Nc2cc3c(nc(nc3nc2)N)N,5.23,294.15929457600004,3.0562,3,6,3,22,22,89.9715,102.74,0,c1ccc(Nc2cnc3ncncc3c2)cc1,AC
Cc1ccc(cc1)Nc2cc3c(nc(nc3nc2)N)N,5.68,266.127994448,2.24122,3,6,2,20,20,80.61950000000002,102.74,0,c1ccc(Nc2cnc3ncncc3c2)cc1,AC
COc1cc(cc(c1OC)OC)Nc2cc3c(nc(nc3nc2)N)N,5.41,342.1440384360001,1.9586,3,9,5,25,25,95.5385,130.43,0,c1ccc(Nc2cnc3ncncc3c2)cc1,AC
COc1ccc(c(c1)Nc2cc3c(nc(nc3nc2)N)N)OC,6.0,312.133473752,1.9499999999999995,3,8,4,23,23,88.98650000000002,121.2,0,c1ccc(Nc2cnc3ncncc3c2)cc1,AC
COc1ccccc1Nc2cc3c(nc(nc3nc2)N)N,6.6,282.122909068,1.9414,3,7,3,21,21,82.43450000000001,111.97,0,c1ccc(Nc2cnc3ncncc3c2)cc1,AC
COc1ccc(cc1)Nc2cc3c(nc(nc3nc2)N)N,5.44,282.122909068,1.9414,3,7,3,21,21,82.43450000000001,111.97,0,c1ccc(Nc2cnc3ncncc3c2)cc1,AC
c1ccc(cc1)Nc2cc3c(nc(nc3nc2)N)N,6.72,252.112344384,1.9327999999999992,3,6,2,19,19,75.8825,102.74,0,c1ccc(Nc2cnc3ncncc3c2)cc1,AC
c1cc(ccc1N2CCN(CC2)C(=S)SCc3ccc4c(c3)c(nc(n4)N)N)[N+](=O)[O-],5.79,455.1198149120001,3.0427,2,9,4,31,31,129.13820000000004,127.44,0,S=C(SCc1ccc2ncncc2c1)N1CCN(c2ccccc2)CC1,nonAC
c1cc(ccc1N2CCN(CC2)C(=S)SCc3ccc4c(c3)c(nc(n4)N)N)F,5.68,428.1253148920001,3.2736,2,7,3,29,29,122.4418,84.3,0,S=C(SCc1ccc2ncncc2c1)N1CCN(c2ccccc2)CC1,nonAC
COc1ccc(cc1)N2CCN(CC2)C(=S)SCc3ccc4c(c3)c(nc(n4)N)N,5.23,440.1453013880001,3.1431000000000004,2,8,4,30,30,129.03580000000005,93.53,0,S=C(SCc1ccc2ncncc2c1)N1CCN(c2ccccc2)CC1,nonAC
c1ccc(cc1)Cc2cn3cccc(c3nc2=O)N,5.06,251.105862036,1.8674999999999995,1,4,2,19,19,75.12240000000003,60.39,0,O=c1nc2ccccn2cc1Cc1ccccc1,nonAC
c1ccn2cc(c(=O)nc2c1)Cc3ccc(cc3C(F)(F)F)F,5.51,322.07292582,3.443200000000002,0,3,2,23,23,75.67000000000002,34.370000000000005,0,O=c1nc2ccccn2cc1Cc1ccccc1,nonAC
c1ccc(cc1)C2=Nc3c(=O)[nH]c(nc3OC2)N,4.24,242.08037556,0.8653,2,5,1,18,18,67.40410000000001,93.36,0,O=c1[nH]cnc2c1N=C(c1ccccc1)CO2,nonAC
c1ccc(cc1)CC2=Nc3c(=O)[nH]c(nc3OC2)N,4.55,256.096025624,1.0597,2,5,2,19,19,72.00610000000002,93.36,0,O=c1[nH]cnc2c1N=C(Cc1ccccc1)CO2,nonAC
c1ccc(cc1)CCC2=Nc3c(=O)[nH]c(nc3OC2)N,5.52,270.111675688,1.4498,2,5,3,20,20,76.62310000000001,93.36,0,O=c1[nH]cnc2c1N=C(CCc1ccccc1)CO2,nonAC
c1ccc(cc1)CCCC2=Nc3c(=O)[nH]c(nc3OC2)N,5.16,284.127325752,1.8399,2,5,4,21,21,81.24010000000003,93.36,0,O=c1[nH]cnc2c1N=C(CCCc1ccccc1)CO2,nonAC
c1ccc(cc1)CCCCC2=Nc3c(=O)[nH]c(nc3OC2)N,5.1,298.142975816,2.23,2,5,5,22,22,85.85710000000003,93.36,0,O=c1[nH]cnc2c1N=C(CCCCc1ccccc1)CO2,nonAC
CCCCCC1=Nc2c(=O)[nH]c(nc2OC1)N,4.96,236.127325752,1.3972999999999998,2,5,4,17,17,66.00210000000001,93.36,0,O=c1[nH]cnc2c1N=CCO2,nonAC
Cc1c(c(nc(n1)N)N)C#CC(C)c2ccc(cc2OC)c3ccccc3,6.16,358.179361324,3.7802200000000026,2,5,3,27,27,109.3168,87.05,0,C(#Cc1cncnc1)Cc1ccc(-c2ccccc2)cc1,nonAC
Cc1c(c(nc(n1)N)N)C#CC(C)c2cc(c(cc2OC)c3ccccc3)OC,6.5,388.189926008,3.788820000000003,2,6,4,29,29,115.8688,96.28,0,C(#Cc1cncnc1)Cc1ccc(-c2ccccc2)cc1,nonAC
CCc1c(c(nc(n1)N)N)C#CC(C)c2ccc(cc2OC)c3ccccc3,6.76,372.195011388,4.034200000000003,2,5,4,28,28,113.9578,87.05,0,C(#Cc1cncnc1)Cc1ccc(-c2ccccc2)cc1,nonAC
CCc1c(c(nc(n1)N)N)C#CC(C)c2ccc(cc2OC)c3ccncc3,6.9,373.190260356,3.4292000000000025,2,6,4,28,28,111.7528,99.94,0,C(#Cc1cncnc1)Cc1ccc(-c2ccncc2)cc1,nonAC
CCc1c(c(nc(n1)N)N)C#CC(C)c2ccc(cc2OC)c3ccc(cc3)O,6.87,388.18992600799993,3.739800000000003,3,6,4,29,29,115.6226,107.28,0,C(#Cc1cncnc1)Cc1ccc(-c2ccccc2)cc1,nonAC
CCc1c(c(nc(n1)N)N)C#CC(C)c2ccc(cc2OC)c3ccc(cc3)C,6.68,386.210661452,4.342620000000004,2,5,4,29,29,118.6948,87.05,0,C(#Cc1cncnc1)Cc1ccc(-c2ccccc2)cc1,nonAC
CCc1c(c(nc(n1)N)N)C#CC(C)c2ccc(cc2OC)c3ccc(cc3)C#N,6.32,397.190260356,3.9058800000000025,2,6,4,30,30,118.6728,110.84,0,C(#Cc1cncnc1)Cc1ccc(-c2ccccc2)cc1,nonAC
CCc1c(c(nc(n1)N)N)C#CC(C)c2ccc(cc2OC)c3ccc(cc3)OC(=O)N,6.77,431.19573966,3.4917000000000016,3,7,5,32,32,124.1692,139.37,0,C(#Cc1cncnc1)Cc1ccc(-c2ccccc2)cc1,nonAC
CCc1c(c(nc(n1)N)N)C#CC(C)c2ccc(cc2OC)c3ccc(cc3)C(=O)OC,7.31,430.2004906919999,3.820800000000003,2,7,5,32,32,125.29730000000002,113.35,0,C(#Cc1cncnc1)Cc1ccc(-c2ccccc2)cc1,nonAC
CCc1c(c(nc(n1)N)N)C#CC(C)c2ccc(cc2OC)c3ccc(cc3)N(C)C,6.83,415.237210548,4.100200000000004,2,6,5,31,31,128.28480000000002,90.29,0,C(#Cc1cncnc1)Cc1ccc(-c2ccccc2)cc1,nonAC
CCc1c(c(nc(n1)N)N)C#CC(C)c2ccc(cc2OC)c3ccc(cc3)F,6.83,390.185589576,4.173300000000003,2,5,4,29,29,113.91580000000002,87.05,0,C(#Cc1cncnc1)Cc1ccc(-c2ccccc2)cc1,nonAC
CCc1c(c(nc(n1)N)N)C#CC(C)c2ccc(cc2)c3ccccc3,6.76,342.184446704,4.0256000000000025,2,4,3,26,26,107.4058,77.82,0,C(#Cc1cncnc1)Cc1ccc(-c2ccccc2)cc1,nonAC
CCc1c(c(nc(n1)N)N)C#CC(C)c2ccc(nc2)c3ccccc3,6.16,343.179695672,3.420600000000002,2,5,3,26,26,105.2008,90.71,0,C(#Cc1cncnc1)Cc1ccc(-c2ccccc2)nc1,nonAC
CCc1c(c(nc(n1)N)N)C#CC(C)c2ccc(nc2)c3ccc(cc3)C,6.2,357.195345736,3.729020000000003,2,5,3,27,27,109.9378,90.71,0,C(#Cc1cncnc1)Cc1ccc(-c2ccccc2)nc1,nonAC
CCc1c(c(nc(n1)N)N)C#CC(C)c2cnc(nc2)c3ccccc3,6.75,344.17494464,2.8156000000000008,2,6,3,26,26,102.9958,103.6,0,C(#Cc1cncnc1)Cc1cnc(-c2ccccc2)nc1,nonAC
c1cc(ccc1Cc2c[nH]c3c2c(=O)[nH]c(n3)N)C(=O)NC(CCC(=O)O)C(=O)O,6.19,413.133533328,0.4720000000000005,6,6,8,30,30,106.13460000000003,191.26,0,O=c1[nH]cnc2[nH]cc(Cc3ccccc3)c12,nonAC
Cc1nc(c2c(n1)C(=Cc3ccc(c(c3)OC)OC)CCC2)c4ccc(c(c4)OC)OC,7.0,432.204907376,5.363320000000005,0,6,6,32,32,125.66400000000004,62.70000000000002,0,C(=C1CCCc2c1ncnc2-c1ccccc1)c1ccccc1,AC
Cc1nc(c2c(n1)C(=Cc3cc(c(c(c3)OC)OC)OC)CCC2)c4cc(c(c(c4)OC)OC)OC,6.3,492.226036744,5.380520000000005,0,8,8,36,36,138.76799999999992,81.16000000000003,0,C(=C1CCCc2c1ncnc2-c1ccccc1)c1ccccc1,AC
COc1ccc(cc1OC)C=C2CCCc3c2nc(nc3c4ccc(c(c4)OC)OC)N,4.85,433.200156344,4.637100000000004,1,7,6,32,32,125.3394,88.72,0,C(=C1CCCc2c1ncnc2-c1ccccc1)c1ccccc1,AC
COc1cc(cc(c1OC)OC)C=C2CCCc3c2nc(nc3c4cc(c(c(c4)OC)OC)OC)N,4.85,493.221285712,4.654300000000004,1,9,8,36,36,138.44339999999994,107.18,0,C(=C1CCCc2c1ncnc2-c1ccccc1)c1ccccc1,AC
Cc1ccccc1c2ccc(c(c2)OC)C(C)C#Cc3c(nc(nc3N)N)C,5.56,372.19501138800007,4.088640000000002,2,5,3,28,28,114.05380000000002,87.05,0,C(#Cc1cncnc1)Cc1ccc(-c2ccccc2)cc1,nonAC
CCc1c(c(nc(n1)N)N)C#CCc2cc(cc(c2)OC)c3ccccc3,6.85,358.179361324,3.473200000000002,2,5,4,27,27,109.2468,87.05,0,C(#Cc1cncnc1)Cc1cccc(-c2ccccc2)c1,nonAC
CCc1c(c(nc(n1)N)N)C#CCc2cccc(c2)c3cncnc3,6.8,330.15929457600004,2.2546,2,6,3,25,25,98.2848,103.6,0,C(#Cc1cncnc1)Cc1cccc(-c2cncnc2)c1,nonAC
CCc1c(c(nc(n1)N)N)C#CCc2cc(ccc2OC)c3ccncc3,6.48,359.17461029200007,2.8682000000000007,2,6,4,27,27,107.0418,99.94,0,C(#Cc1cncnc1)Cc1cccc(-c2ccncc2)c1,nonAC
CCc1c(c(nc(n1)N)N)C#CC(C)c2cc(ccc2OC)c3ccccc3,7.0,372.195011388,4.034200000000003,2,5,4,28,28,113.9578,87.05,0,C(#Cc1cncnc1)Cc1cccc(-c2ccccc2)c1,nonAC
Cc1cccc(c1c2ccc(c(c2)OC)C(C)C#Cc3c(nc(nc3N)N)C)C,5.47,386.21066145200007,4.397060000000002,2,5,3,29,29,118.79080000000005,87.05,0,C(#Cc1cncnc1)Cc1ccc(-c2ccccc2)cc1,nonAC
Cc1c(c(nc(n1)N)N)C#CC(C)c2ccc(cc2OC)c3c(cccc3C(C)C)C(C)C,5.38,442.273261708,6.027020000000006,2,5,5,33,33,137.4947999999999,87.05,0,C(#Cc1cncnc1)Cc1ccc(-c2ccccc2)cc1,nonAC
CCc1c(c(nc(n1)N)N)C#CCc2cccc(c2)c3ccccc3,6.54,328.16879664,3.4646000000000017,2,4,3,25,25,102.6948,77.82,0,C(#Cc1cncnc1)Cc1cccc(-c2ccccc2)c1,nonAC
CCc1c(c(nc(n1)N)N)C#CCc2cc(cc(c2)OC)c3ccncc3,7.22,359.17461029200007,2.8682000000000007,2,6,4,27,27,107.0418,99.94,0,C(#Cc1cncnc1)Cc1cccc(-c2ccncc2)c1,nonAC
CCc1c(c(nc(n1)N)N)C#CCc2cccc(c2)c3cccnc3,6.54,329.16404560800004,2.8596000000000013,2,5,3,25,25,100.4898,90.71,0,C(#Cc1cncnc1)Cc1cccc(-c2cccnc2)c1,nonAC
CCc1c(c(nc(n1)N)N)C#CCc2cccc(c2)c3ccncc3,6.28,329.16404560800004,2.8596000000000013,2,5,3,25,25,100.4898,90.71,0,C(#Cc1cncnc1)Cc1cccc(-c2ccncc2)c1,nonAC
CCc1c(c(nc(n1)N)N)C#CCc2cc(ccc2OC)c3ccccc3,6.52,358.179361324,3.473200000000002,2,5,4,27,27,109.2468,87.05,0,C(#Cc1cncnc1)Cc1cccc(-c2ccccc2)c1,nonAC
Cc1c(c(nc(n1)N)N)C#CC(C)c2cc(ccc2OC)c3ccccc3,7.01,358.179361324,3.7802200000000026,2,5,3,27,27,109.3168,87.05,0,C(#Cc1cncnc1)Cc1cccc(-c2ccccc2)c1,nonAC
Cc1nc2cc(ccc2n1Cc3ccccc3)Nc4nc(nc(n4)N5CCCC5)Nc6ccc(cc6)F,6.96,494.2342710840001,5.804520000000004,2,8,7,37,37,144.25339999999989,83.79,0,c1ccc(Cn2cnc3cc(Nc4nc(Nc5ccccc5)nc(N5CCCC5)n4)ccc32)cc1,nonAC
Cc1nc2ccc(cc2n1Cc3ccccc3)Nc4nc(nc(n4)Cl)Nc5ccc(cc5)F,6.51,459.1374495080001,5.857720000000003,2,7,6,33,33,127.8164,80.55000000000001,0,c1ccc(Cn2cnc3ccc(Nc4ncnc(Nc5ccccc5)n4)cc32)cc1,nonAC
Cc1cccc(c1C)Oc2ccc(cc2)c3nc(nc(n3)N)N,4.38,307.14331016400007,3.11214,2,6,3,23,23,90.0778,99.94,0,c1ccc(Oc2ccc(-c3ncncn3)cc2)cc1,nonAC
CC1(N=C(N=C(N1c2ccccc2)N)N)C,5.03,217.13274548,0.8721000000000001,2,5,1,16,16,66.24480000000001,80.0,0,C1=NC=NCN1c1ccccc1,nonAC
CC1(N=C(N=C(N1c2ccc(cc2)C(=O)C=Cc3ccccc3)N)N)C,4.25,347.17461029200007,2.7682,2,6,4,26,26,106.0513,97.07,0,O=C(C=Cc1ccccc1)c1ccc(N2C=NC=NC2)cc1,nonAC
CC1(N=C(N=C(N1c2cccc(c2)C(=O)C=Cc3ccccc3)N)N)C,5.62,347.17461029200007,2.7682,2,6,4,26,26,106.0513,97.07,0,O=C(C=Cc1ccccc1)c1cccc(N2C=NC=NC2)c1,nonAC
COc1cc(cc(c1O)OC)C=C2c3ccccc3NC2=O,6.3,297.10010796,2.9021,2,4,3,22,22,84.15350000000004,67.78999999999999,0,O=C1Nc2ccccc2C1=Cc1ccccc1,nonAC
