SMILES,label,mw,logp,nhbd,nhba,nrbonds,natoms,nhatoms,mr,tpsa,fcharge,scaffold,AC_status
c1ccc-2c(c1)Cc3c2cccc3CN4CCN(CC4)c5ncccn5,5.01,342.18444670400004,3.370000000000002,0,4,3,26,26,104.20600000000005,32.260000000000005,0,c1cnc(N2CCN(Cc3cccc4c3Cc3ccccc3-4)CC2)nc1,nonAC
COc1ccc(cc1)c2cccc(c2)CN3CCN(CC3)c4ncccn4,7.3,360.195011388,3.474400000000002,0,5,5,27,27,107.95200000000006,41.49,0,c1ccc(-c2cccc(CN3CCN(c4ncccn4)CC3)c2)cc1,nonAC
c1ccc(c(c1)N2CCN(CC2)Cc3cc(cnc3)c4ccc(cc4)F)F,7.6,365.170354112,4.349000000000004,0,3,4,27,27,103.52100000000004,19.37,0,c1ccc(-c2cncc(CN3CCN(c4ccccc4)CC3)c2)cc1,nonAC
COc1ccccc1c2cccc(c2)CN3CCN(CC3)c4ncccn4,6.44,360.195011388,3.474400000000002,0,5,5,27,27,107.95200000000006,41.49,0,c1ccc(-c2cccc(CN3CCN(c4ncccn4)CC3)c2)cc1,nonAC
c1cc(cc(c1)c2ccsc2)CN3CCN(CC3)c4ncccn4,6.52,336.14086764,3.527300000000001,0,5,4,24,24,99.27700000000004,32.260000000000005,0,c1cnc(N2CCN(Cc3cccc(-c4ccsc4)c3)CC2)nc1,nonAC
c1cc(ccc1c2cc(cnc2)CN3CCN(CC3)c4ccc(cc4)F)F,7.16,365.170354112,4.349000000000003,0,3,4,27,27,103.52100000000004,19.370000000000005,0,c1ccc(-c2cncc(CN3CCN(c4ccccc4)CC3)c2)cc1,nonAC
c1cc(cc(c1)c2ccc(cc2)F)CN3CCN(CC3)c4ncccn4,7.31,348.17502489200007,3.6049000000000015,0,4,4,26,26,101.35800000000005,32.260000000000005,0,c1ccc(-c2cccc(CN3CCN(c4ncccn4)CC3)c2)cc1,nonAC
c1ccnc(c1)N2CCN(CC2)Cc3cc(cnc3)c4ccc(cc4)F,7.22,348.175024892,3.6049000000000015,0,4,4,26,26,101.35800000000005,32.260000000000005,0,c1ccc(-c2cncc(CN3CCN(c4ccccn4)CC3)c2)cc1,nonAC
c1cnc(nc1)N2CCN(CC2)Cc3cc(cnc3)c4ccc(cc4)F,6.92,349.17027385999995,2.999900000000001,0,5,4,26,26,99.15300000000003,45.150000000000006,0,c1ccc(-c2cncc(CN3CCN(c4ncccn4)CC3)c2)cc1,nonAC
c1ccc-2c(c1)Cc3c2c(ccc3)CN4CCN(CC4)c5ncccn5,5.64,342.18444670400004,3.370000000000002,0,4,3,26,26,104.20600000000005,32.260000000000005,0,c1cnc(N2CCN(Cc3cccc4c3-c3ccccc3C4)CC2)nc1,nonAC
c1cc2c(c[nH]c2nc1)CN3CCN(CC3)c4ccc(cc4)Cl,6.44,326.129824288,3.538500000000002,1,3,3,23,23,95.03570000000003,35.160000000000004,0,c1ccc(N2CCN(Cc3c[nH]c4ncccc34)CC2)cc1,nonAC
c1ccc(c(c1)c2cccc(c2)CN3CCN(CC3)c4ncccn4)F,6.6,348.17502489200007,3.6049000000000015,0,4,4,26,26,101.35800000000005,32.260000000000005,0,c1ccc(-c2cccc(CN3CCN(c4ncccn4)CC3)c2)cc1,nonAC
COc1cccc(c1)c2cccc(c2)CN3CCN(CC3)c4ncccn4,6.31,360.195011388,3.474400000000002,0,5,5,27,27,107.95200000000006,41.49,0,c1ccc(-c2cccc(CN3CCN(c4ncccn4)CC3)c2)cc1,nonAC
c1cc(cc(c1)c2cccc(c2)F)CN3CCN(CC3)c4ncccn4,7.09,348.17502489200007,3.6049000000000015,0,4,4,26,26,101.35800000000002,32.260000000000005,0,c1ccc(-c2cccc(CN3CCN(c4ncccn4)CC3)c2)cc1,nonAC
CC(C)Oc1cccnc1N(C)C2CCN(CC2)Cc3ccccc3,6.21,339.231062548,3.9696000000000033,0,4,6,25,25,103.14500000000004,28.6,0,c1ccc(CN2CCC(Nc3ccccn3)CC2)cc1,nonAC
c1ccc(cc1)N2CCN(CC2)Cc3cc(cnc3)c4ccc(cc4)F,7.64,347.179775924,4.209900000000004,0,3,4,26,26,103.56300000000005,19.37,0,c1ccc(-c2cncc(CN3CCN(c4ccccc4)CC3)c2)cc1,nonAC
c1cc(ccc1c2cc(cnc2)CN3CCN(CC3)c4cnccn4)F,6.35,349.17027386000007,2.999900000000001,0,5,4,26,26,99.15300000000003,45.150000000000006,0,c1ccc(-c2cncc(CN3CCN(c4cnccn4)CC3)c2)cc1,nonAC
c1ccc(cc1)C2CC2CN3CCN(CC3)c4ccc(cc4Cl)Cl,7.11,360.116004064,4.919100000000005,0,2,4,24,24,102.40500000000006,6.48,0,c1ccc(C2CC2CN2CCN(c3ccccc3)CC2)cc1,AC
CN1CCN(CC1)C2=Nc3cc(ccc3Nc4c2cccc4)Cl,6.86,326.129824288,3.7227000000000015,1,4,0,23,23,96.44370000000004,30.87,0,c1ccc2c(c1)N=C(N1CCNCC1)c1ccccc1N2,AC
c1ccc(cc1)C2CC2CN3CCN(CC3)c4ccccn4,6.58,293.18919773600004,3.0073000000000016,0,3,4,22,22,90.18000000000006,19.37,0,c1ccc(C2CC2CN2CCN(c3ccccn3)CC2)cc1,nonAC
c1cc(ccc1C2CC2CN3CCN(CC3)c4ccc(cc4)Cl)F,6.7,344.145554604,4.404800000000004,0,2,4,24,24,97.35300000000004,6.48,0,c1ccc(C2CC2CN2CCN(c3ccccc3)CC2)cc1,AC
Cc1ccc(c(c1)C)N2CCN(CC2)CC3CC3c4ccccc4,7.22,320.225248896,4.229140000000004,0,2,4,24,24,101.85900000000004,6.48,0,c1ccc(C2CC2CN2CCN(c3ccccc3)CC2)cc1,AC
COc1cc(ccc1N2CCN(CC2)CC3CC3c4ccccc4)Cl,7.77,356.1655411,4.274300000000004,0,3,5,25,25,103.94700000000005,15.71,0,c1ccc(C2CC2CN2CCN(c3ccccc3)CC2)cc1,AC
c1ccc(cc1)C2CC2CN3CCN(CC3)c4cccc(c4Cl)Cl,8.7,360.116004064,4.919100000000005,0,2,4,24,24,102.40500000000006,6.48,0,c1ccc(C2CC2CN2CCN(c3ccccc3)CC2)cc1,AC
c1ccc(cc1)C2CC2CN3CCN(CC3)c4ccc(cc4Cl)Cl,7.19,360.116004064,4.919100000000005,0,2,4,24,24,102.40500000000006,6.48,0,c1ccc(C2CC2CN2CCN(c3ccccc3)CC2)cc1,AC
COc1ccccc1N2CCN(CC2)CC3CC3c4ccccc4,8.3,322.204513452,3.6209000000000016,0,3,5,24,24,98.93700000000004,15.71,0,c1ccc(C2CC2CN2CCN(c3ccccc3)CC2)cc1,AC
COc1cccc(c1)N2CCN(CC2)CC3CC3c4ccccc4,6.77,322.204513452,3.6209000000000016,0,3,5,24,24,98.93700000000004,15.71,0,c1ccc(C2CC2CN2CCN(c3ccccc3)CC2)cc1,AC
c1cc(ccc1C2CC2CN3CCN(CC3)c4ccc(cc4Cl)Cl)O,7.92,376.110918684,4.624700000000004,1,3,4,25,25,104.06980000000004,26.71,0,c1ccc(C2CC2CN2CCN(c3ccccc3)CC2)cc1,AC
c1cc(ccc1C(=O)CCCN2CCC(CC2)(c3ccc(cc3)Cl)O)F,8.22666666667,375.140134876,4.425600000000005,1,3,6,26,26,100.98730000000003,40.540000000000006,0,O=C(CCCN1CCC(c2ccccc2)CC1)c1ccccc1,nonAC
c1ccc(cc1)C2CC2CN3CCN(CC3)c4cccc(c4)Cl,6.84,326.154976416,4.265700000000004,0,2,4,23,23,97.39500000000004,6.48,0,c1ccc(C2CC2CN2CCN(c3ccccc3)CC2)cc1,AC
c1ccc(cc1)C2CC2CN3CCN(CC3)c4ccc(cc4)Cl,6.61,326.154976416,4.265700000000004,0,2,4,23,23,97.39500000000004,6.48,0,c1ccc(C2CC2CN2CCN(c3ccccc3)CC2)cc1,AC
c1ccc(cc1)C2CC2CN3CCN(CC3)c4ncccn4,6.12,294.18444670400004,2.4023000000000003,0,4,4,22,22,87.97500000000007,32.260000000000005,0,c1ccc(C2CC2CN2CCN(c3ncccn3)CC2)cc1,nonAC
c1ccc(c(c1)N2CCN(CC2)CC3CC3c4ccc(cc4)F)Cl,7.89,344.145554604,4.404800000000004,0,2,4,24,24,97.35300000000004,6.48,0,c1ccc(C2CC2CN2CCN(c3ccccc3)CC2)cc1,AC
Cc1cc(ccc1N2CCN(CC2)CC3CC3c4ccccc4)Cl,6.89,340.17062648,4.574120000000004,0,2,4,24,24,102.13200000000003,6.48,0,c1ccc(C2CC2CN2CCN(c3ccccc3)CC2)cc1,AC
c1ccc(cc1)C2CC2CN3CCN(CC3)c4ccccc4,7.43,292.193948768,3.612300000000003,0,2,4,22,22,92.38500000000006,6.48,0,c1ccc(C2CC2CN2CCN(c3ccccc3)CC2)cc1,AC
c1ccc(cc1)C2CC2CN3CCN(CC3)c4ccccc4Cl,8.3,326.154976416,4.265700000000004,0,2,4,23,23,97.39500000000008,6.48,0,c1ccc(C2CC2CN2CCN(c3ccccc3)CC2)cc1,AC
c1ccc(cc1)C2CC2CN3CCN(CC3)c4ccc(c(c4)Cl)Cl,6.68,360.116004064,4.919100000000005,0,2,4,24,24,102.40500000000004,6.48,0,c1ccc(C2CC2CN2CCN(c3ccccc3)CC2)cc1,AC
Cc1cc(ccc1N2CCN(CC2)CC3CC3c4ccccc4)F,7.17,324.20017702,4.059820000000004,0,2,4,24,24,97.08000000000006,6.48,0,c1ccc(C2CC2CN2CCN(c3ccccc3)CC2)cc1,AC
COc1c(cc(cc1Cl)N2CCN(CC2)CC3CC3c4ccccc4)Cl,6.64,390.126568748,4.927700000000005,0,3,5,26,26,108.95700000000002,15.71,0,c1ccc(C2CC2CN2CCN(c3ccccc3)CC2)cc1,AC
COc1ccc(cc1)C2CC2CN3CCN(CC3)c4ccc(cc4Cl)Cl,8.16,390.126568748,4.927700000000005,0,3,5,26,26,108.95700000000004,15.71,0,c1ccc(C2CC2CN2CCN(c3ccccc3)CC2)cc1,AC
Cc1ccc(c(c1)C)N2CCN(CC2)CC3CC3c4ccccc4,7.14,320.225248896,4.229140000000004,0,2,4,24,24,101.85900000000004,6.48,0,c1ccc(C2CC2CN2CCN(c3ccccc3)CC2)cc1,AC
Cc1ccc(c(c1)C)N2CCN(CC2)CC3CC3c4ccccc4,7.35,320.225248896,4.229140000000004,0,2,4,24,24,101.85900000000004,6.48,0,c1ccc(C2CC2CN2CCN(c3ccccc3)CC2)cc1,AC
COc1ccc(cc1N2CCN(CC2)CC3CC3c4ccccc4)Cl,8.3,356.1655411,4.274300000000004,0,3,5,25,25,103.94700000000005,15.71,0,c1ccc(C2CC2CN2CCN(c3ccccc3)CC2)cc1,AC
COc1ccc(cc1)N2CCN(CC2)CC3CC3c4ccccc4,6.12,322.204513452,3.6209000000000016,0,3,5,24,24,98.93700000000004,15.71,0,c1ccc(C2CC2CN2CCN(c3ccccc3)CC2)cc1,AC
c1ccc(cc1)C2CC2CN3CCN(CC3)c4cc(cc(c4)Cl)Cl,7.5,360.116004064,4.919100000000005,0,2,4,24,24,102.40500000000004,6.48,0,c1ccc(C2CC2CN2CCN(c3ccccc3)CC2)cc1,AC
c1cc(cc(c1)Cl)N2CCN(CC2)CC3CC3c4ccc(cc4)F,7.25,344.145554604,4.404800000000004,0,2,4,24,24,97.35300000000004,6.48,0,c1ccc(C2CC2CN2CCN(c3ccccc3)CC2)cc1,AC
COc1cc(ccc1N2CCN(CC2)CC3CC3c4ccccc4)F,8.0,340.19509164,3.7600000000000025,0,3,5,25,25,98.89500000000004,15.71,0,c1ccc(C2CC2CN2CCN(c3ccccc3)CC2)cc1,AC
CCN1CCCC1CNC(=O)c2c(ccc(c2OC)Br)OC,7.49,370.089204696,2.680400000000001,1,4,6,22,22,89.84820000000006,50.80000000000001,0,O=C(NCC1CCCN1)c1ccccc1,AC
CN1CCN(CC1)C2=Nc3ccccc3Oc4c2cc(cc4)Cl,7.27,327.113839876,3.7714000000000025,0,4,0,23,23,93.23500000000004,28.07,0,c1ccc2c(c1)N=C(N1CCNCC1)c1ccccc1O2,nonAC
CN1CCN(CC1)C2=Nc3ccccc3Nc4c2cc(cc4)Cl,7.47,326.129824288,3.7227000000000015,1,4,0,23,23,96.44370000000004,30.87,0,c1ccc2c(c1)N=C(N1CCNCC1)c1ccccc1N2,AC
CN1CCN(CC1)C2=Nc3ccccc3Nc4c2cc(cc4)OS(=O)(=O)C(F)(F)F,6.85,440.1129961279999,3.2977000000000016,1,7,2,30,30,107.03650000000005,74.24,0,c1ccc2c(c1)N=C(N1CCNCC1)c1ccccc1N2,AC
CNCC1CC2c3ccccc3Cc4ccccc4N2O1,5.77,280.15756326,3.0618000000000016,1,3,2,21,21,84.32670000000005,24.5,0,c1ccc2c(c1)Cc1ccccc1N1OCCC21,AC
CN1CCN(CC1)C2=Nc3cc(ccc3Nc4c2cc(cc4)OS(=O)(=O)C(F)(F)F)Cl,7.52,474.0740237759999,3.951100000000003,1,7,2,31,31,112.04650000000002,74.24,0,c1ccc2c(c1)N=C(N1CCNCC1)c1ccccc1N2,AC
CN1CCN(CC1)C2=Nc3ccccc3Sc4c2cc(cc4)OS(=O)(=O)C(F)(F)F,7.64,457.074168096,3.705300000000003,0,7,2,30,30,107.87680000000005,62.21,0,c1ccc2c(c1)N=C(N1CCNCC1)c1ccccc1S2,nonAC
CN(C)CC1CC2c3ccccc3Cc4ccccc4N2O1,6.06,294.173213324,3.4040000000000026,0,3,2,22,22,88.95400000000005,15.71,0,c1ccc2c(c1)Cc1ccccc1N1OCCC21,AC
CN(C)CCC1CC2c3ccccc3Cc4ccccc4N2O1,5.02,308.188863388,3.794100000000003,0,3,3,23,23,93.57100000000004,15.71,0,c1ccc2c(c1)Cc1ccccc1N1OCCC21,AC
CN1CCN(CC1)C2=Nc3ccccc3Oc4c2cc(cc4)OS(=O)(=O)C(F)(F)F,7.28,441.097011716,3.346400000000002,0,7,2,30,30,103.82780000000004,71.44,0,c1ccc2c(c1)N=C(N1CCNCC1)c1ccccc1O2,nonAC
CN1CCN2c3ccccc3Cc4ccccc4C2C1,5.15,264.16264864,3.0839000000000016,0,2,0,20,20,83.27400000000006,6.48,0,c1ccc2c(c1)Cc1ccccc1N1CCNCC21,nonAC
c1cc2c(cc1O)CCN2,5.99,135.068413908,1.3602,2,2,0,10,10,40.300500000000014,32.26,0,c1ccc2c(c1)CCN2,nonAC
c1cc(ccc1CC2c3cc(c(cc3CCN2)O)O)OC4C(C(C(C(O4)CO)O)O)O,5.62,433.1736668239999,-0.2940000000000001,7,9,5,31,31,108.76050000000004,151.87,0,c1ccc2c(c1)CCNC2Cc1ccc(OC2CCCCO2)cc1,nonAC
c1cnc(nc1)NC2CCC(CC2)CCN3CCN(CC3)c4ccc(cc4)F,7.1,383.24852418,3.798700000000003,1,5,6,28,28,111.07070000000006,44.290000000000006,0,c1ccc(N2CCN(CCC3CCC(Nc4ncccn4)CC3)CC2)cc1,nonAC
COc1ccccc1N2CCN(CC2)CCC3CCC(CC3)Nc4ncccn4,8.0,395.26851067600006,3.6682000000000015,1,6,7,29,29,117.66470000000004,53.52,0,c1ccc(N2CCN(CCC3CCC(Nc4ncccn4)CC3)CC2)cc1,nonAC
CN(C)CC1CC2c3ccccc3Cc4ccncc4N2O1,5.72,295.168462292,2.7990000000000013,0,4,2,22,22,86.74900000000005,28.600000000000005,0,c1ccc2c(c1)Cc1ccncc1N1OCCC21,nonAC
CN(C)CC1CC2c3ccccc3Cc4ccc(cc4N2O1)Cl,8.06,328.134240972,4.057400000000003,0,3,2,23,23,93.96400000000004,15.71,0,c1ccc2c(c1)Cc1ccccc1N1OCCC21,AC
CC(C)(C)c1ccc(cc1)C(=O)CCCN2CCC(CC2)OC(c3ccccc3)c4ccccc4,6.58,469.298079488,7.217600000000008,0,3,9,35,35,143.9804999999998,29.540000000000003,0,O=C(CCCN1CCC(OC(c2ccccc2)c2ccccc2)CC1)c1ccccc1,nonAC
Cn1c2c(c(=O)n(c1=O)C)n(cn2)CCCN3CCC(CC3)C(c4ccccc4)c5ccccc5,7.39,471.263425296,3.367900000000001,0,7,7,35,35,138.72299999999984,65.06,0,O=c1[nH]c(=O)c2c(ncn2CCCN2CCC(C(c3ccccc3)c3ccccc3)CC2)[nH]1,nonAC
CC(=O)c1ccc(c(c1)OC)OCCCN2CCC(CC2)c3c4ccc(cc4on3)F,6.96,426.195485564,4.826600000000004,0,6,8,31,31,115.49250000000004,64.80000000000001,0,c1ccc(OCCCN2CCC(c3noc4ccccc34)CC2)cc1,nonAC
c1ccc2c(c1)CC(CO2)CNCCCCN3C(=O)CC4(CCCC4)CC3=O,7.17,384.241292884,3.3169000000000013,1,4,7,28,28,108.08970000000006,58.64,0,O=C1CC2(CCCC2)CC(=O)N1CCCCNCC1COc2ccccc2C1,nonAC
COc1cccc2c1CC3(CCCN3CCCCN4C(=O)CC5(CCCC5)CC4=O)CO2,5.96,440.26750763199993,3.954300000000004,0,5,6,32,32,121.82000000000008,59.08,0,O=C1CC2(CCCC2)CC(=O)N1CCCCN1CCCC12COc1ccccc1C2,nonAC
CCCN(CCCCN1C(=O)CC2(CCCC2)CC1=O)CC3Cc4c(cccc4OC)OC3,5.75,456.29880775999993,4.447900000000004,0,5,10,33,33,128.50300000000004,59.08000000000001,0,O=C1CC2(CCCC2)CC(=O)N1CCCCNCC1COc2ccccc2C1,nonAC
COc1cccc2c1CC(CO2)CNCCCCN3C(=O)CC4(CCCC4)CC3=O,7.53,414.25185756799993,3.3255000000000017,1,5,8,30,30,114.64170000000009,67.87,0,O=C1CC2(CCCC2)CC(=O)N1CCCCNCC1COc2ccccc2C1,nonAC
CCCN(CCC)CC1Cc2c(cccc2OC)OC1,5.59,277.204179104,3.3683000000000023,0,3,7,20,20,82.70500000000007,21.700000000000003,0,c1ccc2c(c1)CCCO2,nonAC
CCCN(CCCCN1C(=O)CC2(CCCC2)CC1=O)C3Cc4c(cccc4OC)OC3,8.0,442.28315769599993,4.200300000000004,0,5,9,32,32,123.93400000000008,59.08000000000001,0,O=C1CC2(CCCC2)CC(=O)N1CCCCNC1COc2ccccc2C1,nonAC
c1ccc(cc1)N2CNC(=O)C23CCN(CC3)Cc4cccc(c4)Oc5ccccc5,6.27,413.210327104,4.407400000000004,1,4,5,31,31,122.13070000000002,44.81,0,O=C1NCN(c2ccccc2)C12CCN(Cc1cccc(Oc3ccccc3)c1)CC2,nonAC
c1ccc(cc1)N2CNC(=O)C23CCN(CC3)Cc4ccc5c(c4)nsn5,6.91,379.1466812920001,2.619800000000001,1,6,3,27,27,106.58770000000004,61.36000000000001,0,O=C1NCN(c2ccccc2)C12CCN(Cc1ccc3nsnc3c1)CC2,nonAC
CNC(=O)CN1CN(C2(C1=O)CCN(CC2)Cc3cc4c(cc3Cl)OCO4)c5ccccc5,5.67,470.172083024,2.4556,1,6,5,33,33,124.38470000000002,74.35000000000001,0,O=C1NCN(c2ccccc2)C12CCN(Cc1ccc3c(c1)OCO3)CC2,nonAC
c1cc(ccc1CCOC(=O)N2CCN(CC2)CCCC(c3ccc(cc3)F)c4ccc(cc4)F)F,5.58,496.233762892,6.012900000000006,0,3,9,36,36,133.34199999999998,32.78,0,O=C(OCCc1ccccc1)N1CCN(CCCC(c2ccccc2)c2ccccc2)CC1,nonAC
Cc1ccc(c(c1)Cl)CN2CCC(CC2)n3c4ccccc4[nH]c3=O,6.32,355.145140004,4.128520000000003,1,3,3,25,25,102.29570000000004,41.03,0,O=c1[nH]c2ccccc2n1C1CCN(Cc2ccccc2)CC1,nonAC
c1ccc(cc1)N2CNC(=O)C23CCN(CC3)Cc4ccc5c(c4)OCO5,6.25,365.173941596,2.3438,1,5,3,27,27,101.73770000000005,54.040000000000006,0,O=C1NCN(c2ccccc2)C12CCN(Cc1ccc3c(c1)OCO3)CC2,nonAC
c1ccc(cc1)CN2CCC(CC2)NC(=O)C=Cc3ccccc3,5.33,320.188863388,3.4806000000000017,1,2,5,24,24,98.35970000000005,32.34,0,O=C(C=Cc1ccccc1)NC1CCN(Cc2ccccc2)CC1,nonAC
CN(C1CCN(CC1)Cc2ccccc2)C(=O)C#Cc3ccccc3,5.31,332.188863388,3.161100000000002,0,2,3,25,25,100.83100000000005,23.55,0,O=C(C#Cc1ccccc1)NC1CCN(Cc2ccccc2)CC1,nonAC
c1ccc(cc1)CN2CCC(CC2)N(CC#Cc3ccccc3)c4ccccc4,6.05,380.225248896,5.209300000000005,0,2,5,29,29,121.84900000000002,6.48,0,C(#Cc1ccccc1)CN(c1ccccc1)C1CCN(Cc2ccccc2)CC1,nonAC
c1ccc(cc1)CN2CCC(CC2)N(c3ccccc3)C(=O)C#Cc4ccccc4,5.82,394.204513452,4.735900000000004,0,2,4,30,30,121.98900000000005,23.55,0,O=C(C#Cc1ccccc1)N(c1ccccc1)C1CCN(Cc2ccccc2)CC1,nonAC
CN(C1CCN(CC1)Cc2ccccc2)C(=O)C=Cc3ccccc3,5.15,334.204513452,3.822800000000002,0,2,5,25,25,102.98700000000004,23.55,0,O=C(C=Cc1ccccc1)NC1CCN(Cc2ccccc2)CC1,nonAC
CN(CC#Cc1ccccc1)C2CCN(CC2)Cc3ccccc3,5.39,318.209598832,3.6345000000000014,0,2,4,24,24,100.69100000000005,6.48,0,C(#Cc1ccccc1)CNC1CCN(Cc2ccccc2)CC1,nonAC
c1ccc(cc1)CN2CCC(CC2)NC(=O)C#Cc3ccccc3,5.6,318.173213324,2.818900000000001,1,2,3,24,24,96.20370000000004,32.34,0,O=C(C#Cc1ccccc1)NC1CCN(Cc2ccccc2)CC1,nonAC
COc1ccccc1N2CCN(CC2)CCC(=O)NC3CCc4c(cccc4OC)C3,6.12,423.252191916,2.8896000000000006,1,5,7,31,31,123.21370000000005,54.040000000000006,0,O=C(CCN1CCN(c2ccccc2)CC1)NC1CCc2ccccc2C1,nonAC
COc1ccccc1C(=O)NCCN2CCN(CC2)c3ccccc3OC,6.09,369.205241724,2.2558,1,5,7,27,27,106.97420000000004,54.040000000000006,0,O=C(NCCN1CCN(c2ccccc2)CC1)c1ccccc1,nonAC
COc1cccc(c1)c2csc(n2)CCN3CCN(CC3)c4ccccc4OC,6.06,409.182398104,4.192000000000004,0,6,7,29,29,119.45300000000005,37.83,0,c1ccc(-c2csc(CCN3CCN(c4ccccc4)CC3)n2)cc1,nonAC
COc1ccc(c(c1)C(=O)NCCN2CCN(CC2)c3ccccc3OC)OC,6.6,399.21580640799993,2.2644,1,6,8,29,29,113.52620000000005,63.27000000000001,0,O=C(NCCN1CCN(c2ccccc2)CC1)c1ccccc1,nonAC
COc1ccccc1N2CCN(CC2)CCCC3CCCc4c3cccc4OC,7.7,394.26202832799993,4.726100000000005,0,4,7,29,29,119.55400000000004,24.94,0,c1ccc(N2CCN(CCCC3CCCc4ccccc43)CC2)cc1,nonAC
COc1ccc2c(c1)C(CCC2)CCCN3CCN(CC3)c4ccccc4OC,6.82,394.26202832799993,4.726100000000004,0,4,7,29,29,119.55400000000006,24.94,0,c1ccc(N2CCN(CCCC3CCCc4ccccc43)CC2)cc1,nonAC
COc1ccc2c(c1)CC(CC2)NC(=O)CCN3CCN(CC3)c4ccccc4OC,6.19,423.252191916,2.889600000000001,1,5,7,31,31,123.21370000000005,54.040000000000006,0,O=C(CCN1CCN(c2ccccc2)CC1)NC1CCc2ccccc2C1,nonAC
COc1cccc(c1)C(=O)NCCN2CCN(CC2)c3ccccc3OC,6.16,369.205241724,2.2558,1,5,7,27,27,106.97420000000004,54.040000000000006,0,O=C(NCCN1CCN(c2ccccc2)CC1)c1ccccc1,nonAC
COc1cccc(c1)C(=O)CCCN2CCN(CC2)c3ccccc3OC,7.89,368.209992756,3.4889000000000028,0,5,8,27,27,108.20550000000004,42.010000000000005,0,O=C(CCCN1CCN(c2ccccc2)CC1)c1ccccc1,nonAC
CCCN1CCC(CC1)COc2c3c(c4ccccc4n2)NCCC3,5.47,339.23106254800007,4.093700000000003,1,4,5,25,25,103.50370000000008,37.39,0,c1ccc2c3c(c(OCC4CCNCC4)nc2c1)CCCN3,nonAC
CN(C)CC1CC2c3ccccc3Cc4ccc(cc4N2O1)F,7.44,312.163791512,3.5431000000000026,0,3,2,23,23,88.91200000000005,15.71,0,c1ccc2c(c1)Cc1ccccc1N1OCCC21,AC
CN(C)CC1CC2c3cc(ccc3Cc4ccc(cc4N2O1)F)F,6.35,330.1543697,3.6822000000000026,0,3,2,24,24,88.87000000000005,15.71,0,c1ccc2c(c1)Cc1ccccc1N1OCCC21,AC
Cc1ccc2c(c1)N3C(CC(O3)CN(C)C)c4ccccc4C2,7.26,308.188863388,3.7124200000000025,0,3,2,23,23,93.69100000000006,15.71,0,c1ccc2c(c1)Cc1ccccc1N1OCCC21,AC
CN1CCCCC1CCN2c3ccccc3Sc4c2cc(cc4)[S+](C)[O-],7.155,386.148655452,4.901100000000005,0,4,4,26,26,111.23140000000004,29.54,0,c1ccc2c(c1)Sc1ccccc1N2CCC1CCCCN1,nonAC
CN1CCCCC1CCN2c3ccccc3Sc4c2cc(cc4)[S+](C)[O-],6.005,386.148655452,4.901100000000005,0,4,4,26,26,111.23140000000004,29.54,0,c1ccc2c(c1)Sc1ccccc1N2CCC1CCCCN1,nonAC
c1ccc2c(c1)cc(s2)C(=O)NCCCCN3CCN(CC3)c4cccc(c4Cl)Cl,7.02,461.10953878,5.540300000000005,1,4,7,30,30,128.50719999999998,35.580000000000005,0,O=C(NCCCCN1CCN(c2ccccc2)CC1)c1cc2ccccc2s1,nonAC
c1ccc2c(c1)cc(o2)C(=O)NCCCCN3CCN(CC3)c4cccc(c4Cl)Cl,6.93,445.1323824,5.071800000000005,1,4,7,30,30,122.8962,48.720000000000006,0,O=C(NCCCCN1CCN(c2ccccc2)CC1)c1cc2ccccc2o1,nonAC
c1ccc2c(c1)ncc(n2)C(=O)NCCCCN3CCN(CC3)c4cccc(c4Cl)Cl,7.12,457.14361578,4.268800000000003,1,5,7,31,31,126.22020000000002,61.36000000000001,0,O=C(NCCCCN1CCN(c2ccccc2)CC1)c1cnc2ccccc2n1,nonAC
c1ccnc(c1)c2ccc(cc2)C(=O)NCCCCN3CCN(CC3)c4cccc(c4Cl)Cl,7.04,482.164016876,5.387600000000004,1,4,8,33,33,136.3551999999999,48.470000000000006,0,O=C(NCCCCN1CCN(c2ccccc2)CC1)c1ccc(-c2ccccn2)cc1,nonAC
c1ccc(cc1)C(=O)NCC=CCN2CCN(CC2)c3cccc(c3Cl)Cl,7.79,403.121817716,4.101600000000003,1,3,6,27,27,113.03020000000002,35.580000000000005,0,O=C(NCC=CCN1CCN(c2ccccc2)CC1)c1ccccc1,nonAC
c1ccc(cc1)C(=O)NCC=CCN2CCN(CC2)c3cccc(c3Cl)Cl,8.13,403.121817716,4.101600000000003,1,3,6,27,27,113.03020000000002,35.580000000000005,0,O=C(NCC=CCN1CCN(c2ccccc2)CC1)c1ccccc1,nonAC
COc1ccc(cc1)C(=O)NCC=CCN2CCN(CC2)c3cccc(c3Cl)Cl,7.21,433.1323824,4.110200000000003,1,4,7,29,29,119.5822,44.81,0,O=C(NCC=CCN1CCN(c2ccccc2)CC1)c1ccccc1,nonAC
c1cc(c(c(c1)Cl)Cl)N2CCN(CC2)CC=CCNC(=O)c3ccc(cc3)[N+](=O)[O-],7.86,448.106895924,4.009800000000003,1,5,7,30,30,119.68460000000005,78.72,0,O=C(NCC=CCN1CCN(c2ccccc2)CC1)c1ccccc1,nonAC
c1cc(c(c(c1)Cl)Cl)N2CCN(CC2)CC=CCNC(=O)c3ccc(cc3)O,8.08,419.116732336,3.807200000000003,2,4,6,28,28,114.69500000000002,55.81,0,O=C(NCC=CCN1CCN(c2ccccc2)CC1)c1ccccc1,nonAC
c1ccc2c(c1)cc(o2)C(=O)NCC=CCN3CCN(CC3)c4cccc(c4Cl)Cl,6.96,443.116732336,4.847800000000004,1,4,6,30,30,122.8022,48.720000000000006,0,O=C(NCC=CCN1CCN(c2ccccc2)CC1)c1cc2ccccc2o1,nonAC
c1ccc2c(c1)cc(s2)C(=O)NCC=CCN3CCN(CC3)c4cccc(c4Cl)Cl,6.6,459.093888716,5.3163000000000045,1,4,6,30,30,128.4132,35.580000000000005,0,O=C(NCC=CCN1CCN(c2ccccc2)CC1)c1cc2ccccc2s1,nonAC
c1ccnc(c1)c2ccc(cc2)C(=O)NCC=CCN3CCN(CC3)c4cccc(c4Cl)Cl,7.09,480.148366812,5.163600000000004,1,4,7,33,33,136.2611999999999,48.470000000000006,0,O=C(NCC=CCN1CCN(c2ccccc2)CC1)c1ccc(-c2ccccn2)cc1,nonAC
c1ccc-2c(c1)Cc3c2ccc(c3)C(=O)NCCCCN4CCN(CC4)c5cccc(c5Cl)Cl,5.89,493.16876790800006,5.896800000000006,1,3,7,34,34,141.36619999999985,35.580000000000005,0,O=C(NCCCCN1CCN(c2ccccc2)CC1)c1ccc2c(c1)Cc1ccccc1-2,nonAC
c1ccc2c(c1)cccc2N3CCN(CC3)CCc4ccc5c(c4)CC(=O)N5,7.36,371.19976242,3.6991000000000014,1,3,4,28,28,115.08070000000006,35.58,0,O=C1Cc2cc(CCN3CCN(c4cccc5ccccc45)CC3)ccc2N1,nonAC
c1ccc2c(c1)c(ns2)N3CCN(CC3)CCc4cc5c(cc4Cl)NC(=O)C5,8.3,412.112459972,3.809000000000002,1,5,4,28,28,115.76270000000002,48.470000000000006,0,O=C1Cc2cc(CCN3CCN(c4nsc5ccccc45)CC3)ccc2N1,nonAC
c1ccc2c(c1)CCN2C(=O)CN3CCN(CC3)Cc4ccc(cc4)Cl,6.16,369.160790068,3.0469000000000017,0,3,4,26,26,105.66800000000002,26.790000000000006,0,O=C(CN1CCN(Cc2ccccc2)CC1)N1CCc2ccccc21,nonAC
Cc1ccc(cc1)CN2CCN(CC2)CC(=O)N3c4ccccc4CC3C,6.73,363.231062548,3.0904200000000017,0,3,4,27,27,109.99000000000004,26.79,0,O=C(CN1CCN(Cc2ccccc2)CC1)N1CCc2ccccc21,nonAC
Cc1ccc(cc1)CN2CCN(CC2)CC(=O)N3c4ccccc4CC3C,6.95,363.231062548,3.0904200000000017,0,3,4,27,27,109.99000000000004,26.79,0,O=C(CN1CCN(Cc2ccccc2)CC1)N1CCc2ccccc21,nonAC
CCOc1cc(c(cc1C(=O)NCC2CCN3C2CCC3)Cl)N,5.28,337.155704688,2.535,2,4,5,23,23,92.06860000000005,67.59,0,O=C(NCC1CCN2CCCC12)c1ccccc1,nonAC
COc1cc(c(cc1C(=O)NCC2CCN3C2CCC3)Cl)N,5.41,323.140054624,2.1449000000000003,2,4,4,22,22,87.45160000000004,67.59,0,O=C(NCC1CCN2CCCC12)c1ccccc1,nonAC
COc1cc(c(cc1C(=O)NC2CCN(CC2OC)CCCOc3ccc(cc3)F)Cl)N,6.485,465.1830623080001,3.358100000000001,2,6,9,32,32,122.03660000000004,86.05,0,O=C(NC1CCN(CCCOc2ccccc2)CC1)c1ccccc1,nonAC
COc1ccccc1N2CCN(CC2)CC=CCNC(=O)c3ccc-4c(c3)Cc5c4cccc5,6.75,453.241627232,4.374600000000004,1,4,7,34,34,137.8041999999999,44.81,0,O=C(NCC=CCN1CCN(c2ccccc2)CC1)c1ccc2c(c1)Cc1ccccc1-2,nonAC
COc1ccccc1N2CCN(CC2)CC=CCNC(=O)c3ccc(cc3)c4ccccn4,6.76,442.2368762,3.865400000000003,1,5,8,33,33,132.79319999999993,57.7,0,O=C(NCC=CCN1CCN(c2ccccc2)CC1)c1ccc(-c2ccccn2)cc1,nonAC
c1cc[n+](c(c1)c2ccc(cc2)C(=O)NCC=CCN3CCN(CC3)c4cccc(c4Cl)Cl)[O-],7.64,496.143281432,4.402000000000004,1,4,7,34,34,137.42619999999988,62.52,0,O=C(NCC=CCN1CCN(c2ccccc2)CC1)c1ccc(-c2cccc[nH+]2)cc1,nonAC
Cc1cccnc1c2ccc(cc2)C(=O)NCC=CCN3CCN(CC3)c4cccc(c4Cl)Cl,6.43,494.164016876,5.472020000000005,1,4,7,34,34,140.99819999999983,48.470000000000006,0,O=C(NCC=CCN1CCN(c2ccccc2)CC1)c1ccc(-c2ccccn2)cc1,nonAC
Cc1cccc(n1)c2ccc(cc2)C(=O)NCC=CCN3CCN(CC3)c4cccc(c4Cl)Cl,5.89,494.164016876,5.472020000000005,1,4,7,34,34,140.99819999999983,48.470000000000006,0,O=C(NCC=CCN1CCN(c2ccccc2)CC1)c1ccc(-c2ccccn2)cc1,nonAC
c1cc(c(c(c1)Cl)Cl)N2CCN(CC2)CC=CCNC(=O)c3ccc(cc3)c4cccc(=O)[nH]4,7.39,496.143281432,4.456900000000003,2,4,7,34,34,139.08689999999993,68.44,0,O=C(NCC=CCN1CCN(c2ccccc2)CC1)c1ccc(-c2cccc(=O)[nH]2)cc1,nonAC
COc1ccccc1N2CCN(CC2)CCCCNC(=O)c3ccc(cc3)c4ccccn4,6.97,444.252526264,4.089400000000003,1,5,9,33,33,132.88719999999995,57.7,0,O=C(NCCCCN1CCN(c2ccccc2)CC1)c1ccc(-c2ccccn2)cc1,nonAC
COc1ccccc1N2CCN(CC2)CCCCNC(=O)c3ccc-4c(c3)Cc5c4cccc5,6.65,455.257277296,4.598600000000004,1,4,8,34,34,137.8981999999999,44.81,0,O=C(NCCCCN1CCN(c2ccccc2)CC1)c1ccc2c(c1)Cc1ccccc1-2,nonAC
c1ccnc(c1)c2ccc(cc2)C(=O)NCC3CC3CN4CCN(CC4)c5cccc(c5Cl)Cl,6.17,494.164016876,5.2435000000000045,1,4,7,34,34,138.71819999999988,48.470000000000006,0,O=C(NCC1CC1CN1CCN(c2ccccc2)CC1)c1ccc(-c2ccccn2)cc1,nonAC
c1ccnc(c1)c2ccc(cc2)C(=O)NCC(CCN3CCN(CC3)c4cccc(c4Cl)Cl)O,7.05,498.158931496,4.358400000000004,2,5,8,34,34,137.74499999999992,68.7,0,O=C(NCCCCN1CCN(c2ccccc2)CC1)c1ccc(-c2ccccn2)cc1,nonAC
CC(=O)c1cccc(c1)NC(=O)NC2CCCCC2CN3CCCC(C3)Cc4ccc(cc4)F,6.0,465.279155612,5.663300000000006,2,3,7,34,34,133.61489999999998,61.440000000000005,0,O=C(Nc1ccccc1)NC1CCCCC1CN1CCCC(Cc2ccccc2)C1,nonAC
COc1cc(cc(c1OC)C(=O)NCC2CCCN2CC=C)CCCF,8.3,364.2162210080001,2.9861000000000013,1,4,10,26,26,100.96720000000006,50.8,0,O=C(NCC1CCCN1)c1ccccc1,AC
COc1cc(cc(c1OC)C(=O)NCC2CCCN2CC=C)CCCCl,7.77,380.1866704680001,3.2554000000000016,1,4,10,26,26,105.71220000000004,50.8,0,O=C(NCC1CCCN1)c1ccccc1,AC
Cc1cccc(c1)N2CCN(CC2)CCCCNC(=O)c3cc4ccccc4o3,6.07,391.225977168,4.073420000000003,1,4,7,29,29,117.61320000000003,48.72,0,O=C(NCCCCN1CCN(c2ccccc2)CC1)c1cc2ccccc2o1,nonAC
c1ccc2c(c1)c(c[nH]2)CN3C4CCC3CC(C4)(c5ccc(cc5)Cl)O,7.32,366.149891036,4.835900000000004,2,2,3,26,26,105.23450000000004,39.260000000000005,0,c1ccc(C2CC3CCC(C2)N3Cc2c[nH]c3ccccc23)cc1,nonAC
c1ccc2c(c1)c(c[nH]2)CN3CCC(CC3)(c4ccc(cc4)Cl)O,8.35,340.134240972,4.304900000000004,2,2,3,24,24,98.15850000000005,39.260000000000005,0,c1ccc(C2CCN(Cc3c[nH]c4ccccc34)CC2)cc1,nonAC
c1ccc2c(c1)c(co2)CN3C4CCC3CC(C4)(c5ccc(cc5)Cl)O,8.72,367.133906624,5.100800000000005,1,3,3,26,26,103.14980000000004,36.61,0,c1ccc(C2CC3CCC(C2)N3Cc2coc3ccccc23)cc1,nonAC
c1ccc2c(c1)c(cs2)CN3C4CCC3CC(C4)(c5ccc(cc5)Cl)O,7.58,383.111063004,5.5693000000000055,1,3,3,26,26,108.76080000000005,23.47,0,c1ccc(C2CC3CCC(C2)N3Cc2csc3ccccc23)cc1,nonAC
c1ccc2c(c1)c(c[nH]2)CN3C4CCC3CC(C4)(c5ccc(c(c5)Cl)Cl)O,6.68,400.110918684,5.4893000000000045,2,2,3,27,27,110.24450000000004,39.260000000000005,0,c1ccc(C2CC3CCC(C2)N3Cc2c[nH]c3ccccc23)cc1,nonAC
Cc1ccccc1CN2CCC(CC2)N3CCC(CC3)n4c5ccccc5[nH]c4=O,5.435,404.257611644,3.9395200000000026,1,4,4,30,30,121.88070000000006,44.27,0,O=c1[nH]c2ccccc2n1C1CCN(C2CCN(Cc3ccccc3)CC2)CC1,nonAC
c1ccc(cc1)S(=O)(=O)N2CCC(CC2)N3CCC(CC3)n4c5ccc(cc5[nH]c4=O)F,5.44,458.1787899440001,2.9589000000000016,1,5,4,32,32,120.58350000000006,78.41,0,O=c1[nH]c2ccccc2n1C1CCN(C2CCN(S(=O)(=O)c3ccccc3)CC2)CC1,nonAC
c1ccc(cc1)S(=O)(=O)N2CCC(CC2)N3CCC(CC3)n4c5ccc(cc5[nH]c4=O)Cl,5.64,474.14923940400007,3.473200000000002,1,5,4,32,32,125.63550000000004,78.41,0,O=c1[nH]c2ccccc2n1C1CCN(C2CCN(S(=O)(=O)c3ccccc3)CC2)CC1,nonAC
CC(C)(C)C1(CCN2CC3c4ccccc4CCc5c3c(ccc5)C2C1)O,8.262,361.240564612,4.8448000000000055,1,2,0,27,27,110.08780000000006,23.47,0,c1ccc2c(c1)CCc1cccc3c1C2CN1CCCCC31,nonAC
c1ccc(c(c1)CN2CCC(CC2)N3CCC(CC3)n4c5ccccc5[nH]c4=O)[N+](=O)[O-],5.95,435.227039788,3.5393000000000017,1,6,5,32,32,123.79810000000008,87.41,0,O=c1[nH]c2ccccc2n1C1CCN(C2CCN(Cc3ccccc3)CC2)CC1,nonAC
c1ccc(c(c1)CN2CCC(CC2)N3CCC(CC3)n4c5ccccc5[nH]c4=O)Cl,5.69,424.202989228,4.284500000000003,1,4,4,30,30,122.15370000000006,44.27,0,O=c1[nH]c2ccccc2n1C1CCN(C2CCN(Cc3ccccc3)CC2)CC1,nonAC
c1ccc(c(c1)CN2CCC(CC2)N3CCC(CC3)n4c5ccc(cc5[nH]c4=O)F)C(F)(F)F,5.57,476.219924396,4.789000000000004,1,4,4,34,34,122.10370000000007,44.27,0,O=c1[nH]c2ccccc2n1C1CCN(C2CCN(Cc3ccccc3)CC2)CC1,nonAC
CCN(CC)C(=O)C1CN(C2Cc3c[nH]c4c3c(ccc4)C2=C1)C(=O)Nc5ccccc5,5.8,428.221226136,4.508300000000003,2,2,4,32,32,127.35240000000005,68.44,0,O=C(Nc1ccccc1)N1CCC=C2c3cccc4[nH]cc(c34)CC21,nonAC
Cc1c(cc([nH]1)c2ccccc2)C(=O)NCCCN3CCN(CC3)c4cccc(c4Cl)Cl,5.97,470.164016876,5.2390200000000045,2,3,7,32,32,133.03089999999997,51.370000000000005,0,O=C(NCCCN1CCN(c2ccccc2)CC1)c1c[nH]c(-c2ccccc2)c1,nonAC
Cc1c(cc(n1C)c2ccccc2)C(=O)NCCCN3CCN(CC3)c4cccc(c4Cl)Cl,5.6,484.17966694,5.249420000000005,1,4,7,33,33,137.65119999999987,40.510000000000005,0,O=C(NCCCN1CCN(c2ccccc2)CC1)c1c[nH]c(-c2ccccc2)c1,nonAC
CCN1CCCC1CNC(=O)c2c(c(cc(c2Cl)Cl)O)OC,7.49,346.0850978599999,2.9217000000000013,2,4,5,22,22,87.28100000000003,61.80000000000001,0,O=C(NCC1CCCN1)c1ccccc1,AC
CCN1CCCC1CNC(=O)c2c(c(cc(c2Cl)OC)O)OC,7.15,342.134634896,2.2769000000000004,2,5,6,23,23,88.82300000000005,71.03000000000002,0,O=C(NCC1CCCN1)c1ccccc1,AC
CCN1CCCC1CNC(=O)c2c(ccc(c2Br)Br)OC,8.1,417.98915208,3.434300000000002,1,3,5,21,21,90.99620000000004,41.57000000000001,0,O=C(NCC1CCCN1)c1ccccc1,AC
CCc1ccc(c(c1Br)C(=O)NCC2CCCN2CC)OC,7.96,368.1099401400001,3.234200000000002,1,3,6,22,22,92.67420000000006,41.57000000000001,0,O=C(NCC1CCCN1)c1ccccc1,AC
CCN1CCCC1CNC(=O)c2c(ccc(c2OC)I)OC,9.17,418.075340596,2.522500000000001,1,4,6,22,22,94.86520000000006,50.80000000000001,0,O=C(NCC1CCCN1)c1ccccc1,AC
CCCc1cc(c(c(c1C)C(=O)NCC2CCCN2CC)OC)O,8.3,334.2256428199999,2.8758200000000023,2,4,7,24,24,95.99300000000008,61.80000000000001,0,O=C(NCC1CCCN1)c1ccccc1,AC
CCCc1c(cc(c(c1C(=O)NCC2CCCN2CC)OC)O)Cl,6.96,354.171020404,3.220800000000002,2,4,7,24,24,96.26600000000003,61.80000000000001,0,O=C(NCC1CCCN1)c1ccccc1,AC
CCc1ccc(c(c1C(=O)NCC2CCCN2CC)OC)O,6.91,306.194342692,2.1773,2,4,6,22,22,86.63900000000005,61.80000000000001,0,O=C(NCC1CCCN1)c1ccccc1,AC
CCN1CCCC1CNC(=O)c2c(c(cc(c2OC)I)O)OC,9.54,434.070255216,2.2281000000000004,2,5,6,23,23,96.53000000000006,71.03000000000002,0,O=C(NCC1CCCN1)c1ccccc1,AC
CCN1CCCC1CNC(=O)c2c(ccc(c2OC)SC)OC,8.96,338.166413692,2.639800000000001,1,5,7,23,23,93.92920000000008,50.80000000000001,0,O=C(NCC1CCCN1)c1ccccc1,AC
CCc1cc(c(c(c1OC)C(=O)NCC2CCCN2CC)OC)O,8.89,336.20490737599994,2.1859,2,5,7,24,24,93.19100000000005,71.03,0,O=C(NCC1CCCN1)c1ccccc1,AC
CCCCc1ccc(c(c1OC)C(=O)NCC2CCCN2CC)OC,8.57,348.241292884,3.260500000000002,1,4,9,25,25,100.76020000000008,50.8,0,O=C(NCC1CCCN1)c1ccccc1,AC
CCCc1ccc(c(c1)C(=O)NCC2CCCN2CC)OC,7.17,304.215078136,2.861800000000001,1,3,7,22,22,89.59120000000006,41.57000000000001,0,O=C(NCC1CCCN1)c1ccccc1,AC
CCN1CCCC1CNC(=O)c2cc(ccc2OC)Cl,6.59,296.129155592,2.5627000000000004,1,3,5,20,20,80.60620000000004,41.57000000000001,0,O=C(NCC1CCCN1)c1ccccc1,AC
CCN1CCCC1CNC(=O)c2c(ccc(c2Cl)Cl)OC,7.7,330.09018324,3.2161000000000017,1,3,5,21,21,85.61620000000005,41.57000000000001,0,O=C(NCC1CCCN1)c1ccccc1,AC
CCN1CCCC1CNC(=O)c2c(ccc(c2Br)Cl)OC,8.25,374.03966766,3.3252000000000024,1,3,5,21,21,88.30620000000005,41.57000000000001,0,O=C(NCC1CCCN1)c1ccccc1,AC
CCN1CCCC1CNC(=O)c2cc(ccc2OC)Br,7.34,340.07864001200005,2.671800000000001,1,3,5,20,20,83.29620000000004,41.57000000000001,0,O=C(NCC1CCCN1)c1ccccc1,AC
CCc1ccc(c(c1Cl)C(=O)NCC2CCCN2CC)OC,8.38,324.16045572,3.125100000000001,1,3,6,22,22,89.98420000000004,41.57000000000001,0,O=C(NCC1CCCN1)c1ccccc1,AC
CCN1CCCC1CNC(=O)c2c(ccc(c2OC)O)Cl,7.19,312.124070212,2.2683000000000004,2,4,5,21,21,82.27100000000004,61.80000000000001,0,O=C(NCC1CCCN1)c1ccccc1,AC
CCN1CCCC1CNC(=O)c2c(ccc(c2OC)O)OC,8.06,308.173607248,1.6235,2,5,6,22,22,83.81300000000005,71.03000000000002,0,O=C(NCC1CCCN1)c1ccccc1,AC
CCN1CCCC1CNC(=O)c2cc(cc(c2OC)O)F,6.44,296.15362075200005,1.754,2,4,5,21,21,77.21900000000004,61.80000000000001,0,O=C(NCC1CCCN1)c1ccccc1,AC
CCN1CCCC1CNC(=O)c2cc(cc(c2OC)O)Cl,7.41,312.124070212,2.2683000000000004,2,4,5,21,21,82.27100000000004,61.80000000000001,0,O=C(NCC1CCCN1)c1ccccc1,AC
CCN1CCCC1CNC(=O)c2c(c(cc(c2Br)Cl)O)OC,7.24,390.03458228,3.030800000000001,2,4,5,22,22,89.97100000000005,61.80000000000001,0,O=C(NCC1CCCN1)c1ccccc1,AC
CCc1c(cc(c(c1C(=O)NCC2CCCN2CC)OC)O)Cl,7.92,340.15537034,2.830700000000001,2,4,6,23,23,91.64900000000004,61.80000000000001,0,O=C(NCC1CCCN1)c1ccccc1,AC
CCN1CCCC1CNC(=O)c2cc(cc(c2OC)O)Br,8.08,356.073554632,2.377400000000001,2,4,5,21,21,84.96100000000004,61.80000000000001,0,O=C(NCC1CCCN1)c1ccccc1,AC
CCN1CCCC1CNC(=O)c2c(c(cc(c2Cl)Br)O)OC,7.77,390.03458228,3.030800000000001,2,4,5,22,22,89.97100000000005,61.80000000000001,0,O=C(NCC1CCCN1)c1ccccc1,AC
CCN1CCCC1CNC(=O)c2c(c(cc(c2Br)Br)O)OC,7.59,433.9840667,3.1399000000000017,2,4,5,22,22,92.66100000000004,61.80000000000001,0,O=C(NCC1CCCN1)c1ccccc1,AC
CCN1CCCC1CNC(=O)c2c(c(cc(c2OC)Br)O)OC,8.85,386.084119316,2.386,2,5,6,23,23,91.51300000000003,71.03000000000002,0,O=C(NCC1CCCN1)c1ccccc1,AC
CCN1CCCC1CNC(=O)c2c(c(cc(c2OC)O)Br)[N+](=O)[O-],6.73,401.05863284,2.285600000000001,2,6,6,24,24,91.61540000000004,104.94000000000004,0,O=C(NCC1CCCN1)c1ccccc1,AC
CCN1CCCC1CNC(=O)c2cc(cc(c2OC)O)I,8.52,404.059690532,2.2195000000000005,2,4,5,21,21,89.97800000000004,61.80000000000001,0,O=C(NCC1CCCN1)c1ccccc1,AC
CCN1CCCC1CNC(=O)c2c(c(cc(c2Cl)C)O)OC,7.59,326.139720276,2.576720000000001,2,4,5,22,22,87.00800000000004,61.80000000000001,0,O=C(NCC1CCCN1)c1ccccc1,AC
CCN1CCCC1CNC(=O)c2c(c(cc(c2OC)O)C)C,8.11,306.194342692,2.2317400000000003,2,4,5,22,22,86.73500000000004,61.80000000000001,0,O=C(NCC1CCCN1)c1ccccc1,AC
CCc1cc(c(c(c1)O)OC)C(=O)NCC2CCCN2CC,8.54,306.194342692,2.1773,2,4,6,22,22,86.63900000000004,61.8,0,O=C(NCC1CCCN1)c1ccccc1,AC
CCc1cc(c(c(c1F)C(=O)NCC2CCCN2CC)OC)O,8.82,324.18492088,2.3164,2,4,6,23,23,86.59700000000005,61.80000000000001,0,O=C(NCC1CCCN1)c1ccccc1,AC
CCc1cc(c(c(c1Cl)C(=O)NCC2CCCN2CC)OC)O,9.04,340.15537034,2.830700000000001,2,4,6,23,23,91.64900000000004,61.80000000000001,0,O=C(NCC1CCCN1)c1ccccc1,AC
CCc1cc(c(c(c1Br)C(=O)NCC2CCCN2CC)OC)O,8.64,384.10485476,2.939800000000002,2,4,6,23,23,94.33900000000004,61.80000000000001,0,O=C(NCC1CCCN1)c1ccccc1,AC
CCCc1cc(c(c(c1)O)OC)C(=O)NCC2CCCN2CC,9.3,320.209992756,2.5674,2,4,7,23,23,91.25600000000004,61.8,0,O=C(NCC1CCCN1)c1ccccc1,AC
CCN1CCCC1CNC(=O)c2cc(cc(c2OC)O)OC,6.69,308.173607248,1.6235,2,5,6,22,22,83.81300000000005,71.03000000000002,0,O=C(NCC1CCCN1)c1ccccc1,AC
CCN1CCCC1CNC(=O)c2c(c(cc(c2Br)OC)O)OC,7.17,386.084119316,2.386,2,5,6,23,23,91.51300000000003,71.03000000000002,0,O=C(NCC1CCCN1)c1ccccc1,AC
CCN1CCCC1CNC(=O)c2c(ccc(c2O)Br)OC,8.0,356.073554632,2.3774000000000006,2,4,5,21,21,84.96100000000004,61.80000000000001,0,O=C(NCC1CCCN1)c1ccccc1,AC
CCCc1cc(c(c(c1Cl)C(=O)NCC2CCCN2CC)OC)O,8.49,354.171020404,3.2208000000000028,2,4,7,24,24,96.26600000000006,61.80000000000001,0,O=C(NCC1CCCN1)c1ccccc1,AC
CCN1CCCC1CNC(=O)c2c(c(cc(c2Br)C)O)OC,8.26,370.089204696,2.685820000000001,2,4,5,22,22,89.69800000000005,61.80000000000001,0,O=C(NCC1CCCN1)c1ccccc1,AC
CCN1CCCC1CNC(=O)c2c(ccc(c2OC)C)OC,8.28,306.194342692,2.2263200000000003,1,4,6,22,22,86.88520000000005,50.80000000000001,0,O=C(NCC1CCCN1)c1ccccc1,AC
CCc1c(cc(c(c1C(=O)NCC2CCCN2CC)OC)O)Br,7.77,384.10485476,2.9398000000000013,2,4,6,23,23,94.33900000000004,61.80000000000001,0,O=C(NCC1CCCN1)c1ccccc1,AC
CCc1cc(c(c(c1CC)C(=O)NCC2CCCN2CC)OC)O,8.75,334.2256428199999,2.7397000000000014,2,4,7,24,24,96.01700000000008,61.80000000000001,0,O=C(NCC1CCCN1)c1ccccc1,AC
CCc1ccc(c(c1OC)C(=O)NCC2CCCN2CC)OC,8.89,320.209992756,2.4803000000000006,1,4,7,23,23,91.52620000000006,50.8,0,O=C(NCC1CCCN1)c1ccccc1,AC
CCN1CCCC1CNC(=O)c2c(cccc2OC)OC,7.28,292.178692628,1.9179,1,4,6,21,21,82.14820000000006,50.80000000000001,0,O=C(NCC1CCCN1)c1ccccc1,AC
CCc1ccc(c(c1)C(=O)NCC2CCCN2CC)OC,7.4,290.199428072,2.4717,1,3,6,21,21,84.97420000000005,41.57000000000001,0,O=C(NCC1CCCN1)c1ccccc1,AC
CCN1CCCC1CNC(=O)c2cccc(c2OC)O,6.5,278.163042564,1.6148999999999998,2,4,5,20,20,77.26100000000004,61.80000000000001,0,O=C(NCC1CCCN1)c1ccccc1,AC
CCN1CCCC1CNC(=O)c2c(ccc(c2OC)O)Br,7.25,356.073554632,2.377400000000001,2,4,5,21,21,84.96100000000004,61.80000000000001,0,O=C(NCC1CCCN1)c1ccccc1,AC
CCN1CCCC1CNC(=O)c2c(c(cc(c2OC)O)Cl)C,7.96,326.139720276,2.576720000000001,2,4,5,22,22,87.00800000000004,61.80000000000001,0,O=C(NCC1CCCN1)c1ccccc1,AC
CCN1CCCC1CNC(=O)c2c(c(cc(c2OC)Cl)O)OC,8.77,342.134634896,2.2769000000000004,2,5,6,23,23,88.82300000000005,71.03000000000002,0,O=C(NCC1CCCN1)c1ccccc1,AC
CCN1CCCC1CNC(=O)c2c(c(cc(c2F)Br)O)OC,8.15,374.06413282,2.5165,2,4,5,22,22,84.91900000000003,61.80000000000001,0,O=C(NCC1CCCN1)c1ccccc1,AC
CCN1CCCC1CNC(=O)c2c(c(cc(c2OC)O)Br)C,7.96,370.089204696,2.685820000000001,2,4,5,22,22,89.69800000000005,61.80000000000001,0,O=C(NCC1CCCN1)c1ccccc1,AC
CCN1CCCC1CNC(=O)c2cc(cc(c2OC)O)C,7.72,292.178692628,1.92332,2,4,5,21,21,81.99800000000005,61.80000000000001,0,O=C(NCC1CCCN1)c1ccccc1,AC
CCCc1c(cc(c(c1C(=O)NCC2CCCN2CC)OC)O)C,6.85,334.22564282,2.875820000000001,2,4,7,24,24,95.99300000000008,61.80000000000001,0,O=C(NCC1CCCN1)c1ccccc1,AC
CCN1CCCC1CNC(=O)c2cc(cc(c2OC)O)[N+](=O)[O-],5.52,323.148120772,1.5231,2,6,6,23,23,83.91540000000003,104.94000000000004,0,O=C(NCC1CCCN1)c1ccccc1,AC
CC1CC(=O)c2ccc(cc2N1S(=O)(=O)c3ccc4ccccc4c3)N5CCN(CC5)C,6.87,449.1773127240001,3.761800000000002,0,5,3,32,32,128.17430000000004,60.93000000000001,0,O=C1CCN(S(=O)(=O)c2ccc3ccccc3c2)c2cc(N3CCNCC3)ccc21,nonAC
Cc1cc(c2c(c1)N(C(CC2=O)C)S(=O)(=O)c3ccc4ccccc4c3)N5CCN(CC5)C,5.75,463.1929627880001,4.070220000000004,0,5,3,33,33,132.91129999999998,60.93000000000001,0,O=C1CCN(S(=O)(=O)c2ccc3ccccc3c2)c2cccc(N3CCNCC3)c21,nonAC
COc1ccc2c(c1)cc(o2)C(=O)NCCC(CN3CCN(CC3)c4cccc(c4Cl)Cl)F,5.8,493.133525272,5.028400000000005,1,5,8,33,33,129.72719999999998,57.95,0,O=C(NCCCCN1CCN(c2ccccc2)CC1)c1cc2ccccc2o1,nonAC
COc1ccccc1N2CCN(CC2)CC(CCNC(=O)c3cc4ccccc4s3)F,6.38,441.188626356,4.190100000000003,1,5,8,31,31,125.31820000000003,44.81,0,O=C(NCCCCN1CCN(c2ccccc2)CC1)c1cc2ccccc2s1,nonAC
CCN1CCCC1CNC(=O)c2cc(ccc2OC)S(=O)(=O)N,7.34,341.140927216,0.5567000000000012,2,5,6,23,23,86.96940000000005,101.73,0,O=C(NCC1CCCN1)c1ccccc1,AC
CCOc1ccc(cc1)CCNCCCSCCNCC(c2ccc(c3c2sc(=O)[nH]3)O)O,5.4,491.191248536,3.2725000000000017,5,8,15,33,33,138.06670000000005,106.61,0,O=c1[nH]c2cccc(CCNCCSCCCNCCc3ccccc3)c2s1,nonAC
CCc1ccc(cc1)CCNCCCSCCNCC(c2ccc(c3c2sc(=O)[nH]3)O)O,5.6,475.196333916,3.436200000000002,5,7,14,32,32,136.27570000000003,97.38,0,O=c1[nH]c2cccc(CCNCCSCCCNCCc3ccccc3)c2s1,nonAC
c1ccc(cc1)CCNCCCSCCNCC(c2ccc(c3c2sc(=O)[nH]3)O)O,5.4,447.165033788,2.873800000000001,5,7,13,30,30,126.89770000000009,97.38,0,O=c1[nH]c2cccc(CCNCCSCCCNCCc3ccccc3)c2s1,nonAC
c1ccc(cc1)CCOCCOCCCNCC(c2ccc(c3c2sc(=O)[nH]3)O)O,6.1,432.171892996,2.584200000000001,4,7,13,30,30,118.34100000000008,103.81,0,O=c1[nH]c2cccc(CCNCCCOCCOCCc3ccccc3)c2s1,nonAC
c1ccc2c(c1)cccc2CCOCCSCCCNCC(c3ccc(c4c3sc(=O)[nH]4)O)O,6.7,498.16469944,4.454000000000004,4,7,13,34,34,142.35299999999998,94.58,0,O=c1[nH]c2cccc(CCNCCCSCCOCCc3cccc4ccccc34)c2s1,nonAC
c1ccc(cc1)CCOCCCSCCCNCC(c2ccc(c3c2sc(=O)[nH]3)O)O,6.2,462.16469944,3.6909000000000014,4,7,14,31,31,129.46400000000008,94.58,0,O=c1[nH]c2cccc(CCNCCCSCCCOCCc3ccccc3)c2s1,nonAC
c1ccc(cc1)CCOCCCS(=O)(=O)CCNCCc2ccc(c3c2sc(=O)[nH]3)O,7.0,464.143963996,2.4915000000000007,3,7,13,31,31,124.92000000000009,108.49,0,O=c1[nH]c2cccc(CCNCCS(=O)(=O)CCCOCCc3ccccc3)c2s1,nonAC
c1ccc(cc1)C(c2ccccc2)(C3CCN(C3)CCc4ccc5c(c4)CCO5)C(=O)N,4.6,426.23072819999993,3.957500000000002,1,3,7,32,32,126.75040000000004,55.56,0,c1ccc(C(c2ccccc2)C2CCN(CCc3ccc4c(c3)CCO4)C2)cc1,nonAC
c1ccc(c(c1)CCNCCCSCCNCC(c2ccc(c3c2sc(=O)[nH]3)O)O)Cl,5.8,481.12606143599993,3.5272000000000023,5,7,13,31,31,131.9077000000001,97.38,0,O=c1[nH]c2cccc(CCNCCSCCCNCCc3ccccc3)c2s1,nonAC
c1cc(cc(c1)Cl)CCNCCCOCCNCC(c2ccc(c3c2sc(=O)[nH]3)O)O,5.5,465.148905056,2.810600000000001,5,7,13,31,31,125.40170000000006,106.61,0,O=c1[nH]c2cccc(CCNCCOCCCNCCc3ccccc3)c2s1,nonAC
c1cc(cc(c1)Cl)CCNCCSCCCNCC(c2ccc(c3c2sc(=O)[nH]3)O)O,5.8,481.126061436,3.5272000000000023,5,7,13,31,31,131.9077000000001,97.38,0,O=c1[nH]c2cccc(CCNCCCSCCNCCc3ccccc3)c2s1,nonAC
c1ccc(c(c1)CCNCCSCCCNCC(c2ccc(c3c2sc(=O)[nH]3)O)O)Cl,6.0,481.12606143599993,3.5272000000000023,5,7,13,31,31,131.9077000000001,97.38,0,O=c1[nH]c2cccc(CCNCCCSCCNCCc3ccccc3)c2s1,nonAC
CN(CCc1ccccc1)CCOCCCNCC(c2ccc(c3c2sc(=O)[nH]3)O)O,5.6,445.203527472,2.4994000000000005,4,7,13,31,31,125.01900000000008,97.82,0,O=c1[nH]c2cccc(CCNCCCOCCNCCc3ccccc3)c2s1,nonAC
Cc1c(nc(n1c2ccccc2)C)C(=O)NCCN3CCN(CC3)c4cccc(c4Cl)Cl,6.04,471.15926584400006,4.347940000000003,1,5,6,32,32,130.48619999999997,53.400000000000006,0,O=C(NCCN1CCN(c2ccccc2)CC1)c1cn(-c2ccccc2)cn1,nonAC
Cc1c(nc(n1c2ccccc2)C)C(=O)NCCCN3CCN(CC3)c4cccc(c4Cl)Cl,5.86,485.17491590800006,4.738040000000004,1,5,7,33,33,135.10319999999993,53.400000000000006,0,O=C(NCCCN1CCN(c2ccccc2)CC1)c1cn(-c2ccccc2)cn1,nonAC
c1cnc(nc1)N2CCN(CC2)CCCCN3C(=O)CC4(CCCC4)CC3=O,6.49,385.247775232,2.088199999999999,0,6,6,28,28,106.77400000000009,69.64000000000001,0,O=C1CC2(CCCC2)CC(=O)N1CCCCN1CCN(c2ncccn2)CC1,nonAC
c1ccc2c(c1)nc(s2)SSc3nc4ccccc4s3,5.23,331.95703225600005,5.705400000000003,0,6,3,20,20,90.95400000000002,25.78,0,c1ccc2sc(SSc3nc4ccccc4s3)nc2c1,nonAC
COc1ccc(cc1)CCN2CCC(CC2)Nc3nc4ccccc4n3Cc5ccc(cc5)F,5.35,458.248189832,5.3513000000000055,1,5,8,34,34,135.01769999999996,42.32,0,c1ccc(CCN2CCC(Nc3nc4ccccc4n3Cc3ccccc3)CC2)cc1,nonAC
c1ccc2c(c1)N=C(c3cc(ccc3O2)Cl)N4CCNCC4,6.7,313.09818981200004,3.4292000000000007,1,4,0,22,22,88.60770000000005,36.86,0,c1ccc2c(c1)N=C(N1CCNCC1)c1ccccc1O2,nonAC
CN(C)CCC=C1c2ccccc2CCc3c1cccc3,6.0,277.183049736,4.168600000000003,0,1,3,21,21,90.54200000000006,3.24,0,C=C1c2ccccc2CCc2ccccc21,nonAC
CN(C)c1ccc(cc1)C(=C2C=CC(=[N+](C)C)C=C2)c3ccc(cc3)N(C)C,5.5,372.24342438009,4.459600000000004,0,2,4,28,28,122.95540000000004,9.49,1,[N+]=C1C=CC(=C(c2ccccc2)c2ccccc2)C=C1,nonAC
c1cc(ccc1COC(Cn2ccnc2)c3ccc(cc3Cl)Cl)Cl,4.89,380.02499614,5.801400000000003,0,3,6,24,24,97.67100000000002,27.05,0,c1ccc(COC(Cn2ccnc2)c2ccccc2)cc1,nonAC
c1ccc(cc1)C=CCN2CCN(CC2)C(c3ccc(cc3)F)c4ccc(cc4)F,6.45,404.206405272,5.3852000000000055,0,2,6,30,30,118.13200000000003,6.48,0,C(=Cc1ccccc1)CN1CCN(C(c2ccccc2)c2ccccc2)CC1,nonAC
CC(CO)NC(=O)C1CN(C2Cc3c[nH]c4c3c(ccc4)C2=C1)C,6.26,325.179026976,1.5346000000000002,3,3,3,24,24,94.57820000000004,68.36,0,C1=C2c3cccc4[nH]cc(c34)CC2NCC1,AC
c1ccc2c(c1)N(c3cc(ccc3S2)C(F)(F)F)CCCN4CCN(CC4)CCO,8.79,437.174868112,4.308100000000005,1,5,6,30,30,113.59780000000003,29.950000000000003,0,c1ccc2c(c1)Sc1ccccc1N2CCCN1CCNCC1,nonAC
c1ccc2c(c1)[nH]c(=O)n2C3=CCN(CC3)CCCC(=O)c4ccc(cc4)F,8.62,379.169605164,3.6784000000000026,1,4,6,28,28,107.85320000000002,58.1,0,O=C(CCCN1CC=C(n2c(=O)[nH]c3ccccc32)CC1)c1ccccc1,nonAC
CC(c1ccccc1)(c2ccc(cc2)Cl)OCCC3CCCN3C,6.87,343.170292132,5.104400000000005,0,2,6,24,24,100.56900000000007,12.47,0,c1ccc(C(OCCC2CCCN2)c2ccccc2)cc1,nonAC
c1ccc(cc1)C(CCCN2CCCCC2)(c3ccccc3)O,5.48,309.209264484,4.1886000000000045,1,2,6,23,23,95.40780000000008,23.47,0,c1ccc(C(CCCN2CCCCC2)c2ccccc2)cc1,nonAC
CCN(CC)C(=S)SSC(=S)N(CC)CC,4.64,296.05093264,3.621200000000002,0,4,4,16,16,86.22000000000004,6.48,0,,nonAC
c1ccc(cc1)C(c2ccccc2)(c3ccccc3Cl)n4ccnc4,4.91,344.10802622400007,5.376700000000004,0,2,4,25,25,101.84300000000005,17.82,0,c1ccc(C(c2ccccc2)(c2ccccc2)n2ccnc2)cc1,nonAC
CCC(=C(CC)c1ccc(cc1)O)c2ccc(cc2)O,4.88,268.14632988,4.828600000000005,2,2,4,20,20,83.60960000000004,40.46,0,C(=Cc1ccccc1)c1ccccc1,nonAC
c1ccc(cc1)C=CCN2CCN(CC2)C(c3ccccc3)c4ccccc4,6.11,368.225248896,5.1070000000000055,0,2,6,28,28,118.21600000000004,6.48,0,C(=Cc1ccccc1)CN1CCN(C(c2ccccc2)c2ccccc2)CC1,nonAC
CN(C)CCCN1c2ccccc2Sc3c1cc(cc3)Cl,8.2975,318.095747288,4.894400000000004,0,3,4,21,21,92.19400000000005,6.48,0,c1ccc2c(c1)Nc1ccccc1S2,nonAC
CN(C)CCCN1c2ccccc2CCc3c1cc(cc3)Cl,6.38,314.154976416,4.528400000000004,0,2,4,22,22,95.47900000000006,6.48,0,c1ccc2c(c1)CCc1ccccc1N2,nonAC
CN1CCC(=C2c3ccccc3C=Cc4c2cccc4)CC1,6.79,287.167399672,4.697900000000004,0,1,0,22,22,94.56500000000004,3.24,0,C1=Cc2ccccc2C(=C2CCNCC2)c2ccccc21,nonAC
c1ccc2c(c1)[nH]c(=O)n2CCCN3CCC(CC3)n4c5ccc(cc5[nH]c4=O)Cl,8.58,425.161852688,3.353200000000002,2,5,5,30,30,119.45540000000004,78.82,0,O=c1[nH]c2ccccc2n1CCCN1CCC(n2c(=O)[nH]c3ccccc32)CC1,nonAC
COc1ccccc1OCCNCC(COc2cccc3c2c4ccccc4[nH]3)O,6.84,406.189257312,3.7380000000000018,3,5,10,30,30,118.66520000000004,75.74,0,c1ccc(OCCNCCCOc2cccc3[nH]c4ccccc4c23)cc1,nonAC
CN(C)CCCN1c2ccccc2Sc3c1cccc3,6.3,284.13471964,4.241000000000003,0,3,4,20,20,87.18400000000005,6.48,0,c1ccc2c(c1)Nc1ccccc1S2,nonAC
CC(CN1c2ccccc2Sc3c1cccc3)N(C)C,6.555,284.13471964,4.239400000000004,0,3,3,20,20,87.16200000000006,6.48,0,c1ccc2c(c1)Nc1ccccc1S2,nonAC
CCCN1CC(CC2C1Cc3c[nH]c4c3c2ccc4)CSC,6.96,314.18166983199995,4.271100000000003,1,2,4,22,22,96.88470000000008,19.03,0,c1cc2c3c(c[nH]c3c1)CC1NCCCC21,nonAC
c1ccc2c(c1)N(c3cc(ccc3S2)Cl)CCCN4CCC(CC4)C(=O)N,8.39,401.132861068,4.530100000000003,1,4,5,27,27,111.99840000000006,49.57,0,c1ccc2c(c1)Sc1ccccc1N2CCCN1CCCCC1,nonAC
Cc1cc2c(s1)Nc3ccccc3N=C2N4CCN(CC4)C,7.465,312.14086764,3.439220000000004,1,5,0,22,22,94.04770000000003,30.870000000000005,0,c1ccc2c(c1)N=C(N1CCNCC1)c1ccsc1N2,nonAC
c1ccc2c(c1)C(=Nc3ccccc3S2)N4CCN(CC4)CCOCCO,5.88,383.16674804,2.856000000000001,1,6,5,27,27,109.12180000000004,48.3,0,c1ccc2c(c1)N=C(N1CCNCC1)c1ccccc1S2,nonAC
CN1CCN(CC1)CCCN2c3ccccc3Sc4c2cc(cc4)Cl,7.96,373.137946448,4.580200000000004,0,4,4,25,25,107.57700000000004,9.72,0,c1ccc2c(c1)Sc1ccccc1N2CCCN1CCNCC1,nonAC
CCC(CO)NC(=O)C1CN(C2Cc3cn(c4c3c(ccc4)C2=C1)C)C,6.09,353.210327104,1.9351000000000005,2,4,4,26,26,103.81550000000009,57.5,0,C1=C2c3cccc4[nH]cc(c34)CC2NCC1,AC
CNCCCC12CCC(c3c1cccc3)c4c2cccc4,5.46,277.183049736,4.211400000000004,1,1,4,21,21,87.90170000000006,12.03,0,c1ccc2c(c1)C1CCC2c2ccccc21,nonAC
CCN(CC)CCNC(=O)c1cc(c(cc1OC)N)Cl,6.9,299.140054624,2.0024,2,4,7,20,20,82.53760000000004,67.59,0,c1ccccc1,nonAC
c1cc(c(cc1Cl)Cl)COC(Cn2ccnc2)c3ccc(cc3Cl)Cl,4.9,413.986023788,6.454800000000004,0,3,6,25,25,102.681,27.05,0,c1ccc(COC(Cn2ccnc2)c2ccccc2)cc1,nonAC
Cn1cc2c3c1cccc3C4CC(CN(C4C2)C)CNC(=O)OCc5ccccc5,7.2,403.225977168,4.064700000000003,1,4,4,30,30,118.51870000000002,46.5,0,O=C(NCC1CNC2Cc3c[nH]c4cccc(c34)C2C1)OCc1ccccc1,nonAC
CCN(CC)C(=O)NC1CN(C2Cc3c[nH]c4c3c(ccc4)C2=C1)C,8.54,338.210661452,2.841400000000001,2,2,3,25,25,101.63840000000006,51.370000000000005,0,C1=C2c3cccc4[nH]cc(c34)CC2NCC1,AC
CCC(CO)NC(=O)C1CN(C2Cc3c[nH]c4c3c(ccc4)C2=C1)C,6.08,339.19467704,1.9247000000000003,3,3,4,25,25,99.19520000000006,68.36,0,C1=C2c3cccc4[nH]cc(c34)CC2NCC1,AC
CCN1CCCC1CNC(=O)c2cc(ccc2OC)S(=O)(=O)N,6.89,341.140927216,0.5567000000000012,2,5,6,23,23,86.96940000000005,101.73,0,O=C(NCC1CCCN1)c1ccccc1,AC
COC(=O)C1C(CCC2C1CC3c4c(c5ccccc5[nH]4)CCN3C2)O,5.69,354.194342692,2.6471000000000013,2,4,1,26,26,98.66050000000006,65.56,0,c1ccc2c3c([nH]c2c1)C1CC2CCCCC2CN1CC3,nonAC
CN1CCCCC1CCN2c3ccccc3Sc4c2cc(cc4)SC,7.46,370.153740832,5.8856000000000055,0,4,4,25,25,110.68000000000004,6.48,0,c1ccc2c(c1)Sc1ccccc1N2CCC1CCCCN1,nonAC
CCC(=C(c1ccccc1)c2ccc(cc2)OCCN(C)C)c3ccccc3,4.86,371.224914548,5.996100000000006,0,2,8,28,28,119.58200000000004,12.47,0,C(=C(c1ccccc1)c1ccccc1)c1ccccc1,nonAC
CCN(CC)CCNC(=O)c1cc(ccc1OC)S(=O)(=O)C,5.91,328.145678248,1.1703,1,5,8,22,22,86.22500000000005,75.71000000000001,0,c1ccccc1,nonAC
Cc1c(c(=O)n2c(n1)CCCC2)CCN3CCC(CC3)c4c5ccc(cc5on4)F,7.7,410.211804324,3.5904200000000026,0,6,4,30,30,112.25800000000004,64.16,0,O=c1c(CCN2CCC(c3noc4ccccc34)CC2)cnc2n1CCCC2,nonAC
CC(C)(C)c1ccc(cc1)C(CCCN2CCC(CC2)C(c3ccccc3)(c4ccccc4)O)O,5.21,471.3137295519999,6.445800000000009,2,3,8,35,35,144.38259999999988,43.7,0,c1ccc(CCCCN2CCC(C(c3ccccc3)c3ccccc3)CC2)cc1,nonAC
c1cc(ccc1c2c(c3ccc(cc3s2)O)C(=O)c4ccc(cc4)OCCN5CCCCC5)O,5.93,473.166079344,6.075200000000008,2,6,7,34,34,136.25109999999995,70.0,0,O=C(c1ccc(OCCN2CCCCC2)cc1)c1c(-c2ccccc2)sc2ccccc12,nonAC
CCOC(=O)N1CCC(CC1)NCCNC(=O)c2ccccc2C,5.35,333.205241724,1.93532,2,4,6,24,24,93.13190000000006,70.67,0,O=C(NCCNC1CCNCC1)c1ccccc1,nonAC
CC(=O)NC1CC2(CCN(CC2)Cc3ccc4c(c3)c5cc(ccc5[nH]4)Cl)c6c1cccc6,6.3,457.192090196,6.089200000000005,2,2,3,33,33,134.62039999999996,48.13,0,c1ccc2c(c1)CCC21CCN(Cc2ccc3[nH]c4ccccc4c3c2)CC1,nonAC
CC(=O)NC1CC2(CCN(CC2)Cc3ccc4c(c3)c5ccccc5n4C(=O)N)c6c1cccc6,5.82,466.2368762,4.836000000000004,2,4,3,35,35,138.23109999999994,80.36,0,c1ccc2c(c1)CCC21CCN(Cc2ccc3[nH]c4ccccc4c3c2)CC1,nonAC
c1ccc(c(c1)CCNCc2cccc(c2)CCNCC(c3ccc(c4c3sc(=O)[nH]4)O)O)Cl,6.2,497.1539904359999,4.146600000000004,5,6,11,34,34,138.94870000000003,97.38,0,O=c1[nH]c2cccc(CCNCCc3cccc(CNCCc4ccccc4)c3)c2s1,nonAC
c1ccc(c(c1)CCNCc2cccc(c2)CCNCC(c3ccc(c4c3sc(=O)[nH]4)O)O)F,6.4,481.1835409759999,3.6323000000000025,5,6,11,34,34,133.89670000000007,97.38,0,O=c1[nH]c2cccc(CCNCCc3cccc(CNCCc4ccccc4)c3)c2s1,nonAC
c1ccc(c(c1)CCNCc2ccc(cc2)CCNCC(c3ccc(c4c3sc(=O)[nH]4)O)O)F,5.7,481.1835409759999,3.6323000000000025,5,6,11,34,34,133.89670000000007,97.38,0,O=c1[nH]c2cccc(CCNCCc3ccc(CNCCc4ccccc4)cc3)c2s1,nonAC
COc1ccccc1CCNCc2ccc(cc2)CCNCC(c3ccc(c4c3sc(=O)[nH]4)O)O,6.2,493.203527472,3.501800000000002,5,7,12,35,35,140.4907,106.61,0,O=c1[nH]c2cccc(CCNCCc3ccc(CNCCc4ccccc4)cc3)c2s1,nonAC
c1ccc(cc1)CCNCc2ccc(cc2)CCNCC(c3ccc(c4c3sc(=O)[nH]4)O)O,5.7,463.19296278799993,3.4932000000000025,5,6,11,33,33,133.93870000000007,97.38,0,O=c1[nH]c2cccc(CCNCCc3ccc(CNCCc4ccccc4)cc3)c2s1,nonAC
c1ccnc(c1)CCNCc2cccc(c2)CCNCC(c3ccc(c4c3sc(=O)[nH]4)O)O,5.8,464.188211756,2.888200000000001,5,7,11,33,33,131.73370000000008,110.27,0,O=c1[nH]c2cccc(CCNCCc3cccc(CNCCc4ccccn4)c3)c2s1,nonAC
c1ccnc(c1)CCNCc2ccc(cc2)CCNCC(c3ccc(c4c3sc(=O)[nH]4)O)O,5.6,464.188211756,2.888200000000001,5,7,11,33,33,131.73370000000008,110.27,0,O=c1[nH]c2cccc(CCNCCc3ccc(CNCCc4ccccn4)cc3)c2s1,nonAC
c1ccc(c(c1)CCNCC(c2ccc(c3c2sc(=O)[nH]3)O)O)CNCCc4ccccc4F,6.1,481.183540976,3.6323000000000025,5,6,11,34,34,133.89669999999998,97.38,0,O=c1[nH]c2cccc(CCNCCc3ccccc3CNCCc3ccccc3)c2s1,nonAC
CC(CNCc1ccc(cc1)CCNCC(c2ccc(c3c2sc(=O)[nH]3)O)O)c4ccccc4,5.6,477.20861285199993,4.054200000000003,5,6,11,34,34,138.6497,97.38,0,O=c1[nH]c2cccc(CCNCCc3ccc(CNCCc4ccccc4)cc3)c2s1,nonAC
c1ccc(cc1)CCCNCc2cccc(c2)CCNCC(c3ccc(c4c3sc(=O)[nH]4)O)O,6.5,477.20861285199993,3.8833000000000033,5,6,12,34,34,138.55570000000003,97.38,0,O=c1[nH]c2cccc(CCNCCc3cccc(CNCCCc4ccccc4)c3)c2s1,nonAC
COc1ccccc1CNCc2cccc(c2)CCNCC(c3ccc(c4c3sc(=O)[nH]4)O)O,6.0,479.187877408,3.4593000000000016,5,7,11,34,34,135.62370000000004,106.61,0,O=c1[nH]c2cccc(CCNCCc3cccc(CNCc4ccccc4)c3)c2s1,nonAC
COc1ccccc1CNCc2ccc(cc2)CCNCC(c3ccc(c4c3sc(=O)[nH]4)O)O,5.6,479.187877408,3.4593000000000016,5,7,11,34,34,135.62370000000004,106.61,0,O=c1[nH]c2cccc(CCNCCc3ccc(CNCc4ccccc4)cc3)c2s1,nonAC
c1ccc(c(c1)CNCc2cccc(c2)CCNCC(c3ccc(c4c3sc(=O)[nH]4)O)O)Cl,6.6,483.1383403719999,4.104100000000003,5,6,10,33,33,134.08170000000004,97.38,0,O=c1[nH]c2cccc(CCNCCc3cccc(CNCc4ccccc4)c3)c2s1,nonAC
c1ccc(c(c1)CNCc2cccc(c2)CCNCC(c3ccc(c4c3sc(=O)[nH]4)O)O)F,6.2,467.1678909119999,3.589800000000003,5,6,10,33,33,129.02970000000008,97.38,0,O=c1[nH]c2cccc(CCNCCc3cccc(CNCc4ccccc4)c3)c2s1,nonAC
c1ccnc(c1)CNCc2cccc(c2)CCNCC(c3ccc(c4c3sc(=O)[nH]4)O)O,5.3,450.172561692,2.845700000000001,5,7,10,32,32,126.86670000000004,110.27,0,O=c1[nH]c2cccc(CCNCCc3cccc(CNCc4ccccn4)c3)c2s1,nonAC
COc1cccc(c1)CNCc2cccc(c2)CCNCC(c3ccc(c4c3sc(=O)[nH]4)O)O,6.1,479.187877408,3.4593000000000016,5,7,11,34,34,135.62370000000004,106.61,0,O=c1[nH]c2cccc(CCNCCc3cccc(CNCc4ccccc4)c3)c2s1,nonAC
COc1ccc(cc1)CNCc2cccc(c2)CCNCC(c3ccc(c4c3sc(=O)[nH]4)O)O,6.1,479.187877408,3.4593000000000016,5,7,11,34,34,135.62370000000004,106.61,0,O=c1[nH]c2cccc(CCNCCc3cccc(CNCc4ccccc4)c3)c2s1,nonAC
CCOc1ccccc1CNCc2cccc(c2)CCNCC(c3ccc(c4c3sc(=O)[nH]4)O)O,5.9,493.203527472,3.8494000000000033,5,7,12,35,35,140.2407,106.61,0,O=c1[nH]c2cccc(CCNCCc3cccc(CNCc4ccccc4)c3)c2s1,nonAC
CN(Cc1cccc(c1)CCNCC(c2ccc(c3c2sc(=O)[nH]3)O)O)Cc4ccccc4OC,6.0,493.2035274719999,3.8015000000000025,4,7,11,35,35,140.25099999999995,97.82,0,O=c1[nH]c2cccc(CCNCCc3cccc(CNCc4ccccc4)c3)c2s1,nonAC
COCCNCc1cccc(c1)CCNCC(c2ccc(c3c2sc(=O)[nH]3)O)O,6.1,417.172227344,1.8969,5,7,11,29,29,115.66870000000009,106.61,0,O=c1[nH]c2cccc(CCNCCc3ccccc3)c2s1,nonAC
c1cc(cc(c1)CN2CCCC2)CCNCC(c3ccc(c4c3sc(=O)[nH]4)O)O,5.5,413.17731272399993,2.7567000000000013,4,6,8,29,29,116.59700000000008,88.59,0,O=c1[nH]c2cccc(CCNCCc3cccc(CN4CCCC4)c3)c2s1,nonAC
c1ccc(c(c1)CCNCc2cccc(c2)OCCNCC(c3ccc(c4c3sc(=O)[nH]4)O)O)F,6.4,497.178455596,3.468600000000002,5,7,12,35,35,135.68770000000006,106.61,0,O=c1[nH]c2cccc(CCNCCOc3cccc(CNCCc4ccccc4)c3)c2s1,nonAC
COc1ccccc1CNCCc2cccc(c2)CCNCC(c3ccc(c4c3sc(=O)[nH]4)O)O,6.0,493.203527472,3.501800000000002,5,7,12,35,35,140.4907,106.61,0,O=c1[nH]c2cccc(CCNCCc3cccc(CCNCc4ccccc4)c3)c2s1,nonAC
COc1ccccc1CNCc2ccc(cc2)CCNCC(c3ccc(c4c3sc(=O)[nH]4)O)O,5.7,479.187877408,3.4593000000000016,5,7,11,34,34,135.62370000000004,106.61,0,O=c1[nH]c2cccc(CCNCCc3ccc(CNCc4ccccc4)cc3)c2s1,nonAC
CCCCCCCCCC(=O)NN1c2ccccc2C(=Nc3c1ccc(c3)Cl)N4CCN(CC4)C,5.05,495.276488516,6.289100000000008,1,5,9,35,35,146.0526999999998,51.18000000000001,0,c1ccc2c(c1)N=C(N1CCNCC1)c1ccccc1N2,AC
CCCCCCCCCC(=O)N1c2ccccc2C(=Nc3c1ccc(c3)Cl)N4CCN(CC4)C,6.11,480.265589484,6.784500000000008,0,4,8,34,34,142.91699999999983,39.150000000000006,0,c1ccc2c(c1)N=C(N1CCNCC1)c1ccccc1N2,AC
c1ccc(cc1)N2CNC(=O)C23CCN(CC3)CCCC(=O)c4ccc(cc4)F,9.25,395.200905292,3.217100000000001,1,4,6,29,29,110.30020000000005,52.650000000000006,0,O=C(CCCN1CCC2(CC1)C(=O)NCN2c1ccccc1)c1ccccc1,nonAC
COc1cc2c(cc1O)C3Cc4ccc(c(c4CN3CC2)OC)O,6.17,327.147058152,2.7705000000000006,2,5,2,24,24,89.87660000000004,62.16000000000001,0,c1ccc2c(c1)CC1c3ccccc3CCN1C2,nonAC
Cc1cc(c2c(c1)CC3c4cc(c(cc4CCN3C2)OC)O)C,6.34,309.172878976,3.6731400000000014,1,3,1,23,23,91.13380000000004,32.7,0,c1ccc2c(c1)CC1c3ccccc3CCN1C2,nonAC
COc1cc2c(cc1O)C3Cc4c(c(cc(c4CO)OC)OC)CN3CC2,6.29,371.1732729,2.565800000000001,2,6,4,27,27,100.68660000000006,71.39,0,c1ccc2c(c1)CC1c3ccccc3CCN1C2,nonAC
COc1ccc2c(c1)CC3c4cc(c(cc4CCN3C2)OC)O,6.06,311.152143532,3.064900000000002,1,4,2,23,23,88.21180000000005,41.93000000000001,0,c1ccc2c(c1)CC1c3ccccc3CCN1C2,nonAC
Cc1cc(c2c(c1)CC3c4cc(c(cc4CCN3C2)OC)OC)C,5.94,323.18852904,3.976140000000004,0,3,2,24,24,96.02100000000006,21.700000000000003,0,c1ccc2c(c1)CC1c3ccccc3CCN1C2,nonAC
CCCCCCN(CCc1ccccc1)CCc2cccc(c2)O,5.9,325.240564612,5.059700000000006,1,2,11,24,24,102.53880000000008,23.47,0,c1ccc(CCNCCc2ccccc2)cc1,nonAC
c1ccc(cc1)CCN(CCc2cccc(c2)O)CC3CCC3,5.78,309.209264484,4.279500000000003,1,2,8,23,23,95.73780000000006,23.47,0,c1ccc(CCN(CCc2ccccc2)CC2CCC2)cc1,nonAC
Cn1ccc(n1)CN2CCc3cc4c(cc3CC2)sc(n4)N,5.36,313.13611660800007,2.2128,1,6,2,22,22,89.92540000000004,59.97,0,c1cc(CN2CCc3cc4ncsc4cc3CC2)n[nH]1,nonAC
Cn1cc(cn1)CN2CCc3cc4c(cc3CC2)sc(n4)N,6.06,313.13611660800007,2.2128,1,6,2,22,22,89.92540000000004,59.97,0,c1nc2cc3c(cc2s1)CCN(Cc1cn[nH]c1)CC3,nonAC
c1c2c(cc3c1nc(s3)N)CCN(CC2)Cc4ncon4,5.0,301.09973110000004,1.8623,1,7,2,21,21,81.01540000000003,81.07000000000001,0,c1nc(CN2CCc3cc4ncsc4cc3CC2)no1,nonAC
c1c2c(cc3c1nc(s3)N)CCN(CC2)Cc4cnc[nH]4,5.82,299.12046654400007,2.2024000000000004,2,5,2,21,21,85.30510000000002,70.83,0,c1ncc(CN2CCc3cc4ncsc4cc3CC2)[nH]1,nonAC
c1c2c(cc3c1nc(s3)N)CCN(CC2)Cc4cscn4,5.92,316.081638512,2.9358000000000013,1,6,2,21,21,88.83140000000002,55.04,0,c1nc(CN2CCc3cc4ncsc4cc3CC2)cs1,nonAC
c1c2c(cc3c1nc(s3)N)CCN(CC2)Cc4cnco4,5.6,300.104482132,2.4673000000000007,1,6,2,21,21,83.22040000000003,68.18,0,c1ncc(CN2CCc3cc4ncsc4cc3CC2)o1,nonAC
c1cnccc1CN2CCc3cc4c(cc3CC2)sc(n4)N,5.35,310.125217576,2.8743000000000007,1,5,2,22,22,90.95440000000004,55.040000000000006,0,c1cc(CN2CCc3cc4ncsc4cc3CC2)ccn1,nonAC
c1cc(cnc1)CN2CCc3cc4c(cc3CC2)sc(n4)N,5.77,310.125217576,2.8743000000000007,1,5,2,22,22,90.95440000000004,55.040000000000006,0,c1cncc(CN2CCc3cc4ncsc4cc3CC2)c1,nonAC
c1ccnc(c1)CN2CCc3cc4c(cc3CC2)sc(n4)N,5.1,310.125217576,2.8743000000000007,1,5,2,22,22,90.95440000000004,55.040000000000006,0,c1ccc(CN2CCc3cc4ncsc4cc3CC2)nc1,nonAC
CN(C)C(=O)c1cccc(c1)CN2CCc3cc4c(cc3CC2)sc(n4)N,6.0,380.167082388,3.1811000000000016,1,5,3,27,27,111.17690000000005,62.46000000000001,0,c1ccc(CN2CCc3cc4ncsc4cc3CC2)cc1,nonAC
CN(C)C(=O)c1ccc(cc1)CN2CCc3cc4c(cc3CC2)sc(n4)N,6.52,380.167082388,3.1811000000000016,1,5,3,27,27,111.17690000000005,62.46000000000001,0,c1ccc(CN2CCc3cc4ncsc4cc3CC2)cc1,nonAC
COc1cccc(c1)CN2CCc3cc4c(cc3CC2)sc(n4)N,6.05,339.1405332920001,3.4879000000000016,1,5,3,24,24,99.71140000000004,51.38,0,c1ccc(CN2CCc3cc4ncsc4cc3CC2)cc1,nonAC
COc1ccc(cc1)CN2CCc3cc4c(cc3CC2)sc(n4)N,6.4,339.1405332920001,3.4879000000000016,1,5,3,24,24,99.71140000000004,51.38,0,c1ccc(CN2CCc3cc4ncsc4cc3CC2)cc1,nonAC
c1cc(cc(c1)F)CN2CCc3cc4c(cc3CC2)sc(n4)N,6.4,327.12054679600004,3.618400000000001,1,4,2,23,23,93.11740000000005,42.150000000000006,0,c1ccc(CN2CCc3cc4ncsc4cc3CC2)cc1,nonAC
c1cc(ccc1CN2CCc3cc4c(cc3CC2)sc(n4)N)F,6.22,327.12054679600004,3.618400000000002,1,4,2,23,23,93.11740000000005,42.150000000000006,0,c1ccc(CN2CCc3cc4ncsc4cc3CC2)cc1,nonAC
c1ccc(cc1)CN2CCc3cc4c(cc3CC2)sc(n4)N,5.54,309.12996860800007,3.479300000000001,1,4,2,22,22,93.15940000000002,42.150000000000006,0,c1ccc(CN2CCc3cc4ncsc4cc3CC2)cc1,nonAC
c1ccc(cc1)C(=O)N2CCc3cc4c(cc3CC2)sc(n4)N,5.0,323.1092331640001,3.1195000000000004,1,4,1,23,23,93.78590000000004,59.22,0,O=C(c1ccccc1)N1CCc2cc3ncsc3cc2CC1,nonAC
c1c2c(cc3c1nc(s3)N)CCN(CC2)CCO,5.0,263.109233164,1.2714000000000003,2,5,2,18,18,74.96620000000001,62.38,0,c1nc2cc3c(cc2s1)CCNCC3,nonAC
CN(C)C(=O)CN1CCc2cc3c(cc2CC1)sc(n3)N,5.11,304.13578226000004,1.3672999999999995,1,5,2,21,21,86.57440000000004,62.46000000000001,0,c1nc2cc3c(cc2s1)CCNCC3,nonAC
c1c2c(cc3c1nc(s3)N)CCN(CC2)CC(F)(F)F,4.52,301.086053108,2.841400000000001,1,4,1,20,20,73.93540000000002,42.15,0,c1nc2cc3c(cc2s1)CCNCC3,nonAC
c1c2c(cc3c1nc(s3)N)CCN(CC2)C4CC4,5.35,259.114318544,2.4415000000000004,1,4,1,18,18,76.03540000000002,42.15,0,c1nc2cc3c(cc2s1)CCN(C1CC1)CC3,nonAC
CCN1CCc2cc3c(cc2CC1)sc(n3)N,4.72,247.114318544,2.299,1,4,1,17,17,73.55440000000003,42.150000000000006,0,c1nc2cc3c(cc2s1)CCNCC3,nonAC
CN1CCc2cc3c(cc2CC1)sc(n3)N,5.85,233.09866848,1.9089,1,4,0,16,16,68.93740000000003,42.150000000000006,0,c1nc2cc3c(cc2s1)CCNCC3,nonAC
c1c2c(cc3c1nc(s3)N)CCNCC2,5.12,219.083018416,1.5667000000000002,2,4,0,15,15,64.31010000000002,50.94,0,c1nc2cc3c(cc2s1)CCNCC3,nonAC
CCNC1Cc2cc3c(cc2C1)sc(n3)N,6.17,233.09866848,1.9552,2,4,2,16,16,68.90510000000002,50.94,0,c1nc2cc3c(cc2s1)CCC3,nonAC
c1ccc(cc1)c2cccc(c2)CN3CCN(CC3)c4cccc5c4oc(=O)[nH]5,8.54,385.179026976,4.110300000000002,1,4,4,29,29,116.20270000000004,52.48,0,O=c1[nH]c2cccc(N3CCN(Cc4cccc(-c5ccccc5)c4)CC3)c2o1,nonAC
c1cc(c(c(c1)Cl)Cl)N2CCN(CC2)CCCCOc3ccc4c(c3)NC(=O)CC4,7.9475,447.148032464,4.859300000000005,1,4,7,30,30,123.23670000000004,44.81,0,O=C1CCc2ccc(OCCCCN3CCN(c4ccccc4)CC3)cc2N1,nonAC
c1cc(ccc1C(=O)NCCN2CCC(CC2)n3c4ccc(cc4[nH]c3=O)Cl)F,8.16,416.141531844,3.189000000000001,2,4,5,29,29,111.01290000000004,70.13,0,O=C(NCCN1CCC(n2c(=O)[nH]c3ccccc32)CC1)c1ccccc1,nonAC
COc1cc2c(cc1OC)C3Cc4ccc(c(c4CN3CC2)OC)O,4.73,341.162708216,3.073500000000001,1,5,3,25,25,94.76380000000006,51.16,0,c1ccc2c(c1)CC1c3ccccc3CCN1C2,nonAC
COc1c(ccc2c1CN3CCc4cc5c(cc4C3C2)OCO5)O,6.0,325.13140808799994,2.785000000000001,1,5,1,24,24,87.78280000000005,51.16,0,c1ccc2c(c1)CC1c3cc4c(cc3CCN1C2)OCO4,nonAC
COc1ccc2c(c1)CCN3C2CC(CC3)(c4ccc(cc4)Cl)O,6.0,343.133906624,3.9294000000000033,1,3,2,24,24,95.59480000000003,32.7,0,c1ccc(C2CCN3CCc4ccccc4C3C2)cc1,AC
COc1cc2c(cc1O)C3CC(CCN3CC2)(c4ccc(cc4)Cl)O,6.42,359.128821244,3.635000000000003,2,4,2,25,25,97.25960000000003,52.93000000000001,0,c1ccc(C2CCN3CCc4ccccc4C3C2)cc1,AC
Cc1cc2c(cc1O)C3CC(CCN3CC2)(c4ccc(cc4)Cl)O,6.66,343.133906624,3.934820000000004,2,3,1,24,24,95.44460000000004,43.7,0,c1ccc(C2CCN3CCc4ccccc4C3C2)cc1,AC
Cc1cc2c(cc1O)C3CC(CCN3CC2)(c4ccc(cc4)Cl)O,6.82,343.133906624,3.934820000000004,2,3,1,24,24,95.44460000000004,43.7,0,c1ccc(C2CCN3CCc4ccccc4C3C2)cc1,AC
COc1cc2c(cc1O)C3CC(CCN3CC2)(c4ccc(cc4)OC(F)(F)F)O,8.22,409.150092844,3.880200000000003,2,5,3,29,29,98.93260000000004,62.16000000000001,0,c1ccc(C2CCN3CCc4ccccc4C3C2)cc1,AC
c1ccc2c(c1)N(c3cc(ccc3S2)Cl)CCCN4CCN(CC4)CCO,9.52,403.148511132,3.942700000000003,1,5,6,27,27,113.60580000000006,29.950000000000003,0,c1ccc2c(c1)Sc1ccccc1N2CCCN1CCNCC1,nonAC
Cc1cc(=O)oc2c1ccc(c2Cl)OCCCCN3CCC(CC3)c4c5ccc(cc5on4)F,7.58,484.156513212,6.073720000000006,0,6,7,34,34,129.34200000000004,68.71000000000001,0,O=c1ccc2ccc(OCCCCN3CCC(c4noc5ccccc45)CC3)cc2o1,nonAC
COc1cccc(c1)Nc2c3c(nc(n2)Cc4ccccc4)CCNCC3,6.79,360.195011388,3.5078000000000014,2,5,5,27,27,107.83440000000004,59.07,0,c1ccc(Cc2nc3c(c(Nc4ccccc4)n2)CCNCC3)cc1,nonAC
c1ccc(cc1)Cc2nc3c(c(n2)Nc4ccccc4)CCNCC3,6.83,330.18444670400004,3.499200000000001,2,4,4,25,25,101.28240000000004,49.84,0,c1ccc(Cc2nc3c(c(Nc4ccccc4)n2)CCNCC3)cc1,nonAC
c1ccc(cc1)Cc2nc3c(c(n2)Nc4cccc(c4)Cl)CCNCC3,7.07,364.145474352,4.152600000000002,2,4,4,26,26,106.29240000000004,49.84,0,c1ccc(Cc2nc3c(c(Nc4ccccc4)n2)CCNCC3)cc1,nonAC
c1ccc(cc1)Cc2nc3c(c(n2)Nc4cccc(c4)F)CCNCC3,7.2,348.17502489200007,3.638300000000001,2,4,4,26,26,101.24040000000004,49.84,0,c1ccc(Cc2nc3c(c(Nc4ccccc4)n2)CCNCC3)cc1,nonAC
COc1ccccc1N2CCN(CC2)CCCCCN3Cc4ccc5ccccc5c4C3=O,8.46,443.257277296,4.796700000000005,0,4,8,33,33,134.18649999999997,36.02,0,O=C1c2c(ccc3ccccc23)CN1CCCCCN1CCN(c2ccccc2)CC1,nonAC
CN(C)CCCN1c2ccccc2CCc3c1cccc3,6.39,280.193948768,3.875000000000004,0,2,4,21,21,90.46900000000008,6.48,0,c1ccc2c(c1)CCc1ccccc1N2,nonAC
c1cc(c(cc1CCN)O)O,5.0,153.078978592,0.5989999999999995,3,3,2,11,11,42.53000000000001,66.48,0,c1ccccc1,nonAC
c1cc2c(cc1N)cc(c(=O)o2)CN3CCCC3,4.79,244.121177752,1.971,1,4,2,18,18,71.40740000000002,59.470000000000006,0,O=c1oc2ccccc2cc1CN1CCCC1,nonAC
CN1CCc2cccc-3c2C1Cc4c3c(c(cc4)O)O,7.655,267.125928784,2.8499000000000017,2,3,0,20,20,77.98660000000002,43.7,0,c1ccc2c(c1)CC1NCCc3cccc-2c31,nonAC
CN(C)C(=O)NC1CCC(CC1)CCN2CCN(CC2)c3cccc(c3Cl)Cl,8.775,426.195317004,4.335500000000003,1,3,5,28,28,117.69670000000004,38.82000000000001,0,c1ccc(N2CCN(CCC3CCCCC3)CC2)cc1,nonAC
c1cc(c(c(c1)Cl)Cl)N2CCN(CC2)CCCCOc3ccn4c(c3)c(cn4)C=O,6.44,446.127631368,4.434800000000004,0,6,8,30,30,120.42350000000005,50.080000000000005,0,c1ccc(N2CCN(CCCCOc3ccn4nccc4c3)CC2)cc1,nonAC
c1cc(c(c(c1)Cl)Cl)N2CCN(CC2)CCCCOc3ccn4c(c3)cc(n4)C=O,7.6,446.127631368,4.434800000000004,0,6,8,30,30,120.42350000000005,50.080000000000005,0,c1ccc(N2CCN(CCCCOc3ccn4nccc4c3)CC2)cc1,nonAC
c1cc(c(c(c1)Cl)Cl)N2CCN(CC2)CCCCOc3ccn4c(c3)c(cn4)C=NO,8.42,461.1385304,4.430400000000003,1,7,8,31,31,124.41650000000004,65.60000000000001,0,c1ccc(N2CCN(CCCCOc3ccn4nccc4c3)CC2)cc1,nonAC
CC(C)(C)C1(CCN2CC3c4ccccc4CCc5c3c(ccc5)C2C1)O,8.63,361.240564612,4.8448000000000055,1,2,0,27,27,110.08780000000006,23.47,0,c1ccc2c(c1)CCc1cccc3c1C2CN1CCCCC31,nonAC
CC(C)(C)OC(=O)NCCN1CCN(CC1)c2ccccc2OC,7.03,335.220891788,2.3419,1,5,5,24,24,95.88370000000008,54.040000000000006,0,c1ccc(N2CCNCC2)cc1,nonAC
CC(C)(C)OC(=O)NCCCCCCN1CCN(CC1)c2ccccc2OC,8.4,391.283492044,3.902300000000003,1,5,9,28,28,114.35170000000006,54.040000000000006,0,c1ccc(N2CCNCC2)cc1,nonAC
COc1ccccc1N2CCN(CC2)CCCCNC(=O)c3cn4ccccc4n3,7.885,407.232125168,2.6751000000000005,1,6,8,30,30,118.40620000000004,62.11,0,O=C(NCCCCN1CCN(c2ccccc2)CC1)c1cn2ccccc2n1,nonAC
c1ccn2cc(nc2c1)C(=O)NCCCCN3CCN(CC3)c4cccc(c4Cl)Cl,7.75333333333,445.14361578,3.9733000000000014,1,5,7,30,30,121.87420000000002,52.88000000000001,0,O=C(NCCCCN1CCN(c2ccccc2)CC1)c1cn2ccccc2n1,nonAC
c1ccn2cc(nc2c1)C(=O)NCCCCN3CCN(CC3)c4cccc(c4)C(F)(F)F,7.22,445.208945112,3.6853000000000025,1,5,7,32,32,116.85620000000004,52.88000000000001,0,O=C(NCCCCN1CCN(c2ccccc2)CC1)c1cn2ccccc2n1,nonAC
c1ccc2c(c1)c(ccn2)N3CCN(CC3)CCCCNC(=O)c4cn5ccccc5n4,6.79,428.232459516,3.214700000000001,1,6,7,32,32,127.15520000000004,65.77000000000001,0,O=C(NCCCCN1CCN(c2ccnc3ccccc23)CC1)c1cn2ccccc2n1,nonAC
c1ccc2c(c1)c(ncn2)N3CCN(CC3)CCCCNC(=O)c4cn5ccccc5n4,6.61,429.22770848400006,2.6097,1,7,7,32,32,124.95020000000004,78.66000000000001,0,O=C(NCCCCN1CCN(c2ncnc3ccccc23)CC1)c1cn2ccccc2n1,nonAC
CCCCc1cc2c(s1)CC3c4cc(c(cc4CCN3C2)OC)O,6.04,343.16060004,4.460400000000005,1,4,4,24,24,98.14880000000008,32.7,0,c1ccc2c(c1)CCN1Cc3ccsc3CC21,nonAC
CC(C)Cc1cc2c(s1)CC3c4cc(c(cc4CCN3C2)OC)O,6.8,343.16060004,4.316300000000005,1,4,3,24,24,98.07880000000009,32.7,0,c1ccc2c(c1)CCN1Cc3ccsc3CC21,nonAC
COc1ccc(cc1)CN2CCOC(C2)CCc3ccccc3,4.78,311.18852904000005,3.528800000000002,0,3,6,23,23,92.77400000000006,21.700000000000003,0,c1ccc(CCC2CN(Cc3ccccc3)CCO2)cc1,nonAC
c1ccc(cc1)CCC2CN(CCO2)Cc3ccc(cc3)O,4.78,297.172878976,3.2258000000000027,1,3,5,22,22,87.88680000000005,32.7,0,c1ccc(CCC2CN(Cc3ccccc3)CCO2)cc1,nonAC
c1ccc2c(c1)cc([nH]2)C(=O)NCCC(CN3CCN(CC3)c4cccc(c4Cl)Cl)O,5.36,460.143281432,3.7777000000000025,3,4,7,31,31,126.37070000000004,71.60000000000001,0,O=C(NCCCCN1CCN(c2ccccc2)CC1)c1cc2ccccc2[nH]1,nonAC
c1ccc2c(c1)cccc2N3CCN(CC3)CCCCNC(=O)c4cc5ccccc5[nH]4,7.06,426.24196158,4.653300000000002,2,3,7,32,32,132.4669,51.37,0,O=C(NCCCCN1CCN(c2cccc3ccccc23)CC1)c1cc2ccccc2[nH]1,nonAC
c1cc(c(c(c1)Cl)Cl)N2CCN(CC2)CCCCNC(=O)c3cc4cc(ccc4[nH]3)F,6.25,462.138945,4.946000000000004,2,3,7,31,31,124.93890000000005,51.37,0,O=C(NCCCCN1CCN(c2ccccc2)CC1)c1cc2ccccc2[nH]1,nonAC
c1ccc2c(c1)cccc2N3CCN(CC3)CCCCNC(=O)c4cc5ccccc5nc4,7.54,438.24196158,4.720200000000003,1,4,7,33,33,135.91119999999998,48.47,0,O=C(NCCCCN1CCN(c2cccc3ccccc23)CC1)c1cnc2ccccc2c1,nonAC
c1ccc2c(c1)cccc2N3CCN(CC3)CC(CCNC(=O)c4cc5ccccc5nc4)O,6.14,454.2368762,3.691000000000002,2,5,7,34,34,137.301,68.7,0,O=C(NCCCCN1CCN(c2cccc3ccccc23)CC1)c1cnc2ccccc2c1,nonAC
COc1c(cccc1Cl)N2CCN(CC2)CCCCNC(=O)c3cc4ccccc4nc3,7.2,452.19790384800007,4.229000000000004,1,5,8,32,32,129.96720000000002,57.7,0,O=C(NCCCCN1CCN(c2ccccc2)CC1)c1cnc2ccccc2c1,nonAC
CC1CN(CCN1C(=O)Oc2cc3c(cc2OC)ncnc3Nc4cccc(c4F)Cl)C,6.1,459.14734549600007,4.309200000000003,1,7,4,32,32,120.47170000000004,79.82000000000001,0,O=C(Oc1ccc2ncnc(Nc3ccccc3)c2c1)N1CCNCC1,nonAC
c1ccnc(c1)c2ccc(cc2)C(=O)NCCC(CN3CCN(CC3)c4cccc(c4Cl)Cl)O,7.8,498.158931496,4.358400000000004,2,5,8,34,34,137.74499999999992,68.7,0,O=C(NCCCCN1CCN(c2ccccc2)CC1)c1ccc(-c2ccccn2)cc1,nonAC
CNC(=O)c1cc(ccc1F)OCCCCN2CCC(CC2)c3c4ccc(cc4on3)F,7.64,443.202048164,4.504200000000004,1,5,8,32,32,116.90120000000006,67.6,0,c1ccc(OCCCCN2CCC(c3noc4ccccc34)CC2)cc1,nonAC
CNC(=O)c1cccc(c1)OCCCCN2CCC(CC2)c3c4ccc(cc4on3)F,8.07,425.211469976,4.365100000000004,1,5,8,31,31,116.94320000000006,67.6,0,c1ccc(OCCCCN2CCC(c3noc4ccccc34)CC2)cc1,nonAC
CNC(=O)c1ccc(cc1)OCCCCN2CCN(CC2)c3cccc(c3Cl)Cl,7.16,435.148032464,4.334200000000004,1,4,8,29,29,119.67620000000004,44.81,0,c1ccc(OCCCCN2CCN(c3ccccc3)CC2)cc1,AC
CNC(=O)c1ccccc1OCCCCN2CCN(CC2)c3cccc(c3Cl)Cl,6.78,435.148032464,4.334200000000004,1,4,8,29,29,119.67620000000004,44.81,0,c1ccc(OCCCCN2CCN(c3ccccc3)CC2)cc1,AC
CC(=O)Nc1cccc(c1)OCCCCN2CCN(CC2)c3cccc(c3Cl)Cl,7.01,435.148032464,4.933000000000005,1,4,8,29,29,120.58970000000004,44.81,0,c1ccc(OCCCCN2CCN(c3ccccc3)CC2)cc1,AC
CNC(=O)c1cccc(c1)OCCCCN2CCN(CC2)c3c4ccccc4sn3,8.0,424.193297136,3.637100000000003,1,6,8,30,30,122.83420000000004,57.7,0,c1ccc(OCCCCN2CCN(c3nsc4ccccc34)CC2)cc1,nonAC
CNC(=O)c1cc(ccc1F)OCCCCN2CCN(CC2)c3c4ccccc4sn3,7.92,442.183875324,3.776200000000003,1,6,8,31,31,122.79220000000004,57.7,0,c1ccc(OCCCCN2CCN(c3nsc4ccccc34)CC2)cc1,nonAC
CNC(=O)c1cccc(c1)OCCCCN2CCN(CC2)c3cccc4c3ccs4,7.04,423.198048168,4.242100000000003,1,5,8,30,30,125.03920000000004,44.81,0,c1ccc(OCCCCN2CCN(c3cccc4sccc34)CC2)cc1,nonAC
CNC(=O)c1cc(ccc1F)OCCCCN2CCN(CC2)c3cccc4c3ccs4,7.37,441.188626356,4.381200000000004,1,5,8,31,31,124.99720000000003,44.81,0,c1ccc(OCCCCN2CCN(c3cccc4sccc34)CC2)cc1,nonAC
CNC(=O)c1cccc(c1)OCCCCN2CCN(CC2)c3cccc4c3OC(O4)(F)F,8.39,447.196962784,3.348900000000002,1,6,8,32,32,115.85920000000004,63.27000000000001,0,c1ccc(OCCCCN2CCN(c3cccc4c3OCO4)CC2)cc1,nonAC
CNC(=O)c1cc(ccc1F)OCCCCN2CCN(CC2)c3cccc4c3OC(O4)(F)F,7.52,465.187540972,3.488000000000002,1,6,8,33,33,115.81720000000004,63.27000000000001,0,c1ccc(OCCCCN2CCN(c3cccc4c3OCO4)CC2)cc1,nonAC
CNC(=O)c1cccc(c1)OCCCCN2CCN(CC2)c3cccc(c3Cl)Cl,7.5,435.148032464,4.334200000000004,1,4,8,29,29,119.67620000000004,44.81,0,c1ccc(OCCCCN2CCN(c3ccccc3)CC2)cc1,AC
c1cc(cc(c1)OCCCCN2CCN(CC2)c3cccc(c3Cl)Cl)C(=O)N,7.26,421.1323824,4.073500000000003,1,4,8,28,28,114.80390000000006,58.8,0,c1ccc(OCCCCN2CCN(c3ccccc3)CC2)cc1,AC
CCNC(=O)c1cccc(c1)OCCCCN2CCN(CC2)c3cccc(c3Cl)Cl,6.94,449.163682528,4.724300000000005,1,4,9,30,30,124.29320000000004,44.81,0,c1ccc(OCCCCN2CCN(c3ccccc3)CC2)cc1,AC
CCCCCNC(=O)c1cccc(c1)OCCCCN2CCN(CC2)c3cccc(c3Cl)Cl,7.78,491.21063272,5.894600000000007,1,4,12,33,33,138.1441999999999,44.81,0,c1ccc(OCCCCN2CCN(c3ccccc3)CC2)cc1,AC
Cc1ccc(cc1C(=O)NC)OCCCCN2CCN(CC2)c3cccc(c3Cl)Cl,8.01,449.163682528,4.642620000000004,1,4,8,30,30,124.41320000000005,44.81,0,c1ccc(OCCCCN2CCN(c3ccccc3)CC2)cc1,AC
CNC(=O)c1cc(ccc1F)OCCCCN2CCN(CC2)c3cccc(c3Cl)Cl,7.41,453.138610652,4.4733000000000045,1,4,8,30,30,119.63420000000002,44.81,0,c1ccc(OCCCCN2CCN(c3ccccc3)CC2)cc1,AC
Cc1c(cccc1OCCCCN2CCN(CC2)c3cccc(c3Cl)Cl)C(=O)NC,5.44,449.163682528,4.642620000000004,1,4,8,30,30,124.41320000000006,44.81,0,c1ccc(OCCCCN2CCN(c3ccccc3)CC2)cc1,AC
CNC(=O)c1ccc(c(c1)OCCCCN2CCN(CC2)c3cccc(c3Cl)Cl)OC,7.92,465.158597148,4.342800000000004,1,5,9,31,31,126.22820000000004,54.040000000000006,0,c1ccc(OCCCCN2CCN(c3ccccc3)CC2)cc1,AC
CNC(=O)c1cc(ccc1Cl)OCCCCN2CCN(CC2)c3cccc(c3Cl)Cl,7.46,469.109060112,4.987600000000005,1,4,8,30,30,124.6862,44.81,0,c1ccc(OCCCCN2CCN(c3ccccc3)CC2)cc1,AC
Cc1cc(cc(c1)OCCCCN2CCN(CC2)c3cccc(c3Cl)Cl)C(=O)NC,7.05,449.163682528,4.642620000000004,1,4,8,30,30,124.41320000000006,44.81,0,c1ccc(OCCCCN2CCN(c3ccccc3)CC2)cc1,AC
CC(=O)c1cc(cc(c1)OCCCCN2CCN(CC2)c3cccc(c3Cl)Cl)C(=O)NC,7.42,477.158597148,4.536800000000004,1,5,9,32,32,129.68070000000003,61.88,0,c1ccc(OCCCCN2CCN(c3ccccc3)CC2)cc1,AC
CNC(=O)c1ccc(c(c1)OCCCCN2CCN(CC2)c3cccc(c3Cl)Cl)Cl,7.23,469.109060112,4.987600000000004,1,4,8,30,30,124.68620000000004,44.81,0,c1ccc(OCCCCN2CCN(c3ccccc3)CC2)cc1,AC
CNC(=O)c1cc(cc(c1)F)OCCCCN2CCN(CC2)c3cccc(c3Cl)Cl,5.8,453.138610652,4.4733000000000045,1,4,8,30,30,119.63420000000002,44.81,0,c1ccc(OCCCCN2CCN(c3ccccc3)CC2)cc1,AC
CNC(=O)c1cccc(c1OC)OCCCCN2CCN(CC2)c3cccc(c3Cl)Cl,6.7,465.158597148,4.342800000000004,1,5,9,31,31,126.22820000000004,54.040000000000006,0,c1ccc(OCCCCN2CCN(c3ccccc3)CC2)cc1,AC
CNC(=O)c1cccc(c1F)OCCCCN2CCN(CC2)c3cccc(c3Cl)Cl,6.77,453.138610652,4.4733000000000045,1,4,8,30,30,119.63420000000002,44.81,0,c1ccc(OCCCCN2CCN(c3ccccc3)CC2)cc1,AC
